CALL_TIME,lang,mainOption,subOption,IVRPosition,existingFault,suspendedAsset,dataLimitExceed,extraGBAdded,validAccount,outstanding,selectedQueue,enteredQueue,isAnswered,queue_time,talk_time,total_time,Column1,queue+talk,time_less_100,time_less_200,time_less_300,time_less_500,time_greater_500,CALL_DATE,CALL_TIME_ONLY,mainOption_clean,subOption_clean,Combination
2026-05-13 23:59:00,S,7.0,,S7,NO,NO,NO,NO,True,6467.85,S7,YES,YES,273,85,447,,358,False,False,False,True,False,2026-05-13,23:59:00,7,Null,7 + Null
2026-05-13 23:59:00,S,4.0,extragb,S4112,NO,NO,NO,NO,True,2979.45,S41,NO,NO,0,0,60,,0,True,True,True,True,False,2026-05-13,23:59:00,4,extragb,4 + extragb
2026-05-13 23:59:00,S,1.0,,S1,NO,NO,NO,NO,True,-84.53,S1,YES,YES,225,172,480,,397,False,False,False,True,False,2026-05-13,23:59:00,1,Null,1 + Null
2026-05-13 23:59:00,S,1.0,,SLty1,NO,NO,NO,NO,False,,S1,YES,NO,0,0,129,,0,False,True,True,True,False,2026-05-13,23:59:00,1,Null,1 + Null
2026-05-13 23:59:00,S,,,S,NO,NO,NO,NO,False,,,NO,NO,0,0,74,,0,True,True,True,True,False,2026-05-13,23:59:00,Null,Null,Null + Null
2026-05-13 23:59:00,S,2.0,peotv,S21,NO,YES,NO,NO,True,-435.55,S2,YES,YES,291,43,405,,334,False,False,False,True,False,2026-05-13,23:59:00,2,peotv,2 + peotv
2026-05-13 23:59:00,S,4.0,extragb,S4112,NO,NO,NO,NO,True,8515.52,S41,NO,NO,0,0,65,,0,True,True,True,True,False,2026-05-13,23:59:00,4,extragb,4 + extragb
2026-05-13 23:59:00,T,,,T,NO,NO,NO,NO,False,,,NO,NO,0,0,10,,0,True,True,True,True,False,2026-05-13,23:59:00,Null,Null,Null + Null
2026-05-13 23:58:00,S,2.0,voice,MOBITEL_S23,NO,NO,NO,NO,True,1136.81,S2,NO,NO,0,0,124,,0,False,True,True,True,False,2026-05-13,23:58:00,2,voice,2 + voice
2026-05-13 23:58:00,S,4.0,extragb,S41i,NO,NO,NO,NO,False,,S41,YES,NO,0,0,136,,0,False,True,True,True,False,2026-05-13,23:58:00,4,extragb,4 + extragb
2026-05-13 23:58:00,S,2.0,broadband,S22,NO,NO,NO,NO,True,-5090.17,S2,YES,YES,229,101,416,,330,False,False,False,True,False,2026-05-13,23:58:00,2,broadband,2 + broadband
2026-05-13 23:58:00,S,4.0,extragb,S411,NO,NO,NO,NO,True,19567.94,S41,NO,NO,0,0,34,,0,True,True,True,True,False,2026-05-13,23:58:00,4,extragb,4 + extragb
2026-05-13 23:58:00,S,2.0,broadband,MOBITEL_S221,NO,YES,NO,NO,True,4991.15,S2,YES,YES,244,42,381,,286,False,False,False,True,False,2026-05-13,23:58:00,2,broadband,2 + broadband
2026-05-13 23:58:00,S,,,S,NO,NO,NO,NO,False,,,NO,NO,0,0,444,,0,False,False,False,True,False,2026-05-13,23:58:00,Null,Null,Null + Null
2026-05-13 23:58:00,S,3.0,,S3,NO,NO,NO,NO,True,-14.39,S3,NO,NO,0,0,89,,0,True,True,True,True,False,2026-05-13,23:58:00,3,Null,3 + Null
2026-05-13 23:58:00,S,4.0,extragb,S4111,NO,NO,NO,YES,True,2988.46,S41,NO,NO,0,0,53,,0,True,True,True,True,False,2026-05-13,23:58:00,4,extragb,4 + extragb
2026-05-13 23:58:00,S,4.0,extragb,S411,NO,NO,NO,NO,True,19567.94,S41,NO,NO,0,0,26,,0,True,True,True,True,False,2026-05-13,23:58:00,4,extragb,4 + extragb
2026-05-13 23:57:00,S,7.0,,S7,NO,NO,NO,NO,True,2886.31,S7,YES,NO,0,0,133,,0,False,True,True,True,False,2026-05-13,23:57:00,7,Null,7 + Null
2026-05-13 23:57:00,S,2.0,broadband,S221,NO,YES,NO,NO,True,18216.77,S2,YES,YES,204,88,354,,292,False,False,False,True,False,2026-05-13,23:57:00,2,broadband,2 + broadband
2026-05-13 23:57:00,S,4.0,extragb,S4111,NO,NO,NO,YES,True,29428.83,S41,NO,NO,0,0,35,,0,True,True,True,True,False,2026-05-13,23:57:00,4,extragb,4 + extragb
2026-05-13 23:57:00,S,4.0,addon,S41211,NO,NO,YES,YES,True,2143459.83,S41,NO,NO,0,0,129,,0,False,True,True,True,False,2026-05-13,23:57:00,4,addon,4 + addon
2026-05-13 23:57:00,S,4.0,extragb,S411,NO,NO,NO,NO,True,2640.14,S41,YES,YES,209,55,312,,264,False,False,False,True,False,2026-05-13,23:57:00,4,extragb,4 + extragb
2026-05-13 23:57:00,T,,,T,NO,NO,NO,NO,False,,,NO,NO,0,0,246,,0,False,False,True,True,False,2026-05-13,23:57:00,Null,Null,Null + Null
2026-05-13 23:57:00,T,7.0,,MOBITEL_T7,NO,NO,NO,NO,False,,T7,YES,YES,0,20,139,,20,False,True,True,True,False,2026-05-13,23:57:00,7,Null,7 + Null
2026-05-13 23:57:00,S,7.0,,S7,NO,NO,NO,NO,True,11568.52,S7,YES,NO,0,0,306,,0,False,False,False,True,False,2026-05-13,23:57:00,7,Null,7 + Null
2026-05-13 23:57:00,S,2.0,peotv,S211,NO,YES,NO,NO,True,3043.58,S2,YES,YES,208,52,388,,260,False,False,False,True,False,2026-05-13,23:57:00,2,peotv,2 + peotv
2026-05-13 23:57:00,S,,,S,NO,NO,NO,NO,False,,,NO,NO,0,0,772,,0,False,False,False,False,True,2026-05-13,23:57:00,Null,Null,Null + Null
2026-05-13 23:57:00,S,4.0,extragb,S4112,NO,NO,NO,NO,True,-37.06,S41,NO,NO,0,0,67,,0,True,True,True,True,False,2026-05-13,23:57:00,4,extragb,4 + extragb
2026-05-13 23:57:00,S,4.0,extragb,S4111,NO,NO,NO,YES,True,5625.11,S41,NO,NO,0,0,44,,0,True,True,True,True,False,2026-05-13,23:57:00,4,extragb,4 + extragb
2026-05-13 23:57:00,S,4.0,extragb,S4111,NO,NO,NO,YES,True,14521.03,S41,NO,NO,0,0,92,,0,True,True,True,True,False,2026-05-13,23:57:00,4,extragb,4 + extragb
2026-05-13 23:57:00,S,4.0,extragb,S41t,NO,NO,NO,NO,True,2970.14,S41,YES,NO,0,0,305,,0,False,False,False,True,False,2026-05-13,23:57:00,4,extragb,4 + extragb
2026-05-13 23:57:00,S,,,S,NO,NO,NO,NO,False,,,NO,NO,0,0,184,,0,False,True,True,True,False,2026-05-13,23:57:00,Null,Null,Null + Null
2026-05-13 23:57:00,S,7.0,,S7,NO,NO,NO,NO,True,1603.97,S7,YES,YES,162,179,374,,341,False,False,False,True,False,2026-05-13,23:57:00,7,Null,7 + Null
2026-05-13 23:57:00,S,,,S,NO,NO,NO,NO,False,,,NO,NO,0,0,24,,0,True,True,True,True,False,2026-05-13,23:57:00,Null,Null,Null + Null
2026-05-13 23:56:00,S,2.0,peotv,S21,NO,NO,NO,NO,True,3874.59,S2,YES,YES,222,39,305,,261,False,False,False,True,False,2026-05-13,23:56:00,2,peotv,2 + peotv
2026-05-13 23:56:00,S,2.0,peotv,S211,NO,YES,NO,NO,True,3110.9,S2,YES,YES,190,88,350,,278,False,False,False,True,False,2026-05-13,23:56:00,2,peotv,2 + peotv
2026-05-13 23:56:00,S,,,S,NO,NO,NO,NO,False,,S6,NO,YES,179,117,357,,296,False,False,False,True,False,2026-05-13,23:56:00,Null,Null,Null + Null
2026-05-13 23:56:00,S,2.0,broadband,S22,YES,NO,NO,NO,True,95.42,S2,YES,YES,197,81,362,,278,False,False,False,True,False,2026-05-13,23:56:00,2,broadband,2 + broadband
2026-05-13 23:56:00,S,,,S,NO,NO,NO,NO,False,,,NO,NO,0,0,69,,0,True,True,True,True,False,2026-05-13,23:56:00,Null,Null,Null + Null
2026-05-13 23:56:00,S,4.0,extragb,S4111,NO,NO,NO,YES,True,11549.26,S41,NO,NO,0,0,26,,0,True,True,True,True,False,2026-05-13,23:56:00,4,extragb,4 + extragb
2026-05-13 23:56:00,S,1.0,,S1,NO,NO,NO,NO,True,11830.37,S1,YES,YES,327,501,899,,828,False,False,False,False,True,2026-05-13,23:56:00,1,Null,1 + Null
2026-05-13 23:56:00,S,1.0,,SLty1,NO,NO,NO,NO,False,,S1,YES,YES,162,122,339,,284,False,False,False,True,False,2026-05-13,23:56:00,1,Null,1 + Null
2026-05-13 23:56:00,S,,,S,NO,NO,NO,NO,False,,,NO,NO,0,0,22,,0,True,True,True,True,False,2026-05-13,23:56:00,Null,Null,Null + Null
2026-05-13 23:55:00,T,7.0,,T7,NO,NO,NO,NO,True,2700.84,T7,YES,YES,0,112,251,,112,False,False,True,True,False,2026-05-13,23:55:00,7,Null,7 + Null
2026-05-13 23:55:00,S,,,S,NO,NO,NO,NO,False,,,NO,NO,0,0,24,,0,True,True,True,True,False,2026-05-13,23:55:00,Null,Null,Null + Null
2026-05-13 23:55:00,S,6.0,1,S1,NO,NO,NO,NO,,,ECS,YES,YES,247,249,521,,496,False,False,False,False,True,2026-05-13,23:55:00,6,1,6 + 1
2026-05-13 23:55:00,S,4.0,extragb,S4111,NO,NO,NO,YES,True,18507.92,S41,NO,NO,0,0,33,,0,True,True,True,True,False,2026-05-13,23:55:00,4,extragb,4 + extragb
2026-05-13 23:55:00,S,1.0,,SLty1,NO,NO,NO,NO,False,,S1,YES,YES,195,92,347,,287,False,False,False,True,False,2026-05-13,23:55:00,1,Null,1 + Null
2026-05-13 23:55:00,S,,,MOBITEL_S,NO,NO,NO,NO,False,,,NO,NO,0,0,5,,0,True,True,True,True,False,2026-05-13,23:55:00,Null,Null,Null + Null
2026-05-13 23:54:00,S,4.0,extragb,S4111,NO,NO,NO,YES,True,13198.22,S41,NO,NO,0,0,37,,0,True,True,True,True,False,2026-05-13,23:54:00,4,extragb,4 + extragb
2026-05-13 23:54:00,S,,,S,NO,NO,NO,NO,False,,,NO,NO,0,0,26,,0,True,True,True,True,False,2026-05-13,23:54:00,Null,Null,Null + Null
2026-05-13 23:54:00,S,2.0,peotv,S21,NO,NO,NO,NO,True,-86.6,S2,YES,YES,186,62,359,,248,False,False,False,True,False,2026-05-13,23:54:00,2,peotv,2 + peotv
2026-05-13 23:54:00,S,3.0,,S3,NO,NO,NO,NO,True,79.24,S3,YES,NO,0,0,160,,0,False,True,True,True,False,2026-05-13,23:54:00,3,Null,3 + Null
2026-05-13 23:54:00,S,7.0,,S7,NO,NO,NO,NO,True,25261.8,S7,YES,NO,0,0,130,,0,False,True,True,True,False,2026-05-13,23:54:00,7,Null,7 + Null
2026-05-13 23:54:00,T,2.0,,MOBITEL_T2,NO,NO,NO,NO,False,,T2,NO,NO,0,0,96,,0,True,True,True,True,False,2026-05-13,23:54:00,2,Null,2 + Null
2026-05-13 23:54:00,S,7.0,,S7,NO,NO,NO,NO,True,8457.67,S7,YES,YES,234,120,450,,354,False,False,False,True,False,2026-05-13,23:54:00,7,Null,7 + Null
2026-05-13 23:54:00,S,2.0,broadband,S221,NO,YES,NO,NO,True,7257.12,S2,YES,NO,0,0,181,,0,False,True,True,True,False,2026-05-13,23:54:00,2,broadband,2 + broadband
2026-05-13 23:53:00,S,1.0,,SLty1,NO,NO,NO,NO,False,,S1,YES,YES,284,229,561,,513,False,False,False,False,True,2026-05-13,23:53:00,1,Null,1 + Null
2026-05-13 23:53:00,S,4.0,extragb,S4112,NO,NO,NO,NO,True,-1.54,S41,NO,NO,0,0,52,,0,True,True,True,True,False,2026-05-13,23:53:00,4,extragb,4 + extragb
2026-05-13 23:53:00,S,2.0,peotv,S21,NO,NO,NO,NO,True,0.58,S2,YES,YES,234,120,427,,354,False,False,False,True,False,2026-05-13,23:53:00,2,peotv,2 + peotv
2026-05-13 23:53:00,S,2.0,broadband,S221,NO,YES,NO,NO,True,6277.58,S2,YES,YES,244,69,411,,313,False,False,False,True,False,2026-05-13,23:53:00,2,broadband,2 + broadband
2026-05-13 23:53:00,S,3.0,,S3,NO,NO,NO,NO,True,51903.63,S3,YES,YES,168,43,272,,211,False,False,True,True,False,2026-05-13,23:53:00,3,Null,3 + Null
2026-05-13 23:53:00,E,4.0,extragb,MOBITEL_E4112,NO,NO,NO,NO,True,3536.84,E41,NO,NO,0,0,39,,0,True,True,True,True,False,2026-05-13,23:53:00,4,extragb,4 + extragb
2026-05-13 23:53:00,E,,,E,NO,NO,NO,NO,False,,,NO,NO,0,0,49,,0,True,True,True,True,False,2026-05-13,23:53:00,Null,Null,Null + Null
2026-05-13 23:52:00,S,3.0,,S3,NO,NO,NO,NO,True,17713.43,S3,YES,YES,238,86,361,,324,False,False,False,True,False,2026-05-13,23:52:00,3,Null,3 + Null
2026-05-13 23:52:00,S,2.0,peotv,S21,NO,YES,NO,NO,True,2813.66,S2,NO,NO,0,0,96,,0,True,True,True,True,False,2026-05-13,23:52:00,2,peotv,2 + peotv
2026-05-13 23:52:00,S,2.0,peotv,S21,NO,NO,NO,NO,True,-1897.21,S2,YES,NO,0,0,126,,0,False,True,True,True,False,2026-05-13,23:52:00,2,peotv,2 + peotv
2026-05-13 23:52:00,S,2.0,peotv,S211,NO,YES,NO,NO,True,9018.18,S2,YES,YES,268,88,461,,356,False,False,False,True,False,2026-05-13,23:52:00,2,peotv,2 + peotv
2026-05-13 23:52:00,S,4.0,extragb,S4111,NO,NO,NO,YES,True,7441.1,S41,NO,NO,0,0,29,,0,True,True,True,True,False,2026-05-13,23:52:00,4,extragb,4 + extragb
2026-05-13 23:52:00,S,2.0,peotv,S21,NO,NO,NO,NO,True,5328.31,S2,YES,NO,0,0,277,,0,False,False,True,True,False,2026-05-13,23:52:00,2,peotv,2 + peotv
2026-05-13 23:52:00,S,1.0,,MOBITEL_SLty1,NO,NO,NO,NO,False,,S1,YES,YES,260,37,332,,297,False,False,False,True,False,2026-05-13,23:52:00,1,Null,1 + Null
2026-05-13 23:51:00,S,4.0,extragb,S411,NO,NO,NO,NO,True,15967.0,S41,NO,NO,0,0,33,,0,True,True,True,True,False,2026-05-13,23:51:00,4,extragb,4 + extragb
2026-05-13 23:51:00,S,2.0,voice,S23,NO,NO,NO,NO,True,-5090.17,S2,NO,NO,0,0,163,,0,False,True,True,True,False,2026-05-13,23:51:00,2,voice,2 + voice
2026-05-13 23:51:00,S,,,S,NO,NO,NO,NO,False,,,NO,NO,0,0,134,,0,False,True,True,True,False,2026-05-13,23:51:00,Null,Null,Null + Null
2026-05-13 23:51:00,S,4.0,extragb,MOBITEL_S4111,NO,NO,NO,YES,True,166.46,S41,NO,NO,0,0,79,,0,True,True,True,True,False,2026-05-13,23:51:00,4,extragb,4 + extragb
2026-05-13 23:51:00,S,4.0,extragb,S411,NO,NO,NO,NO,True,15967.0,S41,NO,NO,0,0,34,,0,True,True,True,True,False,2026-05-13,23:51:00,4,extragb,4 + extragb
2026-05-13 23:51:00,S,3.0,,S3,NO,NO,NO,NO,True,4689.69,S3,YES,YES,355,132,573,,487,False,False,False,False,True,2026-05-13,23:51:00,3,Null,3 + Null
2026-05-13 23:51:00,S,3.0,,S3,NO,NO,NO,NO,True,13710.85,S3,YES,YES,289,61,418,,350,False,False,False,True,False,2026-05-13,23:51:00,3,Null,3 + Null
2026-05-13 23:50:00,S,3.0,,S3,NO,NO,NO,NO,True,13982.23,S3,YES,YES,321,172,594,,493,False,False,False,False,True,2026-05-13,23:50:00,3,Null,3 + Null
2026-05-13 23:50:00,E,1.0,,MOBITEL_ELty1,NO,NO,NO,NO,False,,E1,YES,YES,49,18,103,,67,False,True,True,True,False,2026-05-13,23:50:00,1,Null,1 + Null
2026-05-13 23:50:00,S,2.0,broadband,S22,NO,YES,NO,NO,True,7257.12,S2,NO,NO,0,0,119,,0,False,True,True,True,False,2026-05-13,23:50:00,2,broadband,2 + broadband
2026-05-13 23:50:00,S,3.0,,S3,NO,NO,NO,NO,True,3110.9,S3,YES,NO,0,0,129,,0,False,True,True,True,False,2026-05-13,23:50:00,3,Null,3 + Null
2026-05-13 23:50:00,S,,,S,NO,NO,NO,NO,False,,,NO,NO,0,0,22,,0,True,True,True,True,False,2026-05-13,23:50:00,Null,Null,Null + Null
2026-05-13 23:50:00,S,,,S,NO,NO,NO,NO,False,,,NO,NO,0,0,349,,0,False,False,False,True,False,2026-05-13,23:50:00,Null,Null,Null + Null
2026-05-13 23:50:00,S,3.0,,S3,NO,NO,NO,NO,True,1603.97,S3,NO,NO,0,0,74,,0,True,True,True,True,False,2026-05-13,23:50:00,3,Null,3 + Null
2026-05-13 23:50:00,S,,,S,NO,NO,NO,NO,False,,,NO,NO,0,0,23,,0,True,True,True,True,False,2026-05-13,23:50:00,Null,Null,Null + Null
2026-05-13 23:50:00,S,4.0,extragb,S41t,NO,NO,NO,NO,True,7248.58,S41,YES,NO,0,0,404,,0,False,False,False,True,False,2026-05-13,23:50:00,4,extragb,4 + extragb
2026-05-13 23:50:00,S,3.0,,MOBITEL_S3,NO,NO,NO,NO,True,3020.98,S3,YES,YES,347,155,561,,502,False,False,False,False,True,2026-05-13,23:50:00,3,Null,3 + Null
2026-05-13 23:50:00,S,4.0,extragb,S4111,NO,NO,NO,NO,True,5878.96,S41,NO,NO,0,0,31,,0,True,True,True,True,False,2026-05-13,23:50:00,4,extragb,4 + extragb
2026-05-13 23:50:00,S,,,S,NO,NO,NO,NO,False,,,NO,NO,0,0,131,,0,False,True,True,True,False,2026-05-13,23:50:00,Null,Null,Null + Null
2026-05-13 23:50:00,S,3.0,,S3,NO,NO,NO,NO,True,4184.9,S3,NO,NO,0,0,49,,0,True,True,True,True,False,2026-05-13,23:50:00,3,Null,3 + Null
2026-05-13 23:49:00,S,,,MOBITEL_S,NO,NO,NO,NO,False,,,NO,NO,0,0,7,,0,True,True,True,True,False,2026-05-13,23:49:00,Null,Null,Null + Null
2026-05-13 23:49:00,S,2.0,peotv,S211,NO,YES,NO,NO,True,3706.32,S2,YES,YES,317,54,464,,371,False,False,False,True,False,2026-05-13,23:49:00,2,peotv,2 + peotv
2026-05-13 23:49:00,S,2.0,broadband,MOBITEL_S22,NO,NO,NO,NO,True,0.0,S2,YES,NO,0,0,350,,0,False,False,False,True,False,2026-05-13,23:49:00,2,broadband,2 + broadband
2026-05-13 23:49:00,S,,,S,NO,NO,NO,NO,False,,,NO,NO,0,0,407,,0,False,False,False,True,False,2026-05-13,23:49:00,Null,Null,Null + Null
2026-05-13 23:49:00,S,,,S,NO,NO,NO,NO,False,,,NO,NO,0,0,28,,0,True,True,True,True,False,2026-05-13,23:49:00,Null,Null,Null + Null
2026-05-13 23:49:00,S,7.0,,S7,NO,NO,NO,NO,True,8227.89,S7,YES,YES,368,162,601,,530,False,False,False,False,True,2026-05-13,23:49:00,7,Null,7 + Null
2026-05-13 23:49:00,S,2.0,peotv,S21,NO,NO,NO,NO,True,11690.76,S2,YES,YES,382,113,550,,495,False,False,False,False,True,2026-05-13,23:49:00,2,peotv,2 + peotv
2026-05-13 23:49:00,T,,,T,NO,NO,NO,NO,False,,,NO,NO,0,0,27,,0,True,True,True,True,False,2026-05-13,23:49:00,Null,Null,Null + Null
2026-05-13 23:49:00,S,3.0,,S3,NO,NO,NO,NO,True,-23.0,S3,NO,NO,0,0,75,,0,True,True,True,True,False,2026-05-13,23:49:00,3,Null,3 + Null
2026-05-13 23:49:00,S,2.0,peotv,MOBITEL_S21,NO,YES,NO,NO,True,-9.7,S2,YES,NO,0,0,185,,0,False,True,True,True,False,2026-05-13,23:49:00,2,peotv,2 + peotv
2026-05-13 23:49:00,S,,,S,NO,NO,NO,NO,False,,,NO,NO,0,0,251,,0,False,False,True,True,False,2026-05-13,23:49:00,Null,Null,Null + Null
2026-05-13 23:49:00,S,2.0,peotv,S21,NO,YES,NO,NO,True,1773.22,S2,YES,NO,0,0,339,,0,False,False,False,True,False,2026-05-13,23:49:00,2,peotv,2 + peotv
2026-05-13 23:49:00,S,3.0,,S3,NO,NO,NO,NO,True,1603.97,S3,YES,NO,0,0,153,,0,False,True,True,True,False,2026-05-13,23:49:00,3,Null,3 + Null
2026-05-13 23:49:00,S,4.0,extragb,S41121,NO,NO,NO,YES,True,8364.72,S41,NO,NO,0,0,132,,0,False,True,True,True,False,2026-05-13,23:49:00,4,extragb,4 + extragb
2026-05-13 23:48:00,S,2.0,broadband,S22,NO,NO,NO,NO,True,4005.13,S2,YES,NO,0,0,192,,0,False,True,True,True,False,2026-05-13,23:48:00,2,broadband,2 + broadband
2026-05-13 23:48:00,S,2.0,broadband,S222,NO,NO,YES,NO,True,-421.45,S2,YES,YES,323,196,645,,519,False,False,False,False,True,2026-05-13,23:48:00,2,broadband,2 + broadband
2026-05-13 23:48:00,S,2.0,peotv,S21,NO,NO,NO,NO,True,0.0,S2,YES,YES,295,327,702,,622,False,False,False,False,True,2026-05-13,23:48:00,2,peotv,2 + peotv
2026-05-13 23:48:00,S,2.0,peotv,S21,NO,NO,NO,NO,True,3429.22,S2,YES,YES,297,278,678,,575,False,False,False,False,True,2026-05-13,23:48:00,2,peotv,2 + peotv
2026-05-13 23:48:00,S,2.0,peotv,S211,NO,YES,NO,NO,True,7086.18,S2,YES,NO,0,0,273,,0,False,False,True,True,False,2026-05-13,23:48:00,2,peotv,2 + peotv
2026-05-13 23:48:00,S,2.0,peotv,S21,NO,NO,NO,NO,True,3123.26,S2,YES,NO,0,0,124,,0,False,True,True,True,False,2026-05-13,23:48:00,2,peotv,2 + peotv
2026-05-13 23:48:00,E,2.0,broadband,E22,NO,NO,NO,NO,True,8454.61,E2,YES,YES,0,132,222,,132,False,False,True,True,False,2026-05-13,23:48:00,2,broadband,2 + broadband
2026-05-13 23:48:00,S,4.0,extragb,S4111,NO,NO,NO,YES,True,-99.77,S41,NO,NO,0,0,47,,0,True,True,True,True,False,2026-05-13,23:48:00,4,extragb,4 + extragb
2026-05-13 23:47:00,S,2.0,broadband,S22,NO,NO,YES,NO,True,-50.7,S2,YES,YES,326,150,569,,476,False,False,False,False,True,2026-05-13,23:47:00,2,broadband,2 + broadband
2026-05-13 23:47:00,S,3.0,,S3,NO,NO,NO,NO,True,2334.06,S3,YES,YES,330,99,570,,429,False,False,False,False,True,2026-05-13,23:47:00,3,Null,3 + Null
2026-05-13 23:47:00,S,3.0,,S3,NO,NO,NO,NO,True,2060.6,S3,YES,NO,0,0,117,,0,False,True,True,True,False,2026-05-13,23:47:00,3,Null,3 + Null
2026-05-13 23:47:00,S,,,S,NO,NO,NO,NO,False,,,NO,NO,0,0,22,,0,True,True,True,True,False,2026-05-13,23:47:00,Null,Null,Null + Null
2026-05-13 23:47:00,S,2.0,other,S2t,NO,NO,NO,NO,True,4688.68,S2,YES,YES,317,128,579,,445,False,False,False,False,True,2026-05-13,23:47:00,2,other,2 + other
2026-05-13 23:47:00,S,2.0,peotv,S211,NO,YES,NO,NO,True,5963.62,S2,YES,YES,234,354,669,,588,False,False,False,False,True,2026-05-13,23:47:00,2,peotv,2 + peotv
2026-05-13 23:47:00,S,2.0,peotv,S21,NO,YES,NO,NO,True,-464.59,S2,YES,NO,0,0,360,,0,False,False,False,True,False,2026-05-13,23:47:00,2,peotv,2 + peotv
2026-05-13 23:46:00,S,7.0,,S7,NO,NO,NO,NO,True,5195.13,S7,YES,YES,310,182,599,,492,False,False,False,False,True,2026-05-13,23:46:00,7,Null,7 + Null
2026-05-13 23:46:00,S,,,S,NO,NO,NO,NO,False,,,NO,NO,0,0,34,,0,True,True,True,True,False,2026-05-13,23:46:00,Null,Null,Null + Null
2026-05-13 23:46:00,S,2.0,peotv,S21,NO,NO,NO,NO,True,771.55,S2,YES,NO,0,0,181,,0,False,True,True,True,False,2026-05-13,23:46:00,2,peotv,2 + peotv
2026-05-13 23:46:00,S,,,MOBITEL_S,NO,NO,NO,NO,False,,,NO,NO,0,0,18,,0,True,True,True,True,False,2026-05-13,23:46:00,Null,Null,Null + Null
2026-05-13 23:46:00,S,,,S,NO,NO,NO,NO,True,1603.97,,NO,NO,0,0,140,,0,False,True,True,True,False,2026-05-13,23:46:00,Null,Null,Null + Null
2026-05-13 23:45:00,S,4.0,extragb,MOBITEL_S4112,NO,NO,NO,NO,True,2297.99,S41,NO,NO,0,0,42,,0,True,True,True,True,False,2026-05-13,23:45:00,4,extragb,4 + extragb
2026-05-13 23:45:00,S,2.0,peotv,S21,NO,NO,NO,NO,True,5943.83,S2,YES,NO,0,0,403,,0,False,False,False,True,False,2026-05-13,23:45:00,2,peotv,2 + peotv
2026-05-13 23:45:00,S,2.0,broadband,S222,NO,NO,YES,NO,True,21073.43,S2,YES,YES,307,70,450,,377,False,False,False,True,False,2026-05-13,23:45:00,2,broadband,2 + broadband
2026-05-13 23:45:00,S,1.0,,SLty1,NO,NO,NO,NO,False,,S1,YES,YES,308,39,409,,347,False,False,False,True,False,2026-05-13,23:45:00,1,Null,1 + Null
2026-05-13 23:45:00,S,7.0,,S,NO,NO,NO,NO,False,,S_LTY,YES,YES,1,56,103,,57,False,True,True,True,False,2026-05-13,23:45:00,7,Null,7 + Null
2026-05-13 23:45:00,S,2.0,peotv,MOBITEL_S21,NO,YES,NO,NO,True,-9.7,S2,YES,NO,0,0,109,,0,False,True,True,True,False,2026-05-13,23:45:00,2,peotv,2 + peotv
2026-05-13 23:45:00,S,,,S,NO,NO,NO,NO,False,,,NO,NO,0,0,160,,0,False,True,True,True,False,2026-05-13,23:45:00,Null,Null,Null + Null
2026-05-13 23:44:00,E,2.0,broadband,E221,NO,NO,YES,NO,True,1325.28,E2,YES,YES,0,140,247,,140,False,False,True,True,False,2026-05-13,23:44:00,2,broadband,2 + broadband
2026-05-13 23:44:00,S,3.0,,S3,NO,NO,NO,NO,True,2060.6,S3,NO,NO,0,0,67,,0,True,True,True,True,False,2026-05-13,23:44:00,3,Null,3 + Null
2026-05-13 23:44:00,S,2.0,voice,S23,NO,NO,NO,NO,True,5176.33,S2,YES,NO,0,0,370,,0,False,False,False,True,False,2026-05-13,23:44:00,2,voice,2 + voice
2026-05-13 23:44:00,S,4.0,extragb,S4111,NO,NO,NO,YES,True,-2467.5,S41,NO,NO,0,0,96,,0,True,True,True,True,False,2026-05-13,23:44:00,4,extragb,4 + extragb
2026-05-13 23:44:00,S,3.0,,S3,NO,NO,NO,NO,True,14988.13,S3,YES,YES,235,164,483,,399,False,False,False,True,False,2026-05-13,23:44:00,3,Null,3 + Null
2026-05-13 23:44:00,S,2.0,broadband,S22,NO,NO,NO,NO,True,8454.61,S2,YES,NO,0,0,179,,0,False,True,True,True,False,2026-05-13,23:44:00,2,broadband,2 + broadband
2026-05-13 23:44:00,S,2.0,voice,S23,NO,NO,NO,NO,True,1019.42,S2,NO,NO,0,0,110,,0,False,True,True,True,False,2026-05-13,23:44:00,2,voice,2 + voice
2026-05-13 23:44:00,S,2.0,peotv,S211,NO,YES,NO,NO,True,4529.83,S2,YES,YES,280,58,419,,338,False,False,False,True,False,2026-05-13,23:44:00,2,peotv,2 + peotv
2026-05-13 23:44:00,S,7.0,,S7,NO,NO,NO,NO,True,3382.15,S7,YES,YES,265,94,425,,359,False,False,False,True,False,2026-05-13,23:44:00,7,Null,7 + Null
2026-05-13 23:43:00,S,2.0,peotv,S21,NO,NO,NO,NO,True,3007.62,S2,YES,NO,0,0,327,,0,False,False,False,True,False,2026-05-13,23:43:00,2,peotv,2 + peotv
2026-05-13 23:43:00,S,2.0,broadband,S22,NO,NO,NO,NO,True,3238.6,S2,YES,YES,383,196,643,,579,False,False,False,False,True,2026-05-13,23:43:00,2,broadband,2 + broadband
2026-05-13 23:43:00,S,2.0,peotv,S21,NO,NO,NO,NO,True,-1184.03,S2,YES,YES,292,44,428,,336,False,False,False,True,False,2026-05-13,23:43:00,2,peotv,2 + peotv
2026-05-13 23:43:00,S,,,S,NO,NO,NO,NO,False,,,NO,NO,0,0,70,,0,True,True,True,True,False,2026-05-13,23:43:00,Null,Null,Null + Null
2026-05-13 23:43:00,S,4.0,extragb,S4111,NO,NO,NO,YES,True,2404.98,S41,NO,NO,0,0,58,,0,True,True,True,True,False,2026-05-13,23:43:00,4,extragb,4 + extragb
2026-05-13 23:43:00,S,,,S,NO,NO,NO,NO,False,,,NO,NO,0,0,130,,0,False,True,True,True,False,2026-05-13,23:43:00,Null,Null,Null + Null
2026-05-13 23:43:00,S,4.0,extragb,S41121,NO,NO,NO,NO,True,20291.92,S41,YES,NO,0,0,242,,0,False,False,True,True,False,2026-05-13,23:43:00,4,extragb,4 + extragb
2026-05-13 23:43:00,S,4.0,extragb,S411,NO,NO,NO,NO,True,1874.67,S41,YES,NO,0,0,243,,0,False,False,True,True,False,2026-05-13,23:43:00,4,extragb,4 + extragb
2026-05-13 23:43:00,S,4.0,extragb,S4112,NO,NO,NO,NO,True,-2700.64,S41,NO,NO,0,0,38,,0,True,True,True,True,False,2026-05-13,23:43:00,4,extragb,4 + extragb
2026-05-13 23:43:00,S,7.0,,S7,NO,NO,NO,NO,True,5917.79,S7,YES,YES,248,107,385,,355,False,False,False,True,False,2026-05-13,23:43:00,7,Null,7 + Null
2026-05-13 23:43:00,S,2.0,peotv,S21,NO,NO,NO,NO,True,4031.26,S2,YES,YES,244,89,393,,333,False,False,False,True,False,2026-05-13,23:43:00,2,peotv,2 + peotv
2026-05-13 23:42:00,S,3.0,,S3,NO,NO,NO,NO,True,11321.31,S3,YES,YES,428,167,678,,595,False,False,False,False,True,2026-05-13,23:42:00,3,Null,3 + Null
2026-05-13 23:42:00,S,4.0,extragb,S411,NO,NO,NO,NO,True,-9.7,S41,YES,NO,0,0,228,,0,False,False,True,True,False,2026-05-13,23:42:00,4,extragb,4 + extragb
2026-05-13 23:42:00,S,2.0,voice,S23,NO,NO,NO,NO,True,2846.74,S2,NO,NO,0,0,177,,0,False,True,True,True,False,2026-05-13,23:42:00,2,voice,2 + voice
2026-05-13 23:42:00,S,2.0,peotv,S21,YES,NO,NO,NO,True,1741.68,S2,YES,YES,241,15,337,,256,False,False,False,True,False,2026-05-13,23:42:00,2,peotv,2 + peotv
2026-05-13 23:42:00,S,2.0,voice,S23,NO,NO,NO,NO,True,1019.42,S2,NO,NO,0,0,136,,0,False,True,True,True,False,2026-05-13,23:42:00,2,voice,2 + voice
2026-05-13 23:41:00,S,2.0,broadband,S22,YES,NO,NO,NO,True,6829.95,S2,YES,YES,615,115,887,,730,False,False,False,False,True,2026-05-13,23:41:00,2,broadband,2 + broadband
2026-05-13 23:41:00,S,,,S,NO,NO,NO,NO,False,,,NO,NO,0,0,235,,0,False,False,True,True,False,2026-05-13,23:41:00,Null,Null,Null + Null
2026-05-13 23:41:00,S,2.0,peotv,S211,NO,YES,NO,NO,True,4229.39,S2,YES,YES,594,273,949,,867,False,False,False,False,True,2026-05-13,23:41:00,2,peotv,2 + peotv
2026-05-13 23:41:00,S,2.0,peotv,S211,NO,YES,NO,NO,True,2095.37,S2,YES,YES,632,115,822,,747,False,False,False,False,True,2026-05-13,23:41:00,2,peotv,2 + peotv
2026-05-13 23:41:00,S,3.0,,S3,NO,NO,NO,NO,True,5671.83,S3,YES,YES,653,157,848,,810,False,False,False,False,True,2026-05-13,23:41:00,3,Null,3 + Null
2026-05-13 23:41:00,S,2.0,peotv,S21,NO,NO,NO,NO,True,2544.85,S2,YES,YES,379,47,548,,426,False,False,False,False,True,2026-05-13,23:41:00,2,peotv,2 + peotv
2026-05-13 23:41:00,S,4.0,extragb,S4111,NO,NO,NO,YES,True,5629.17,S41,NO,NO,0,0,101,,0,False,True,True,True,False,2026-05-13,23:41:00,4,extragb,4 + extragb
2026-05-13 23:41:00,S,4.0,extragb,S4112,NO,NO,NO,NO,True,2588.87,S41,NO,NO,0,0,20,,0,True,True,True,True,False,2026-05-13,23:41:00,4,extragb,4 + extragb
2026-05-13 23:41:00,S,7.0,,S7,NO,NO,NO,NO,True,2403.97,S7,YES,YES,325,37,384,,362,False,False,False,True,False,2026-05-13,23:41:00,7,Null,7 + Null
2026-05-13 23:41:00,S,4.0,extragb,S41121,NO,NO,NO,YES,True,5377.17,S41,NO,NO,0,0,79,,0,True,True,True,True,False,2026-05-13,23:41:00,4,extragb,4 + extragb
2026-05-13 23:40:00,E,1.0,,ELty1,NO,NO,NO,NO,False,,E1,YES,YES,15,93,152,,108,False,True,True,True,False,2026-05-13,23:40:00,1,Null,1 + Null
2026-05-13 23:40:00,S,4.0,extragb,MOBITEL_S41122,NO,NO,NO,NO,True,1810.24,S41,NO,NO,0,0,70,,0,True,True,True,True,False,2026-05-13,23:40:00,4,extragb,4 + extragb
2026-05-13 23:40:00,S,2.0,peotv,S21,NO,YES,NO,NO,True,3706.32,S2,NO,NO,0,0,108,,0,False,True,True,True,False,2026-05-13,23:40:00,2,peotv,2 + peotv
2026-05-13 23:40:00,S,7.0,,S7,NO,NO,NO,NO,True,0.0,S7,YES,YES,547,34,653,,581,False,False,False,False,True,2026-05-13,23:40:00,7,Null,7 + Null
2026-05-13 23:40:00,S,3.0,,S3,NO,NO,NO,NO,True,14060.85,S3,YES,YES,614,214,910,,828,False,False,False,False,True,2026-05-13,23:40:00,3,Null,3 + Null
2026-05-13 23:40:00,S,2.0,broadband,S22,NO,NO,YES,NO,True,3398.71,S2,YES,YES,581,267,945,,848,False,False,False,False,True,2026-05-13,23:40:00,2,broadband,2 + broadband
2026-05-13 23:40:00,S,2.0,peotv,S21,NO,YES,NO,NO,True,677.51,S2,YES,NO,0,0,471,,0,False,False,False,True,False,2026-05-13,23:40:00,2,peotv,2 + peotv
2026-05-13 23:39:00,S,2.0,peotv,S21,NO,NO,NO,NO,True,5825.92,S2,YES,YES,566,814,1466,,1380,False,False,False,False,True,2026-05-13,23:39:00,2,peotv,2 + peotv
2026-05-13 23:39:00,S,2.0,peotv,S211,NO,YES,NO,NO,True,4756.74,S2,YES,YES,623,199,899,,822,False,False,False,False,True,2026-05-13,23:39:00,2,peotv,2 + peotv
2026-05-13 23:39:00,S,7.0,,S7,NO,NO,NO,NO,True,1561.65,S7,YES,YES,629,161,904,,790,False,False,False,False,True,2026-05-13,23:39:00,7,Null,7 + Null
2026-05-13 23:39:00,S,2.0,peotv,S21,NO,YES,NO,NO,True,-743.2,S2,YES,YES,604,109,783,,713,False,False,False,False,True,2026-05-13,23:39:00,2,peotv,2 + peotv
2026-05-13 23:39:00,S,3.0,,S3,NO,NO,NO,NO,True,1019.42,S3,YES,NO,0,0,261,,0,False,False,True,True,False,2026-05-13,23:39:00,3,Null,3 + Null
2026-05-13 23:39:00,S,7.0,,S7,NO,NO,NO,NO,True,25261.8,S7,YES,NO,0,0,251,,0,False,False,True,True,False,2026-05-13,23:39:00,7,Null,7 + Null
2026-05-13 23:39:00,S,3.0,,S3,NO,NO,NO,NO,True,1874.67,S3,NO,NO,0,0,56,,0,True,True,True,True,False,2026-05-13,23:39:00,3,Null,3 + Null
2026-05-13 23:39:00,S,3.0,,S3,NO,NO,NO,NO,True,20291.92,S3,YES,NO,0,0,240,,0,False,False,True,True,False,2026-05-13,23:39:00,3,Null,3 + Null
2026-05-13 23:39:00,T,,,T,NO,NO,NO,NO,False,,T6,NO,YES,76,52,178,,128,False,True,True,True,False,2026-05-13,23:39:00,Null,Null,Null + Null
2026-05-13 23:39:00,S,4.0,extragb,S4111,NO,NO,NO,YES,True,10191.21,S41,NO,NO,0,0,133,,0,False,True,True,True,False,2026-05-13,23:39:00,4,extragb,4 + extragb
2026-05-13 23:38:00,S,2.0,peotv,S211,NO,YES,NO,NO,True,3876.15,S2,YES,NO,0,0,703,,0,False,False,False,False,True,2026-05-13,23:38:00,2,peotv,2 + peotv
2026-05-13 23:38:00,S,1.0,,SLty1,NO,NO,NO,NO,False,,S1,YES,YES,597,80,729,,677,False,False,False,False,True,2026-05-13,23:38:00,1,Null,1 + Null
2026-05-13 23:38:00,S,2.0,peotv,S211,NO,YES,NO,NO,True,5349.17,S2,YES,NO,0,0,162,,0,False,True,True,True,False,2026-05-13,23:38:00,2,peotv,2 + peotv
2026-05-13 23:38:00,S,,,S,NO,NO,NO,NO,False,,,NO,NO,0,0,27,,0,True,True,True,True,False,2026-05-13,23:38:00,Null,Null,Null + Null
2026-05-13 23:38:00,S,3.0,,S3,NO,NO,NO,NO,True,3492.12,S3,NO,NO,0,0,70,,0,True,True,True,True,False,2026-05-13,23:38:00,3,Null,3 + Null
2026-05-13 23:38:00,S,,,S,NO,NO,NO,NO,False,,,NO,NO,0,0,29,,0,True,True,True,True,False,2026-05-13,23:38:00,Null,Null,Null + Null
2026-05-13 23:38:00,S,2.0,peotv,S21,NO,YES,NO,NO,True,-299.8,S2,YES,NO,0,0,651,,0,False,False,False,False,True,2026-05-13,23:38:00,2,peotv,2 + peotv
2026-05-13 23:38:00,S,,,S,NO,NO,NO,NO,False,,,NO,NO,0,0,23,,0,True,True,True,True,False,2026-05-13,23:38:00,Null,Null,Null + Null
2026-05-13 23:38:00,S,,,S,NO,NO,NO,NO,False,,,NO,NO,0,0,25,,0,True,True,True,True,False,2026-05-13,23:38:00,Null,Null,Null + Null
2026-05-13 23:38:00,S,2.0,broadband,S22,NO,YES,NO,NO,True,1874.67,S2,YES,NO,0,0,358,,0,False,False,False,True,False,2026-05-13,23:38:00,2,broadband,2 + broadband
2026-05-13 23:38:00,S,4.0,addon,S412,NO,NO,NO,NO,True,3007.62,S41,NO,NO,0,0,98,,0,True,True,True,True,False,2026-05-13,23:38:00,4,addon,4 + addon
2026-05-13 23:38:00,S,4.0,extragb,S4111,NO,NO,NO,YES,True,21269.65,S41,NO,NO,0,0,71,,0,True,True,True,True,False,2026-05-13,23:38:00,4,extragb,4 + extragb
2026-05-13 23:38:00,E,,,E,NO,NO,NO,NO,False,,,NO,NO,0,0,17,,0,True,True,True,True,False,2026-05-13,23:38:00,Null,Null,Null + Null
2026-05-13 23:38:00,E,5.0,residential,E52,NO,NO,NO,NO,True,13214.71,E52,YES,YES,266,44,386,,310,False,False,False,True,False,2026-05-13,23:38:00,5,residential,5 + residential
2026-05-13 23:37:00,S,,,S,NO,NO,NO,NO,False,,,NO,NO,0,0,22,,0,True,True,True,True,False,2026-05-13,23:37:00,Null,Null,Null + Null
2026-05-13 23:37:00,S,,,S,NO,NO,NO,NO,True,21073.43,,NO,NO,0,0,19,,0,True,True,True,True,False,2026-05-13,23:37:00,Null,Null,Null + Null
2026-05-13 23:37:00,S,2.0,peotv,S21,NO,NO,NO,NO,True,7457.6,S2,YES,YES,553,177,787,,730,False,False,False,False,True,2026-05-13,23:37:00,2,peotv,2 + peotv
2026-05-13 23:37:00,S,2.0,peotv,MOBITEL_S21,NO,YES,NO,NO,True,-9.7,S2,YES,NO,0,0,66,,0,True,True,True,True,False,2026-05-13,23:37:00,2,peotv,2 + peotv
2026-05-13 23:37:00,S,,,S,NO,NO,NO,NO,False,,,NO,NO,0,0,191,,0,False,True,True,True,False,2026-05-13,23:37:00,Null,Null,Null + Null
2026-05-13 23:37:00,S,,,MOBITEL_S,NO,NO,NO,NO,False,,,NO,NO,0,0,6,,0,True,True,True,True,False,2026-05-13,23:37:00,Null,Null,Null + Null
2026-05-13 23:37:00,S,1.0,,SLty1,NO,NO,NO,NO,False,,S1,YES,NO,0,0,67,,0,True,True,True,True,False,2026-05-13,23:37:00,1,Null,1 + Null
2026-05-13 23:37:00,S,7.0,,S7,NO,NO,NO,NO,True,21073.43,S7,YES,NO,0,0,374,,0,False,False,False,True,False,2026-05-13,23:37:00,7,Null,7 + Null
2026-05-13 23:37:00,S,4.0,extragb,S4111,NO,NO,NO,YES,True,6891.93,S41,NO,NO,0,0,41,,0,True,True,True,True,False,2026-05-13,23:37:00,4,extragb,4 + extragb
2026-05-13 23:37:00,S,,,S,NO,NO,NO,NO,False,,,NO,NO,0,0,33,,0,True,True,True,True,False,2026-05-13,23:37:00,Null,Null,Null + Null
2026-05-13 23:37:00,E,2.0,broadband,E22,NO,NO,YES,NO,True,2136.15,E2,YES,YES,347,194,613,,541,False,False,False,False,True,2026-05-13,23:37:00,2,broadband,2 + broadband
2026-05-13 23:37:00,S,3.0,,S3,NO,NO,NO,NO,True,5369.75,S3,YES,YES,566,302,951,,868,False,False,False,False,True,2026-05-13,23:37:00,3,Null,3 + Null
2026-05-13 23:37:00,S,2.0,peotv,S211,NO,YES,NO,NO,True,3492.12,S2,YES,NO,0,0,531,,0,False,False,False,False,True,2026-05-13,23:37:00,2,peotv,2 + peotv
2026-05-13 23:37:00,S,1.0,,SLty1,NO,NO,NO,NO,False,,S1,YES,YES,553,135,750,,688,False,False,False,False,True,2026-05-13,23:37:00,1,Null,1 + Null
2026-05-13 23:36:00,S,2.0,peotv,S21,NO,NO,NO,NO,True,0.0,S2,YES,YES,552,208,846,,760,False,False,False,False,True,2026-05-13,23:36:00,2,peotv,2 + peotv
2026-05-13 23:36:00,S,3.0,,S3,NO,NO,NO,NO,True,6158.02,S3,NO,NO,0,0,79,,0,True,True,True,True,False,2026-05-13,23:36:00,3,Null,3 + Null
2026-05-13 23:36:00,S,3.0,,S3,NO,NO,NO,NO,True,19261.73,S3,YES,YES,513,163,763,,676,False,False,False,False,True,2026-05-13,23:36:00,3,Null,3 + Null
2026-05-13 23:36:00,S,3.0,,S3,NO,NO,NO,NO,True,16092.55,S3,YES,NO,0,0,367,,0,False,False,False,True,False,2026-05-13,23:36:00,3,Null,3 + Null
2026-05-13 23:36:00,S,4.0,extragb,S4112,NO,NO,NO,NO,True,3691.13,S41,NO,NO,0,0,51,,0,True,True,True,True,False,2026-05-13,23:36:00,4,extragb,4 + extragb
2026-05-13 23:36:00,S,1.0,,MOBITEL_SLty1,NO,NO,NO,NO,False,,S1,YES,YES,525,92,652,,617,False,False,False,False,True,2026-05-13,23:36:00,1,Null,1 + Null
2026-05-13 23:36:00,S,,,S,NO,NO,NO,NO,False,,,NO,NO,0,0,33,,0,True,True,True,True,False,2026-05-13,23:36:00,Null,Null,Null + Null
2026-05-13 23:36:00,S,,,S,NO,NO,NO,NO,False,,,NO,NO,0,0,26,,0,True,True,True,True,False,2026-05-13,23:36:00,Null,Null,Null + Null
2026-05-13 23:36:00,S,4.0,extragb,S41121,NO,NO,NO,YES,True,8194.24,S41,NO,NO,0,0,104,,0,False,True,True,True,False,2026-05-13,23:36:00,4,extragb,4 + extragb
2026-05-13 23:36:00,S,4.0,extragb,S4111,NO,NO,NO,NO,True,3193.71,S41,NO,NO,0,0,73,,0,True,True,True,True,False,2026-05-13,23:36:00,4,extragb,4 + extragb
2026-05-13 23:36:00,S,,,S,NO,NO,NO,NO,False,,,NO,NO,0,0,25,,0,True,True,True,True,False,2026-05-13,23:36:00,Null,Null,Null + Null
2026-05-13 23:36:00,S,,,S,NO,NO,NO,NO,False,,,NO,NO,0,0,62,,0,True,True,True,True,False,2026-05-13,23:36:00,Null,Null,Null + Null
2026-05-13 23:36:00,S,1.0,,S1,NO,NO,NO,NO,True,4031.26,S1,YES,NO,0,0,100,,0,False,True,True,True,False,2026-05-13,23:36:00,1,Null,1 + Null
2026-05-13 23:35:00,S,,,S,NO,NO,NO,NO,False,,,NO,NO,0,0,33,,0,True,True,True,True,False,2026-05-13,23:35:00,Null,Null,Null + Null
2026-05-13 23:35:00,S,2.0,peotv,S211,NO,YES,NO,NO,True,6350.31,S2,YES,YES,549,70,699,,619,False,False,False,False,True,2026-05-13,23:35:00,2,peotv,2 + peotv
2026-05-13 23:35:00,S,4.0,extragb,S4111,NO,NO,NO,YES,True,-1093.16,S41,NO,NO,0,0,86,,0,True,True,True,True,False,2026-05-13,23:35:00,4,extragb,4 + extragb
2026-05-13 23:35:00,S,1.0,,SLty1,NO,NO,NO,NO,False,,S1,YES,NO,0,0,302,,0,False,False,False,True,False,2026-05-13,23:35:00,1,Null,1 + Null
2026-05-13 23:35:00,S,7.0,,S7,NO,NO,NO,NO,True,0.0,S7,YES,NO,0,0,476,,0,False,False,False,True,False,2026-05-13,23:35:00,7,Null,7 + Null
2026-05-13 23:35:00,S,2.0,peotv,S21,NO,YES,NO,NO,True,5349.17,S2,NO,NO,0,0,76,,0,True,True,True,True,False,2026-05-13,23:35:00,2,peotv,2 + peotv
2026-05-13 23:35:00,S,2.0,peotv,S21,NO,YES,NO,NO,True,-40.64,S2,YES,NO,0,0,110,,0,False,True,True,True,False,2026-05-13,23:35:00,2,peotv,2 + peotv
2026-05-13 23:35:00,S,,,S,NO,NO,NO,NO,False,,,NO,NO,0,0,25,,0,True,True,True,True,False,2026-05-13,23:35:00,Null,Null,Null + Null
2026-05-13 23:35:00,S,7.0,,S7,NO,NO,NO,NO,True,-84.33,S7,YES,NO,0,0,76,,0,True,True,True,True,False,2026-05-13,23:35:00,7,Null,7 + Null
2026-05-13 23:35:00,S,,,S,NO,NO,NO,NO,False,,,NO,NO,0,0,34,,0,True,True,True,True,False,2026-05-13,23:35:00,Null,Null,Null + Null
2026-05-13 23:34:00,S,3.0,,S3,NO,NO,NO,NO,True,11800.95,S3,NO,NO,0,0,32,,0,True,True,True,True,False,2026-05-13,23:34:00,3,Null,3 + Null
2026-05-13 23:34:00,S,1.0,,S1,NO,NO,NO,NO,False,,S1,YES,YES,407,409,894,,816,False,False,False,False,True,2026-05-13,23:34:00,1,Null,1 + Null
2026-05-13 23:34:00,S,3.0,,S3,NO,NO,NO,NO,True,1589.33,S3,NO,NO,0,0,68,,0,True,True,True,True,False,2026-05-13,23:34:00,3,Null,3 + Null
2026-05-13 23:34:00,S,2.0,peotv,S211,NO,YES,NO,NO,True,2317.1,S2,YES,YES,537,54,699,,591,False,False,False,False,True,2026-05-13,23:34:00,2,peotv,2 + peotv
2026-05-13 23:34:00,S,2.0,peotv,S211,NO,YES,NO,NO,True,11919.41,S2,YES,YES,422,381,882,,803,False,False,False,False,True,2026-05-13,23:34:00,2,peotv,2 + peotv
2026-05-13 23:34:00,S,7.0,,S7,NO,NO,NO,NO,True,11079.81,S7,YES,YES,503,434,1013,,937,False,False,False,False,True,2026-05-13,23:34:00,7,Null,7 + Null
2026-05-13 23:34:00,S,4.0,extragb,S41i,NO,NO,NO,NO,True,2403.97,S41,YES,NO,0,0,168,,0,False,True,True,True,False,2026-05-13,23:34:00,4,extragb,4 + extragb
2026-05-13 23:34:00,S,7.0,,S7,NO,NO,NO,NO,True,1624.21,S7,YES,NO,0,0,462,,0,False,False,False,True,False,2026-05-13,23:34:00,7,Null,7 + Null
2026-05-13 23:33:00,E,3.0,,E3,NO,NO,NO,NO,True,11800.95,E3,NO,NO,0,0,48,,0,True,True,True,True,False,2026-05-13,23:33:00,3,Null,3 + Null
2026-05-13 23:33:00,E,1.0,,MOBITEL_ELty1,NO,NO,NO,NO,False,,E1,YES,YES,540,14,585,,554,False,False,False,False,True,2026-05-13,23:33:00,1,Null,1 + Null
2026-05-13 23:33:00,E,3.0,,E3,NO,NO,NO,NO,True,11800.95,E3,YES,NO,0,0,152,,0,False,True,True,True,False,2026-05-13,23:33:00,3,Null,3 + Null
2026-05-13 23:33:00,S,2.0,peotv,S21,NO,NO,NO,NO,True,217.7,S2,YES,YES,507,82,665,,589,False,False,False,False,True,2026-05-13,23:33:00,2,peotv,2 + peotv
2026-05-13 23:33:00,S,2.0,other,S2t,NO,NO,NO,NO,True,1057.58,S2,YES,YES,524,138,737,,662,False,False,False,False,True,2026-05-13,23:33:00,2,other,2 + other
2026-05-13 23:33:00,S,3.0,,S3,NO,NO,NO,NO,True,13982.23,S3,YES,NO,0,0,150,,0,False,True,True,True,False,2026-05-13,23:33:00,3,Null,3 + Null
2026-05-13 23:33:00,T,2.0,broadband,T22,NO,NO,NO,NO,True,-4054.18,T2,YES,YES,507,662,1228,,1169,False,False,False,False,True,2026-05-13,23:33:00,2,broadband,2 + broadband
2026-05-13 23:33:00,S,1.0,,MOBITEL_SLty1,NO,NO,NO,NO,False,,S1,YES,YES,524,116,677,,640,False,False,False,False,True,2026-05-13,23:33:00,1,Null,1 + Null
2026-05-13 23:33:00,S,,,S,NO,NO,NO,NO,False,,,NO,NO,0,0,739,,0,False,False,False,False,True,2026-05-13,23:33:00,Null,Null,Null + Null
2026-05-13 23:33:00,S,,,MOBITEL_S,NO,NO,NO,NO,False,,,NO,NO,0,0,7,,0,True,True,True,True,False,2026-05-13,23:33:00,Null,Null,Null + Null
2026-05-13 23:33:00,S,2.0,peotv,S21,NO,NO,NO,NO,True,0.0,S2,YES,NO,0,0,477,,0,False,False,False,True,False,2026-05-13,23:33:00,2,peotv,2 + peotv
2026-05-13 23:33:00,S,,,S,NO,NO,NO,NO,False,,,NO,NO,0,0,65,,0,True,True,True,True,False,2026-05-13,23:33:00,Null,Null,Null + Null
2026-05-13 23:33:00,S,2.0,peotv,S21,YES,NO,NO,NO,True,-1173.96,S2,NO,NO,0,0,132,,0,False,True,True,True,False,2026-05-13,23:33:00,2,peotv,2 + peotv
2026-05-13 23:32:00,S,2.0,other,S2t,NO,NO,NO,NO,True,-10.55,S2,YES,NO,0,0,667,,0,False,False,False,False,True,2026-05-13,23:32:00,2,other,2 + other
2026-05-13 23:32:00,S,1.0,,S1,NO,NO,NO,NO,True,15543.63,S1,YES,YES,440,212,705,,652,False,False,False,False,True,2026-05-13,23:32:00,1,Null,1 + Null
2026-05-13 23:32:00,S,2.0,peotv,S21,NO,YES,NO,NO,True,0.0,S2,YES,YES,459,167,658,,626,False,False,False,False,True,2026-05-13,23:32:00,2,peotv,2 + peotv
2026-05-13 23:31:00,E,,,MOBITEL_E,NO,NO,NO,NO,False,,,NO,NO,0,0,69,,0,True,True,True,True,False,2026-05-13,23:31:00,Null,Null,Null + Null
2026-05-13 23:31:00,S,3.0,,S3,NO,NO,NO,NO,True,4626.81,S3,NO,NO,0,0,92,,0,True,True,True,True,False,2026-05-13,23:31:00,3,Null,3 + Null
2026-05-13 23:31:00,S,7.0,,S7,NO,NO,NO,NO,True,2403.97,S7,YES,NO,0,0,278,,0,False,False,True,True,False,2026-05-13,23:31:00,7,Null,7 + Null
2026-05-13 23:31:00,S,4.0,extragb,S4111,NO,NO,NO,YES,True,-376.4,S41,NO,NO,0,0,76,,0,True,True,True,True,False,2026-05-13,23:31:00,4,extragb,4 + extragb
2026-05-13 23:31:00,E,1.0,,MOBITEL_ELty1,NO,NO,NO,NO,False,,E1,YES,NO,0,0,183,,0,False,True,True,True,False,2026-05-13,23:31:00,1,Null,1 + Null
2026-05-13 23:31:00,S,2.0,peotv,S211,NO,YES,NO,NO,True,5349.17,S2,YES,NO,0,0,161,,0,False,True,True,True,False,2026-05-13,23:31:00,2,peotv,2 + peotv
2026-05-13 23:31:00,S,2.0,peotv,S21,NO,NO,NO,NO,True,-26.87,S2,YES,YES,475,58,599,,533,False,False,False,False,True,2026-05-13,23:31:00,2,peotv,2 + peotv
2026-05-13 23:31:00,S,3.0,,S3,NO,NO,NO,NO,True,0.0,S3,NO,NO,0,0,121,,0,False,True,True,True,False,2026-05-13,23:31:00,3,Null,3 + Null
2026-05-13 23:31:00,S,6.0,1,S1,NO,NO,NO,NO,,,ECS,YES,NO,0,0,213,,0,False,False,True,True,False,2026-05-13,23:31:00,6,1,6 + 1
2026-05-13 23:31:00,S,2.0,peotv,S21,YES,NO,NO,NO,True,-83.29,S2,YES,YES,452,121,709,,573,False,False,False,False,True,2026-05-13,23:31:00,2,peotv,2 + peotv
2026-05-13 23:30:00,S,4.0,extragb,S4112,NO,NO,NO,NO,True,12678.47,S41,NO,NO,0,0,37,,0,True,True,True,True,False,2026-05-13,23:30:00,4,extragb,4 + extragb
2026-05-13 23:30:00,S,4.0,extragb,S41121,NO,NO,NO,YES,True,3868.89,S41,NO,NO,0,0,120,,0,False,True,True,True,False,2026-05-13,23:30:00,4,extragb,4 + extragb
2026-05-13 23:30:00,S,2.0,peotv,S21,YES,NO,NO,NO,True,-1173.96,S2,NO,NO,0,0,93,,0,True,True,True,True,False,2026-05-13,23:30:00,2,peotv,2 + peotv
2026-05-13 23:30:00,S,2.0,peotv,MOBITEL_S211,NO,YES,NO,NO,True,5055.42,S2,YES,NO,0,0,542,,0,False,False,False,False,True,2026-05-13,23:30:00,2,peotv,2 + peotv
2026-05-13 23:30:00,S,2.0,peotv,S21,NO,YES,NO,NO,True,1773.22,S2,YES,NO,0,0,182,,0,False,True,True,True,False,2026-05-13,23:30:00,2,peotv,2 + peotv
2026-05-13 23:30:00,S,2.0,peotv,S211,NO,YES,NO,NO,True,4099.08,S2,YES,NO,0,0,172,,0,False,True,True,True,False,2026-05-13,23:30:00,2,peotv,2 + peotv
2026-05-13 23:30:00,S,7.0,,S7,NO,NO,NO,NO,True,7397.66,S7,YES,NO,0,0,100,,0,False,True,True,True,False,2026-05-13,23:30:00,7,Null,7 + Null
2026-05-13 23:30:00,S,3.0,,S3,NO,NO,NO,NO,True,175.41,S3,YES,NO,0,0,352,,0,False,False,False,True,False,2026-05-13,23:30:00,3,Null,3 + Null
2026-05-13 23:30:00,S,4.0,extragb,S4111,NO,NO,NO,YES,True,12073.32,S41,NO,NO,0,0,62,,0,True,True,True,True,False,2026-05-13,23:30:00,4,extragb,4 + extragb
2026-05-13 23:30:00,S,1.0,,SLty1,NO,NO,NO,NO,False,,S1,YES,YES,586,263,905,,849,False,False,False,False,True,2026-05-13,23:30:00,1,Null,1 + Null
2026-05-13 23:29:00,S,4.0,extragb,S4111,NO,NO,NO,YES,True,-223.31,S41,NO,NO,0,0,29,,0,True,True,True,True,False,2026-05-13,23:29:00,4,extragb,4 + extragb
2026-05-13 23:29:00,S,1.0,,SLty1,NO,NO,NO,NO,False,,S1,YES,NO,0,0,107,,0,False,True,True,True,False,2026-05-13,23:29:00,1,Null,1 + Null
2026-05-13 23:29:00,S,7.0,,S7,NO,NO,NO,NO,True,0.0,S7,YES,YES,469,98,673,,567,False,False,False,False,True,2026-05-13,23:29:00,7,Null,7 + Null
2026-05-13 23:29:00,S,3.0,,S3,NO,NO,NO,NO,True,-9713.4,S3,NO,NO,0,0,61,,0,True,True,True,True,False,2026-05-13,23:29:00,3,Null,3 + Null
2026-05-13 23:28:00,S,3.0,,S3,NO,NO,NO,NO,True,0.0,S3,NO,NO,0,0,82,,0,True,True,True,True,False,2026-05-13,23:28:00,3,Null,3 + Null
2026-05-13 23:28:00,S,2.0,voice,S23,YES,NO,NO,NO,True,-80.18,S2,YES,NO,0,0,184,,0,False,True,True,True,False,2026-05-13,23:28:00,2,voice,2 + voice
2026-05-13 23:28:00,S,2.0,peotv,S21,YES,NO,NO,NO,True,-1173.96,S2,NO,NO,0,0,105,,0,False,True,True,True,False,2026-05-13,23:28:00,2,peotv,2 + peotv
2026-05-13 23:28:00,S,,,S,NO,NO,NO,NO,False,,,NO,NO,0,0,55,,0,True,True,True,True,False,2026-05-13,23:28:00,Null,Null,Null + Null
2026-05-13 23:28:00,S,2.0,peotv,S21,NO,NO,NO,NO,True,8358.59,S2,YES,YES,435,58,553,,493,False,False,False,False,True,2026-05-13,23:28:00,2,peotv,2 + peotv
2026-05-13 23:28:00,S,2.0,peotv,S21,NO,YES,NO,NO,True,-12.63,S2,YES,YES,470,30,543,,500,False,False,False,False,True,2026-05-13,23:28:00,2,peotv,2 + peotv
2026-05-13 23:28:00,S,3.0,,S3,NO,NO,NO,NO,True,6773.61,S3,YES,YES,514,61,626,,575,False,False,False,False,True,2026-05-13,23:28:00,3,Null,3 + Null
2026-05-13 23:28:00,S,2.0,peotv,S21,NO,NO,NO,NO,True,2304.72,S2,YES,NO,0,0,134,,0,False,True,True,True,False,2026-05-13,23:28:00,2,peotv,2 + peotv
2026-05-13 23:27:00,S,,,S,NO,NO,NO,NO,False,,,NO,NO,0,0,34,,0,True,True,True,True,False,2026-05-13,23:27:00,Null,Null,Null + Null
2026-05-13 23:27:00,T,7.0,,MOBITEL_T7,NO,NO,NO,NO,False,,T7,YES,NO,0,0,314,,0,False,False,False,True,False,2026-05-13,23:27:00,7,Null,7 + Null
2026-05-13 23:27:00,S,2.0,peotv,S21,NO,NO,NO,NO,True,10150.88,S2,YES,YES,583,121,778,,704,False,False,False,False,True,2026-05-13,23:27:00,2,peotv,2 + peotv
2026-05-13 23:27:00,S,2.0,peotv,S21,NO,NO,NO,NO,True,-6.89,S2,YES,YES,550,66,671,,616,False,False,False,False,True,2026-05-13,23:27:00,2,peotv,2 + peotv
2026-05-13 23:27:00,E,2.0,broadband,E22,YES,NO,NO,NO,True,9829.78,E2,YES,YES,589,163,841,,752,False,False,False,False,True,2026-05-13,23:27:00,2,broadband,2 + broadband
2026-05-13 23:27:00,S,2.0,peotv,MOBITEL_S211,NO,YES,NO,NO,True,3027.07,S2,YES,YES,535,109,742,,644,False,False,False,False,True,2026-05-13,23:27:00,2,peotv,2 + peotv
2026-05-13 23:27:00,S,2.0,peotv,S21,NO,YES,NO,NO,True,1773.22,S2,YES,YES,549,33,639,,582,False,False,False,False,True,2026-05-13,23:27:00,2,peotv,2 + peotv
2026-05-13 23:27:00,S,2.0,peotv,S21,NO,YES,NO,NO,True,-299.8,S2,YES,YES,508,20,569,,528,False,False,False,False,True,2026-05-13,23:27:00,2,peotv,2 + peotv
2026-05-13 23:27:00,S,2.0,peotv,S211,NO,YES,NO,NO,True,3207.97,S2,YES,NO,0,0,483,,0,False,False,False,True,False,2026-05-13,23:27:00,2,peotv,2 + peotv
2026-05-13 23:27:00,S,2.0,peotv,S211,NO,YES,NO,NO,True,5349.17,S2,YES,NO,0,0,596,,0,False,False,False,False,True,2026-05-13,23:27:00,2,peotv,2 + peotv
2026-05-13 23:27:00,S,3.0,,S3,NO,NO,NO,NO,True,3876.15,S3,NO,NO,0,0,126,,0,False,True,True,True,False,2026-05-13,23:27:00,3,Null,3 + Null
2026-05-13 23:27:00,S,4.0,extragb,S4111,NO,NO,NO,YES,True,9487.7,S41,NO,NO,0,0,42,,0,True,True,True,True,False,2026-05-13,23:27:00,4,extragb,4 + extragb
2026-05-13 23:26:00,S,,,S,NO,NO,NO,NO,False,,,NO,NO,0,0,33,,0,True,True,True,True,False,2026-05-13,23:26:00,Null,Null,Null + Null
2026-05-13 23:26:00,S,,,S,NO,NO,NO,NO,False,,,NO,NO,0,0,23,,0,True,True,True,True,False,2026-05-13,23:26:00,Null,Null,Null + Null
2026-05-13 23:26:00,S,2.0,broadband,S22,YES,NO,NO,NO,True,6829.95,S2,YES,YES,551,19,709,,570,False,False,False,False,True,2026-05-13,23:26:00,2,broadband,2 + broadband
2026-05-13 23:26:00,S,4.0,extragb,S4111,NO,NO,NO,YES,True,7743.78,S41,NO,NO,0,0,134,,0,False,True,True,True,False,2026-05-13,23:26:00,4,extragb,4 + extragb
2026-05-13 23:26:00,S,2.0,broadband,S22,NO,NO,NO,NO,True,0.0,S2,YES,YES,554,112,767,,666,False,False,False,False,True,2026-05-13,23:26:00,2,broadband,2 + broadband
2026-05-13 23:26:00,S,,,S,NO,NO,NO,NO,True,2403.97,,NO,NO,0,0,43,,0,True,True,True,True,False,2026-05-13,23:26:00,Null,Null,Null + Null
2026-05-13 23:26:00,S,2.0,peotv,S21,NO,YES,NO,NO,True,-372.85,S2,YES,YES,577,66,745,,643,False,False,False,False,True,2026-05-13,23:26:00,2,peotv,2 + peotv
2026-05-13 23:26:00,S,7.0,,MOBITEL_S7,NO,NO,NO,NO,True,3273.37,S7,YES,YES,557,103,748,,660,False,False,False,False,True,2026-05-13,23:26:00,7,Null,7 + Null
2026-05-13 23:26:00,S,2.0,broadband,S22,NO,NO,NO,NO,True,8166.82,S2,YES,YES,578,143,813,,721,False,False,False,False,True,2026-05-13,23:26:00,2,broadband,2 + broadband
2026-05-13 23:26:00,S,4.0,extragb,S4111,NO,NO,NO,YES,True,-204.27,S41,NO,NO,0,0,26,,0,True,True,True,True,False,2026-05-13,23:26:00,4,extragb,4 + extragb
2026-05-13 23:26:00,S,3.0,,S3,NO,NO,NO,NO,True,8986.8,S3,YES,NO,0,0,226,,0,False,False,True,True,False,2026-05-13,23:26:00,3,Null,3 + Null
2026-05-13 23:25:00,S,2.0,peotv,S21,NO,NO,NO,NO,True,4762.77,S2,YES,NO,0,0,62,,0,True,True,True,True,False,2026-05-13,23:25:00,2,peotv,2 + peotv
2026-05-13 23:25:00,S,4.0,extragb,S4111,NO,NO,NO,YES,True,5992.9,S41,NO,NO,0,0,48,,0,True,True,True,True,False,2026-05-13,23:25:00,4,extragb,4 + extragb
2026-05-13 23:25:00,S,2.0,other,S24,NO,NO,NO,NO,True,2451.09,S2,YES,NO,0,0,384,,0,False,False,False,True,False,2026-05-13,23:25:00,2,other,2 + other
2026-05-13 23:25:00,S,,,S,NO,NO,NO,NO,False,,,NO,NO,0,0,25,,0,True,True,True,True,False,2026-05-13,23:25:00,Null,Null,Null + Null
2026-05-13 23:25:00,S,1.0,,SLty1,NO,NO,NO,NO,False,,S1,YES,NO,0,0,423,,0,False,False,False,True,False,2026-05-13,23:25:00,1,Null,1 + Null
2026-05-13 23:25:00,S,4.0,extragb,S411,NO,NO,NO,NO,True,26113.39,S41,NO,NO,0,0,23,,0,True,True,True,True,False,2026-05-13,23:25:00,4,extragb,4 + extragb
2026-05-13 23:25:00,S,4.0,extragb,S411,NO,NO,NO,NO,True,9466.08,S41,YES,NO,0,0,196,,0,False,True,True,True,False,2026-05-13,23:25:00,4,extragb,4 + extragb
2026-05-13 23:25:00,S,2.0,peotv,S21,NO,NO,NO,NO,True,2304.72,S2,YES,NO,0,0,479,,0,False,False,False,True,False,2026-05-13,23:25:00,2,peotv,2 + peotv
2026-05-13 23:25:00,S,2.0,peotv,S21,NO,NO,NO,NO,True,-100.05,S2,YES,YES,595,114,762,,709,False,False,False,False,True,2026-05-13,23:25:00,2,peotv,2 + peotv
2026-05-13 23:25:00,S,1.0,,S1,NO,NO,NO,NO,True,3668.33,S1,YES,NO,0,0,125,,0,False,True,True,True,False,2026-05-13,23:25:00,1,Null,1 + Null
2026-05-13 23:25:00,E,1.0,,MOBITEL_ELty1,NO,NO,NO,NO,False,,E1,YES,NO,0,0,148,,0,False,True,True,True,False,2026-05-13,23:25:00,1,Null,1 + Null
2026-05-13 23:25:00,S,1.0,,SLty1,NO,NO,NO,NO,False,,S1,YES,NO,0,0,316,,0,False,False,False,True,False,2026-05-13,23:25:00,1,Null,1 + Null
2026-05-13 23:25:00,S,2.0,peotv,S21,NO,NO,NO,NO,True,-11.19,S2,YES,NO,0,0,107,,0,False,True,True,True,False,2026-05-13,23:25:00,2,peotv,2 + peotv
2026-05-13 23:25:00,S,4.0,extragb,S41121,NO,NO,NO,YES,True,8914.21,S41,NO,NO,0,0,114,,0,False,True,True,True,False,2026-05-13,23:25:00,4,extragb,4 + extragb
2026-05-13 23:25:00,S,1.0,,SLty1,NO,NO,NO,NO,False,,S1,YES,YES,623,22,701,,645,False,False,False,False,True,2026-05-13,23:25:00,1,Null,1 + Null
2026-05-13 23:25:00,S,4.0,extragb,S411,NO,NO,NO,NO,True,26113.39,S41,NO,NO,0,0,19,,0,True,True,True,True,False,2026-05-13,23:25:00,4,extragb,4 + extragb
2026-05-13 23:24:00,S,2.0,peotv,S21,NO,YES,NO,NO,True,13738.44,S2,NO,NO,0,0,63,,0,True,True,True,True,False,2026-05-13,23:24:00,2,peotv,2 + peotv
2026-05-13 23:24:00,S,,,S,NO,NO,NO,NO,False,,,NO,NO,0,0,50,,0,True,True,True,True,False,2026-05-13,23:24:00,Null,Null,Null + Null
2026-05-13 23:24:00,E,3.0,,E3,NO,NO,NO,NO,True,11800.95,E3,NO,NO,0,0,61,,0,True,True,True,True,False,2026-05-13,23:24:00,3,Null,3 + Null
2026-05-13 23:24:00,S,1.0,,MOBITEL_SLty1,NO,NO,NO,NO,False,,S1,YES,YES,689,150,890,,839,False,False,False,False,True,2026-05-13,23:24:00,1,Null,1 + Null
2026-05-13 23:24:00,S,7.0,,S7,NO,NO,NO,NO,True,-310.81,S7,YES,YES,674,69,819,,743,False,False,False,False,True,2026-05-13,23:24:00,7,Null,7 + Null
2026-05-13 23:24:00,S,2.0,,S2,NO,NO,NO,NO,True,-5.41,S2,NO,NO,0,0,104,,0,False,True,True,True,False,2026-05-13,23:24:00,2,Null,2 + Null
2026-05-13 23:24:00,S,2.0,peotv,S211,NO,YES,NO,NO,True,3118.07,S2,YES,YES,682,178,939,,860,False,False,False,False,True,2026-05-13,23:24:00,2,peotv,2 + peotv
2026-05-13 23:24:00,S,2.0,peotv,S21,NO,YES,NO,NO,True,-443.09,S2,YES,NO,0,0,132,,0,False,True,True,True,False,2026-05-13,23:24:00,2,peotv,2 + peotv
2026-05-13 23:24:00,E,4.0,extragb,E4111,NO,NO,NO,YES,True,11084.5,E41,NO,NO,0,0,57,,0,True,True,True,True,False,2026-05-13,23:24:00,4,extragb,4 + extragb
2026-05-13 23:24:00,S,4.0,extragb,S4111,NO,NO,NO,YES,True,6852.52,S41,NO,NO,0,0,68,,0,True,True,True,True,False,2026-05-13,23:24:00,4,extragb,4 + extragb
2026-05-13 23:24:00,E,4.0,addon,E41211,NO,NO,YES,YES,True,-85.67,E41,NO,NO,0,0,62,,0,True,True,True,True,False,2026-05-13,23:24:00,4,addon,4 + addon
2026-05-13 23:24:00,S,4.0,extragb,S41121,NO,NO,NO,YES,True,4230.41,S41,NO,NO,0,0,90,,0,True,True,True,True,False,2026-05-13,23:24:00,4,extragb,4 + extragb
2026-05-13 23:23:00,S,7.0,,S7,NO,NO,NO,NO,True,11038.68,S7,YES,YES,639,62,770,,701,False,False,False,False,True,2026-05-13,23:23:00,7,Null,7 + Null
2026-05-13 23:23:00,S,3.0,,S3,NO,NO,NO,NO,True,6182.11,S3,YES,YES,649,381,1118,,1030,False,False,False,False,True,2026-05-13,23:23:00,3,Null,3 + Null
2026-05-13 23:23:00,S,7.0,,S7,NO,NO,NO,NO,True,0.0,S7,YES,NO,0,0,482,,0,False,False,False,True,False,2026-05-13,23:23:00,7,Null,7 + Null
2026-05-13 23:23:00,S,,,S,NO,NO,NO,NO,True,-10.55,,NO,NO,0,0,187,,0,False,True,True,True,False,2026-05-13,23:23:00,Null,Null,Null + Null
2026-05-13 23:23:00,S,2.0,broadband,S221,NO,YES,NO,NO,True,15507.12,S2,YES,YES,647,26,791,,673,False,False,False,False,True,2026-05-13,23:23:00,2,broadband,2 + broadband
2026-05-13 23:23:00,S,2.0,peotv,S21,NO,YES,NO,NO,True,-743.2,S2,YES,NO,0,0,553,,0,False,False,False,False,True,2026-05-13,23:23:00,2,peotv,2 + peotv
2026-05-13 23:23:00,S,2.0,peotv,S211,NO,YES,NO,NO,True,4906.74,S2,YES,YES,681,107,872,,788,False,False,False,False,True,2026-05-13,23:23:00,2,peotv,2 + peotv
2026-05-13 23:23:00,T,3.0,,T3,NO,NO,NO,NO,True,-11.19,T3,NO,NO,0,0,82,,0,True,True,True,True,False,2026-05-13,23:23:00,3,Null,3 + Null
2026-05-13 23:23:00,S,4.0,extragb,S4111,NO,NO,NO,YES,True,4407.7,S41,NO,NO,0,0,38,,0,True,True,True,True,False,2026-05-13,23:23:00,4,extragb,4 + extragb
2026-05-13 23:23:00,S,4.0,extragb,S41121,NO,NO,NO,YES,True,3314.48,S41,NO,NO,0,0,148,,0,False,True,True,True,False,2026-05-13,23:23:00,4,extragb,4 + extragb
2026-05-13 23:23:00,S,2.0,peotv,S21,YES,NO,NO,NO,True,3668.33,S2,YES,NO,0,0,633,,0,False,False,False,False,True,2026-05-13,23:23:00,2,peotv,2 + peotv
2026-05-13 23:22:00,S,,,S,NO,NO,NO,NO,False,,,NO,NO,0,0,71,,0,True,True,True,True,False,2026-05-13,23:22:00,Null,Null,Null + Null
2026-05-13 23:22:00,S,2.0,peotv,S211,NO,YES,NO,NO,True,5065.39,S2,YES,NO,0,0,451,,0,False,False,False,True,False,2026-05-13,23:22:00,2,peotv,2 + peotv
2026-05-13 23:22:00,S,4.0,extragb,S41121,NO,NO,NO,YES,True,16361.24,S41,NO,NO,0,0,57,,0,True,True,True,True,False,2026-05-13,23:22:00,4,extragb,4 + extragb
2026-05-13 23:22:00,S,2.0,peotv,S21,NO,YES,NO,NO,True,1074.37,S2,YES,YES,597,60,707,,657,False,False,False,False,True,2026-05-13,23:22:00,2,peotv,2 + peotv
2026-05-13 23:22:00,E,7.0,,E7,NO,NO,NO,NO,True,0.0,E7,YES,NO,0,0,112,,0,False,True,True,True,False,2026-05-13,23:22:00,7,Null,7 + Null
2026-05-13 23:22:00,S,7.0,,S7,NO,NO,NO,NO,True,9468.43,S7,YES,YES,586,309,1015,,895,False,False,False,False,True,2026-05-13,23:22:00,7,Null,7 + Null
2026-05-13 23:22:00,S,2.0,peotv,S21,NO,YES,NO,NO,True,-464.59,S2,YES,NO,0,0,471,,0,False,False,False,True,False,2026-05-13,23:22:00,2,peotv,2 + peotv
2026-05-13 23:22:00,E,2.0,voice,E23,NO,NO,NO,NO,True,3121.61,E2,YES,NO,0,0,201,,0,False,False,True,True,False,2026-05-13,23:22:00,2,voice,2 + voice
2026-05-13 23:22:00,S,2.0,peotv,S21,NO,NO,NO,NO,True,4905.7,S2,YES,NO,0,0,640,,0,False,False,False,False,True,2026-05-13,23:22:00,2,peotv,2 + peotv
2026-05-13 23:22:00,T,2.0,broadband,T22,NO,YES,NO,NO,True,12487.92,T2,NO,NO,0,0,80,,0,True,True,True,True,False,2026-05-13,23:22:00,2,broadband,2 + broadband
2026-05-13 23:22:00,S,2.0,peotv,S21,NO,YES,NO,NO,True,-42.72,S2,YES,NO,0,0,200,,0,False,False,True,True,False,2026-05-13,23:22:00,2,peotv,2 + peotv
2026-05-13 23:22:00,S,,,S,NO,NO,NO,NO,False,,,NO,NO,0,0,14,,0,True,True,True,True,False,2026-05-13,23:22:00,Null,Null,Null + Null
2026-05-13 23:22:00,S,2.0,peotv,S21,NO,NO,NO,NO,True,9669.35,S2,YES,NO,0,0,192,,0,False,True,True,True,False,2026-05-13,23:22:00,2,peotv,2 + peotv
2026-05-13 23:22:00,S,4.0,addon,S412,NO,NO,NO,NO,True,-443.09,S41,NO,NO,0,0,30,,0,True,True,True,True,False,2026-05-13,23:22:00,4,addon,4 + addon
2026-05-13 23:22:00,S,4.0,extragb,S4111,NO,NO,NO,YES,True,18295.69,S41,NO,NO,0,0,38,,0,True,True,True,True,False,2026-05-13,23:22:00,4,extragb,4 + extragb
2026-05-13 23:22:00,E,7.0,,E,NO,NO,NO,NO,False,,E_LTY,YES,YES,173,294,511,,467,False,False,False,False,True,2026-05-13,23:22:00,7,Null,7 + Null
2026-05-13 23:22:00,S,,,S,NO,NO,NO,NO,False,,,NO,NO,0,0,64,,0,True,True,True,True,False,2026-05-13,23:22:00,Null,Null,Null + Null
2026-05-13 23:22:00,S,3.0,,S3,NO,NO,NO,NO,True,2544.72,S3,YES,NO,0,0,146,,0,False,True,True,True,False,2026-05-13,23:22:00,3,Null,3 + Null
2026-05-13 23:21:00,S,3.0,,S3,NO,NO,NO,NO,True,3736.28,S3,YES,NO,0,0,229,,0,False,False,True,True,False,2026-05-13,23:21:00,3,Null,3 + Null
2026-05-13 23:21:00,S,2.0,peotv,S21,NO,NO,NO,NO,True,4929.92,S2,YES,YES,586,191,876,,777,False,False,False,False,True,2026-05-13,23:21:00,2,peotv,2 + peotv
2026-05-13 23:21:00,S,,,S,NO,NO,NO,NO,False,,,NO,NO,0,0,34,,0,True,True,True,True,False,2026-05-13,23:21:00,Null,Null,Null + Null
2026-05-13 23:21:00,S,7.0,,S7,NO,NO,NO,NO,True,7352.58,S7,YES,NO,0,0,588,,0,False,False,False,False,True,2026-05-13,23:21:00,7,Null,7 + Null
2026-05-13 23:21:00,S,4.0,extragb,S41i,NO,NO,NO,NO,False,,S41,YES,YES,596,228,917,,824,False,False,False,False,True,2026-05-13,23:21:00,4,extragb,4 + extragb
2026-05-13 23:21:00,S,3.0,,S3,NO,NO,NO,NO,True,175.41,S3,YES,NO,0,0,133,,0,False,True,True,True,False,2026-05-13,23:21:00,3,Null,3 + Null
2026-05-13 23:21:00,S,2.0,peotv,S21,YES,NO,NO,NO,True,1624.21,S2,NO,NO,0,0,113,,0,False,True,True,True,False,2026-05-13,23:21:00,2,peotv,2 + peotv
2026-05-13 23:21:00,S,3.0,,S3,NO,NO,NO,NO,True,5993.84,S3,YES,YES,599,192,850,,791,False,False,False,False,True,2026-05-13,23:21:00,3,Null,3 + Null
2026-05-13 23:21:00,S,3.0,,S3,NO,NO,NO,NO,True,4510.76,S3,YES,YES,631,81,772,,712,False,False,False,False,True,2026-05-13,23:21:00,3,Null,3 + Null
2026-05-13 23:21:00,S,2.0,peotv,S21,NO,NO,NO,NO,True,1154.42,S2,YES,YES,670,29,786,,699,False,False,False,False,True,2026-05-13,23:21:00,2,peotv,2 + peotv
2026-05-13 23:21:00,E,2.0,voice,E23,NO,NO,NO,NO,True,-1879.33,E2,YES,NO,0,0,842,,0,False,False,False,False,True,2026-05-13,23:21:00,2,voice,2 + voice
2026-05-13 23:21:00,S,1.0,,SLty1,NO,NO,NO,NO,False,,S1,YES,NO,0,0,375,,0,False,False,False,True,False,2026-05-13,23:21:00,1,Null,1 + Null
2026-05-13 23:21:00,S,2.0,voice,S23,NO,NO,NO,NO,True,2130.96,S2,YES,NO,0,0,227,,0,False,False,True,True,False,2026-05-13,23:21:00,2,voice,2 + voice
2026-05-13 23:21:00,E,4.0,extragb,E41121,NO,NO,NO,YES,True,7889.69,E41,NO,NO,0,0,80,,0,True,True,True,True,False,2026-05-13,23:21:00,4,extragb,4 + extragb
2026-05-13 23:21:00,S,7.0,,S,NO,NO,NO,NO,False,,S_LTY,YES,NO,0,0,48,,0,True,True,True,True,False,2026-05-13,23:21:00,7,Null,7 + Null
2026-05-13 23:21:00,S,2.0,broadband,S22,NO,NO,NO,NO,True,9466.08,S2,YES,NO,0,0,227,,0,False,False,True,True,False,2026-05-13,23:21:00,2,broadband,2 + broadband
2026-05-13 23:21:00,S,4.0,extragb,S4112,NO,NO,NO,NO,True,2368.33,S41,NO,NO,0,0,23,,0,True,True,True,True,False,2026-05-13,23:21:00,4,extragb,4 + extragb
2026-05-13 23:20:00,S,2.0,broadband,S22,NO,NO,NO,NO,True,0.0,S2,YES,NO,0,0,504,,0,False,False,False,False,True,2026-05-13,23:20:00,2,broadband,2 + broadband
2026-05-13 23:20:00,S,3.0,,S3,NO,NO,NO,NO,True,7414.31,S3,YES,YES,569,116,783,,685,False,False,False,False,True,2026-05-13,23:20:00,3,Null,3 + Null
2026-05-13 23:20:00,E,,,E,NO,NO,NO,NO,False,,,NO,NO,0,0,21,,0,True,True,True,True,False,2026-05-13,23:20:00,Null,Null,Null + Null
2026-05-13 23:20:00,T,4.0,extragb,T411,NO,NO,NO,NO,True,7368.76,T41,YES,NO,0,0,354,,0,False,False,False,True,False,2026-05-13,23:20:00,4,extragb,4 + extragb
2026-05-13 23:20:00,E,2.0,peotv,E21,YES,NO,NO,NO,True,0.0,E2,NO,NO,0,0,58,,0,True,True,True,True,False,2026-05-13,23:20:00,2,peotv,2 + peotv
2026-05-13 23:20:00,E,2.0,peotv,E21,NO,NO,NO,NO,True,-4104.02,E2,YES,NO,0,0,250,,0,False,False,True,True,False,2026-05-13,23:20:00,2,peotv,2 + peotv
2026-05-13 23:20:00,S,2.0,peotv,S211,NO,YES,NO,NO,True,13738.44,S2,YES,NO,0,0,441,,0,False,False,False,True,False,2026-05-13,23:20:00,2,peotv,2 + peotv
2026-05-13 23:20:00,S,,,S,NO,NO,NO,NO,False,,,NO,NO,0,0,25,,0,True,True,True,True,False,2026-05-13,23:20:00,Null,Null,Null + Null
2026-05-13 23:20:00,S,4.0,extragb,S411,NO,NO,NO,NO,True,3145.23,S41,YES,NO,0,0,224,,0,False,False,True,True,False,2026-05-13,23:20:00,4,extragb,4 + extragb
2026-05-13 23:20:00,S,1.0,,SLty1,NO,NO,NO,NO,False,,S1,YES,NO,0,0,153,,0,False,True,True,True,False,2026-05-13,23:20:00,1,Null,1 + Null
2026-05-13 23:20:00,S,2.0,peotv,S21,NO,YES,NO,NO,True,1825.15,S2,YES,NO,0,0,312,,0,False,False,False,True,False,2026-05-13,23:20:00,2,peotv,2 + peotv
2026-05-13 23:20:00,S,,,S,NO,NO,NO,NO,False,,,NO,NO,0,0,23,,0,True,True,True,True,False,2026-05-13,23:20:00,Null,Null,Null + Null
2026-05-13 23:20:00,E,,,E,NO,NO,NO,NO,False,,,NO,NO,0,0,26,,0,True,True,True,True,False,2026-05-13,23:20:00,Null,Null,Null + Null
2026-05-13 23:20:00,S,2.0,peotv,S21,NO,NO,NO,NO,True,3032.29,S2,YES,NO,0,0,263,,0,False,False,True,True,False,2026-05-13,23:20:00,2,peotv,2 + peotv
2026-05-13 23:20:00,S,1.0,,S1,NO,NO,NO,NO,True,6191.46,S1,YES,NO,0,0,113,,0,False,True,True,True,False,2026-05-13,23:20:00,1,Null,1 + Null
2026-05-13 23:20:00,S,7.0,,S7,NO,NO,NO,NO,True,-26.87,S7,YES,YES,582,46,711,,628,False,False,False,False,True,2026-05-13,23:20:00,7,Null,7 + Null
2026-05-13 23:19:00,S,4.0,extragb,S4111,NO,NO,NO,YES,True,938.02,S41,NO,NO,0,0,30,,0,True,True,True,True,False,2026-05-13,23:19:00,4,extragb,4 + extragb
2026-05-13 23:19:00,S,2.0,peotv,S211,NO,YES,NO,NO,True,5492.14,S2,YES,NO,0,0,196,,0,False,True,True,True,False,2026-05-13,23:19:00,2,peotv,2 + peotv
2026-05-13 23:19:00,T,,,T,NO,NO,NO,NO,False,,,NO,NO,0,0,31,,0,True,True,True,True,False,2026-05-13,23:19:00,Null,Null,Null + Null
2026-05-13 23:19:00,S,3.0,,S3,NO,NO,NO,NO,False,,S3,YES,NO,0,0,397,,0,False,False,False,True,False,2026-05-13,23:19:00,3,Null,3 + Null
2026-05-13 23:19:00,S,2.0,broadband,S22,NO,NO,YES,NO,True,6229.75,S2,YES,YES,678,113,891,,791,False,False,False,False,True,2026-05-13,23:19:00,2,broadband,2 + broadband
2026-05-13 23:19:00,S,,,S,NO,NO,NO,NO,False,,,NO,NO,0,0,31,,0,True,True,True,True,False,2026-05-13,23:19:00,Null,Null,Null + Null
2026-05-13 23:19:00,S,,,S,NO,NO,NO,NO,True,9669.35,,NO,NO,0,0,63,,0,True,True,True,True,False,2026-05-13,23:19:00,Null,Null,Null + Null
2026-05-13 23:19:00,S,2.0,peotv,S21,NO,NO,NO,NO,True,3429.22,S2,YES,NO,0,0,659,,0,False,False,False,False,True,2026-05-13,23:19:00,2,peotv,2 + peotv
2026-05-13 23:19:00,S,2.0,broadband,S22,NO,NO,NO,NO,True,-0.02,S2,YES,NO,0,0,380,,0,False,False,False,True,False,2026-05-13,23:19:00,2,broadband,2 + broadband
2026-05-13 23:18:00,S,2.0,peotv,S21,NO,NO,NO,NO,True,-85.89,S2,YES,NO,0,0,374,,0,False,False,False,True,False,2026-05-13,23:18:00,2,peotv,2 + peotv
2026-05-13 23:18:00,S,2.0,peotv,S21,NO,NO,NO,NO,True,1980.63,S2,YES,YES,640,149,848,,789,False,False,False,False,True,2026-05-13,23:18:00,2,peotv,2 + peotv
2026-05-13 23:18:00,S,,,S,NO,NO,NO,NO,False,,,NO,NO,0,0,31,,0,True,True,True,True,False,2026-05-13,23:18:00,Null,Null,Null + Null
2026-05-13 23:18:00,S,7.0,,S7,NO,NO,NO,NO,True,-12.63,S7,YES,NO,0,0,434,,0,False,False,False,True,False,2026-05-13,23:18:00,7,Null,7 + Null
2026-05-13 23:18:00,S,2.0,peotv,S21,NO,YES,NO,NO,True,-443.09,S2,YES,NO,0,0,442,,0,False,False,False,True,False,2026-05-13,23:18:00,2,peotv,2 + peotv
2026-05-13 23:18:00,S,2.0,peotv,S21,NO,NO,NO,NO,True,8956.02,S2,YES,YES,645,108,849,,753,False,False,False,False,True,2026-05-13,23:18:00,2,peotv,2 + peotv
2026-05-13 23:18:00,S,2.0,peotv,S21,YES,NO,NO,NO,True,3121.61,S2,YES,NO,0,0,141,,0,False,True,True,True,False,2026-05-13,23:18:00,2,peotv,2 + peotv
2026-05-13 23:18:00,S,7.0,,S7,NO,NO,NO,NO,True,1563.13,S7,YES,YES,768,364,1246,,1132,False,False,False,False,True,2026-05-13,23:18:00,7,Null,7 + Null
2026-05-13 23:18:00,S,2.0,peotv,S21,NO,NO,NO,NO,True,2258.1,S2,YES,NO,0,0,91,,0,True,True,True,True,False,2026-05-13,23:18:00,2,peotv,2 + peotv
2026-05-13 23:18:00,S,,,S,NO,NO,NO,NO,False,,,NO,NO,0,0,30,,0,True,True,True,True,False,2026-05-13,23:18:00,Null,Null,Null + Null
2026-05-13 23:18:00,S,4.0,extragb,S41i,NO,NO,NO,NO,True,1333.43,S41,NO,NO,0,0,39,,0,True,True,True,True,False,2026-05-13,23:18:00,4,extragb,4 + extragb
2026-05-13 23:17:00,S,2.0,peotv,S21,NO,YES,NO,NO,True,-0.75,S2,YES,YES,638,118,808,,756,False,False,False,False,True,2026-05-13,23:17:00,2,peotv,2 + peotv
2026-05-13 23:17:00,S,2.0,voice,S23,YES,NO,NO,NO,True,9036.15,S2,YES,YES,701,112,901,,813,False,False,False,False,True,2026-05-13,23:17:00,2,voice,2 + voice
2026-05-13 23:17:00,S,4.0,extragb,S41121,NO,NO,NO,YES,True,26690.04,S41,NO,NO,0,0,111,,0,False,True,True,True,False,2026-05-13,23:17:00,4,extragb,4 + extragb
2026-05-13 23:17:00,S,7.0,,S7,NO,NO,NO,NO,True,3326.64,S7,YES,YES,701,104,850,,805,False,False,False,False,True,2026-05-13,23:17:00,7,Null,7 + Null
2026-05-13 23:17:00,S,2.0,voice,S23,NO,NO,NO,NO,True,5914.94,S2,YES,NO,0,0,459,,0,False,False,False,True,False,2026-05-13,23:17:00,2,voice,2 + voice
2026-05-13 23:17:00,S,,,S,NO,NO,NO,NO,False,,,NO,NO,0,0,45,,0,True,True,True,True,False,2026-05-13,23:17:00,Null,Null,Null + Null
2026-05-13 23:17:00,S,2.0,peotv,S211,NO,YES,NO,NO,True,8797.1,S2,YES,YES,723,116,915,,839,False,False,False,False,True,2026-05-13,23:17:00,2,peotv,2 + peotv
2026-05-13 23:17:00,S,2.0,peotv,S21,NO,NO,NO,NO,True,5260.58,S2,YES,YES,642,71,848,,713,False,False,False,False,True,2026-05-13,23:17:00,2,peotv,2 + peotv
2026-05-13 23:17:00,T,7.0,,T7,NO,NO,NO,NO,False,,T7,YES,YES,762,289,1142,,1051,False,False,False,False,True,2026-05-13,23:17:00,7,Null,7 + Null
2026-05-13 23:16:00,S,2.0,peotv,S211,NO,YES,NO,NO,True,5349.17,S2,YES,NO,0,0,625,,0,False,False,False,False,True,2026-05-13,23:16:00,2,peotv,2 + peotv
2026-05-13 23:16:00,S,2.0,peotv,S21,NO,NO,NO,NO,True,0.0,S2,YES,NO,0,0,235,,0,False,False,True,True,False,2026-05-13,23:16:00,2,peotv,2 + peotv
2026-05-13 23:16:00,S,2.0,peotv,S21,YES,NO,NO,NO,True,2983.94,S2,NO,NO,0,0,68,,0,True,True,True,True,False,2026-05-13,23:16:00,2,peotv,2 + peotv
2026-05-13 23:16:00,S,,,S,NO,NO,NO,NO,False,,,NO,NO,0,0,26,,0,True,True,True,True,False,2026-05-13,23:16:00,Null,Null,Null + Null
2026-05-13 23:16:00,S,2.0,peotv,S211,NO,YES,NO,NO,True,2998.26,S2,YES,NO,0,0,370,,0,False,False,False,True,False,2026-05-13,23:16:00,2,peotv,2 + peotv
2026-05-13 23:16:00,S,1.0,,S1,NO,NO,NO,NO,True,5973.54,S1,YES,YES,742,87,892,,829,False,False,False,False,True,2026-05-13,23:16:00,1,Null,1 + Null
2026-05-13 23:16:00,S,2.0,peotv,S21,NO,NO,NO,NO,True,-4104.02,S2,YES,NO,0,0,616,,0,False,False,False,False,True,2026-05-13,23:16:00,2,peotv,2 + peotv
2026-05-13 23:16:00,S,1.0,,MOBITEL_SLty1,NO,NO,NO,NO,False,,S1,YES,NO,0,0,89,,0,True,True,True,True,False,2026-05-13,23:16:00,1,Null,1 + Null
2026-05-13 23:16:00,S,2.0,peotv,S21,NO,NO,NO,NO,True,6201.69,S2,YES,NO,0,0,428,,0,False,False,False,True,False,2026-05-13,23:16:00,2,peotv,2 + peotv
2026-05-13 23:15:00,S,2.0,peotv,S21,NO,YES,NO,NO,True,2317.1,S2,NO,NO,0,0,102,,0,False,True,True,True,False,2026-05-13,23:15:00,2,peotv,2 + peotv
2026-05-13 23:15:00,S,2.0,peotv,S211,NO,YES,NO,NO,True,6115.88,S2,YES,NO,0,0,518,,0,False,False,False,False,True,2026-05-13,23:15:00,2,peotv,2 + peotv
2026-05-13 23:15:00,S,2.0,broadband,S222,NO,NO,YES,NO,True,9666.96,S2,YES,YES,746,282,1150,,1028,False,False,False,False,True,2026-05-13,23:15:00,2,broadband,2 + broadband
2026-05-13 23:15:00,S,2.0,peotv,S21,NO,NO,NO,NO,True,2000.0,S2,YES,NO,0,0,674,,0,False,False,False,False,True,2026-05-13,23:15:00,2,peotv,2 + peotv
2026-05-13 23:15:00,S,1.0,,SLty1,NO,NO,NO,NO,False,,S1,YES,YES,731,42,820,,773,False,False,False,False,True,2026-05-13,23:15:00,1,Null,1 + Null
2026-05-13 23:15:00,S,4.0,extragb,S41t,NO,NO,NO,NO,True,3032.29,S41,NO,NO,0,0,71,,0,True,True,True,True,False,2026-05-13,23:15:00,4,extragb,4 + extragb
2026-05-13 23:15:00,E,2.0,peotv,E21,NO,YES,NO,NO,True,-234.03,E2,YES,YES,854,91,1037,,945,False,False,False,False,True,2026-05-13,23:15:00,2,peotv,2 + peotv
2026-05-13 23:15:00,S,3.0,,S3,NO,NO,NO,NO,True,6900.0,S3,YES,YES,816,52,960,,868,False,False,False,False,True,2026-05-13,23:15:00,3,Null,3 + Null
2026-05-13 23:15:00,S,2.0,peotv,S21,NO,YES,NO,NO,True,-505.29,S2,YES,YES,817,161,1102,,978,False,False,False,False,True,2026-05-13,23:15:00,2,peotv,2 + peotv
2026-05-13 23:15:00,E,2.0,peotv,E21,NO,NO,NO,NO,True,-11.19,E2,YES,NO,0,0,305,,0,False,False,False,True,False,2026-05-13,23:15:00,2,peotv,2 + peotv
2026-05-13 23:15:00,S,4.0,extragb,S4112,NO,NO,NO,NO,True,890.42,S41,NO,NO,0,0,16,,0,True,True,True,True,False,2026-05-13,23:15:00,4,extragb,4 + extragb
2026-05-13 23:15:00,S,2.0,peotv,S21,NO,NO,NO,NO,True,5005.51,S2,YES,YES,863,42,950,,905,False,False,False,False,True,2026-05-13,23:15:00,2,peotv,2 + peotv
2026-05-13 23:15:00,S,4.0,extragb,S4111,NO,NO,NO,YES,True,0.0,S41,NO,NO,0,0,94,,0,True,True,True,True,False,2026-05-13,23:15:00,4,extragb,4 + extragb
2026-05-13 23:15:00,S,4.0,extragb,S4111,NO,NO,NO,YES,True,17814.24,S41,NO,NO,0,0,72,,0,True,True,True,True,False,2026-05-13,23:15:00,4,extragb,4 + extragb
2026-05-13 23:15:00,S,,,S,NO,NO,NO,NO,False,,,NO,NO,0,0,24,,0,True,True,True,True,False,2026-05-13,23:15:00,Null,Null,Null + Null
2026-05-13 23:15:00,S,2.0,peotv,S21,NO,NO,NO,NO,True,-356.4,S2,YES,NO,0,0,234,,0,False,False,True,True,False,2026-05-13,23:15:00,2,peotv,2 + peotv
2026-05-13 23:15:00,S,4.0,extragb,S411,NO,NO,NO,NO,True,18371.36,S41,YES,NO,0,0,781,,0,False,False,False,False,True,2026-05-13,23:15:00,4,extragb,4 + extragb
2026-05-13 23:15:00,S,2.0,voice,S23,NO,NO,NO,NO,True,2130.96,S2,YES,NO,0,0,529,,0,False,False,False,False,True,2026-05-13,23:15:00,2,voice,2 + voice
2026-05-13 23:15:00,S,2.0,peotv,S21,NO,NO,NO,NO,True,22996.82,S2,YES,NO,0,0,400,,0,False,False,False,True,False,2026-05-13,23:15:00,2,peotv,2 + peotv
2026-05-13 23:15:00,S,,,S,NO,NO,NO,NO,False,,,NO,NO,0,0,20,,0,True,True,True,True,False,2026-05-13,23:15:00,Null,Null,Null + Null
2026-05-13 23:15:00,S,4.0,extragb,S4111,NO,NO,NO,YES,True,11564833.65,S41,NO,NO,0,0,49,,0,True,True,True,True,False,2026-05-13,23:15:00,4,extragb,4 + extragb
2026-05-13 23:14:00,S,,,S,NO,NO,NO,NO,False,,,NO,NO,0,0,26,,0,True,True,True,True,False,2026-05-13,23:14:00,Null,Null,Null + Null
2026-05-13 23:14:00,S,7.0,,S7,NO,NO,NO,NO,True,11079.81,S7,YES,YES,845,67,983,,912,False,False,False,False,True,2026-05-13,23:14:00,7,Null,7 + Null
2026-05-13 23:14:00,S,2.0,voice,S23,YES,NO,NO,NO,True,4852.23,S2,YES,YES,862,41,991,,903,False,False,False,False,True,2026-05-13,23:14:00,2,voice,2 + voice
2026-05-13 23:14:00,S,2.0,peotv,S21,NO,YES,NO,NO,True,-689.18,S2,YES,NO,0,0,181,,0,False,True,True,True,False,2026-05-13,23:14:00,2,peotv,2 + peotv
2026-05-13 23:14:00,S,2.0,other,S2t,NO,NO,NO,NO,True,2641.34,S2,YES,YES,752,201,1069,,953,False,False,False,False,True,2026-05-13,23:14:00,2,other,2 + other
2026-05-13 23:14:00,S,2.0,other,S24,NO,NO,NO,NO,False,,S2,YES,YES,773,255,1103,,1028,False,False,False,False,True,2026-05-13,23:14:00,2,other,2 + other
2026-05-13 23:14:00,S,7.0,,S7,NO,NO,NO,NO,True,-6.13,S7,YES,NO,0,0,419,,0,False,False,False,True,False,2026-05-13,23:14:00,7,Null,7 + Null
2026-05-13 23:14:00,S,,,S,NO,NO,NO,NO,False,,,NO,NO,0,0,25,,0,True,True,True,True,False,2026-05-13,23:14:00,Null,Null,Null + Null
2026-05-13 23:14:00,S,,,S,NO,NO,NO,NO,True,3032.29,,NO,NO,0,0,93,,0,True,True,True,True,False,2026-05-13,23:14:00,Null,Null,Null + Null
2026-05-13 23:14:00,S,2.0,broadband,S22,NO,NO,NO,NO,True,0.0,S2,YES,NO,0,0,892,,0,False,False,False,False,True,2026-05-13,23:14:00,2,broadband,2 + broadband
2026-05-13 23:14:00,S,,,S,NO,NO,NO,NO,False,,,NO,NO,0,0,149,,0,False,True,True,True,False,2026-05-13,23:14:00,Null,Null,Null + Null
2026-05-13 23:14:00,S,2.0,peotv,MOBITEL_S21,NO,YES,NO,NO,True,3499.82,S2,NO,NO,0,0,121,,0,False,True,True,True,False,2026-05-13,23:14:00,2,peotv,2 + peotv
2026-05-13 23:14:00,S,3.0,,S3,NO,NO,NO,NO,True,536.73,S3,NO,NO,0,0,52,,0,True,True,True,True,False,2026-05-13,23:14:00,3,Null,3 + Null
2026-05-13 23:14:00,S,4.0,extragb,S4111,NO,NO,NO,YES,True,14756.6,S41,NO,NO,0,0,55,,0,True,True,True,True,False,2026-05-13,23:14:00,4,extragb,4 + extragb
2026-05-13 23:14:00,S,4.0,extragb,S4112,NO,NO,NO,NO,True,-716.26,S41,NO,NO,0,0,22,,0,True,True,True,True,False,2026-05-13,23:14:00,4,extragb,4 + extragb
2026-05-13 23:14:00,S,4.0,extragb,S41121,NO,NO,NO,YES,True,8175.81,S41,NO,NO,0,0,123,,0,False,True,True,True,False,2026-05-13,23:14:00,4,extragb,4 + extragb
2026-05-13 23:14:00,S,2.0,peotv,S21,NO,NO,NO,NO,True,4449.64,S2,YES,YES,838,34,950,,872,False,False,False,False,True,2026-05-13,23:14:00,2,peotv,2 + peotv
2026-05-13 23:14:00,S,2.0,peotv,S211,NO,YES,NO,NO,True,6018.68,S2,YES,YES,766,129,970,,895,False,False,False,False,True,2026-05-13,23:14:00,2,peotv,2 + peotv
2026-05-13 23:13:00,S,,,S,NO,NO,NO,NO,False,,,NO,NO,0,0,21,,0,True,True,True,True,False,2026-05-13,23:13:00,Null,Null,Null + Null
2026-05-13 23:13:00,S,4.0,extragb,S411,NO,NO,NO,NO,True,6845.97,S41,YES,NO,0,0,860,,0,False,False,False,False,True,2026-05-13,23:13:00,4,extragb,4 + extragb
2026-05-13 23:13:00,S,,,S,NO,NO,NO,NO,False,,,NO,NO,0,0,33,,0,True,True,True,True,False,2026-05-13,23:13:00,Null,Null,Null + Null
2026-05-13 23:13:00,S,,,S,NO,NO,NO,NO,False,,,NO,NO,0,0,23,,0,True,True,True,True,False,2026-05-13,23:13:00,Null,Null,Null + Null
2026-05-13 23:13:00,S,4.0,extragb,S41121,NO,NO,NO,YES,True,5167.94,S41,NO,NO,0,0,63,,0,True,True,True,True,False,2026-05-13,23:13:00,4,extragb,4 + extragb
2026-05-13 23:13:00,S,2.0,peotv,S21,NO,NO,NO,NO,True,631.69,S2,YES,NO,0,0,213,,0,False,False,True,True,False,2026-05-13,23:13:00,2,peotv,2 + peotv
2026-05-13 23:13:00,S,2.0,peotv,S21,NO,NO,NO,NO,True,5825.92,S2,YES,YES,800,381,1286,,1181,False,False,False,False,True,2026-05-13,23:13:00,2,peotv,2 + peotv
2026-05-13 23:13:00,S,2.0,peotv,S21,NO,YES,NO,NO,True,2451.09,S2,NO,NO,0,0,126,,0,False,True,True,True,False,2026-05-13,23:13:00,2,peotv,2 + peotv
2026-05-13 23:13:00,S,2.0,peotv,S21,NO,YES,NO,NO,True,0.0,S2,YES,NO,0,0,212,,0,False,False,True,True,False,2026-05-13,23:13:00,2,peotv,2 + peotv
2026-05-13 23:13:00,S,4.0,extragb,S411,NO,NO,NO,NO,True,8616.15,S41,YES,NO,0,0,304,,0,False,False,False,True,False,2026-05-13,23:13:00,4,extragb,4 + extragb
2026-05-13 23:13:00,S,4.0,extragb,S41t,NO,NO,NO,NO,True,-743.2,S41,NO,NO,0,0,76,,0,True,True,True,True,False,2026-05-13,23:13:00,4,extragb,4 + extragb
2026-05-13 23:13:00,S,2.0,peotv,S21,NO,NO,NO,NO,True,4208.74,S2,YES,NO,0,0,179,,0,False,True,True,True,False,2026-05-13,23:13:00,2,peotv,2 + peotv
2026-05-13 23:13:00,S,2.0,peotv,S21,NO,NO,NO,NO,True,6698.77,S2,YES,YES,814,22,961,,836,False,False,False,False,True,2026-05-13,23:13:00,2,peotv,2 + peotv
2026-05-13 23:13:00,S,2.0,peotv,S211,NO,YES,NO,NO,True,4306.09,S2,YES,NO,0,0,582,,0,False,False,False,False,True,2026-05-13,23:13:00,2,peotv,2 + peotv
2026-05-13 23:13:00,S,,,S,NO,NO,NO,NO,False,,,NO,NO,0,0,43,,0,True,True,True,True,False,2026-05-13,23:13:00,Null,Null,Null + Null
2026-05-13 23:13:00,S,4.0,extragb,S4112,NO,NO,NO,NO,True,4626.54,S41,NO,NO,0,0,44,,0,True,True,True,True,False,2026-05-13,23:13:00,4,extragb,4 + extragb
2026-05-13 23:12:00,S,2.0,peotv,S21,NO,NO,NO,NO,True,4095.81,S2,YES,YES,765,52,868,,817,False,False,False,False,True,2026-05-13,23:12:00,2,peotv,2 + peotv
2026-05-13 23:12:00,S,2.0,peotv,S21,NO,NO,NO,NO,True,60.53,S2,YES,YES,772,43,896,,815,False,False,False,False,True,2026-05-13,23:12:00,2,peotv,2 + peotv
2026-05-13 23:12:00,S,3.0,,S3,NO,NO,NO,NO,True,0.0,S3,NO,NO,0,0,71,,0,True,True,True,True,False,2026-05-13,23:12:00,3,Null,3 + Null
2026-05-13 23:12:00,S,2.0,peotv,S21,NO,NO,NO,NO,True,-86.6,S2,YES,NO,0,0,486,,0,False,False,False,True,False,2026-05-13,23:12:00,2,peotv,2 + peotv
2026-05-13 23:12:00,S,2.0,broadband,S22,YES,NO,NO,NO,True,4327.12,S2,NO,NO,0,0,121,,0,False,True,True,True,False,2026-05-13,23:12:00,2,broadband,2 + broadband
2026-05-13 23:12:00,S,2.0,peotv,S21,NO,YES,NO,NO,True,0.0,S2,YES,NO,0,0,706,,0,False,False,False,False,True,2026-05-13,23:12:00,2,peotv,2 + peotv
2026-05-13 23:12:00,S,3.0,,S3,NO,NO,NO,NO,True,12620.13,S3,NO,NO,0,0,118,,0,False,True,True,True,False,2026-05-13,23:12:00,3,Null,3 + Null
2026-05-13 23:12:00,S,2.0,peotv,S21,NO,YES,NO,NO,True,-4084.38,S2,YES,NO,0,0,465,,0,False,False,False,True,False,2026-05-13,23:12:00,2,peotv,2 + peotv
2026-05-13 23:12:00,S,1.0,,SLty1,NO,NO,NO,NO,False,,S1,YES,NO,0,0,91,,0,True,True,True,True,False,2026-05-13,23:12:00,1,Null,1 + Null
2026-05-13 23:12:00,S,2.0,peotv,S21,NO,YES,NO,NO,True,1064.62,S2,YES,NO,0,0,268,,0,False,False,True,True,False,2026-05-13,23:12:00,2,peotv,2 + peotv
2026-05-13 23:12:00,S,2.0,peotv,S211,NO,YES,NO,NO,True,5311.85,S2,YES,NO,0,0,151,,0,False,True,True,True,False,2026-05-13,23:12:00,2,peotv,2 + peotv
2026-05-13 23:12:00,S,2.0,peotv,S21,NO,NO,NO,NO,True,2676.63,S2,YES,NO,0,0,215,,0,False,False,True,True,False,2026-05-13,23:12:00,2,peotv,2 + peotv
2026-05-13 23:12:00,S,3.0,,S3,NO,NO,NO,NO,True,13408.87,S3,YES,NO,0,0,619,,0,False,False,False,False,True,2026-05-13,23:12:00,3,Null,3 + Null
2026-05-13 23:12:00,S,2.0,peotv,S21,NO,NO,NO,NO,True,3442.41,S2,YES,YES,797,242,1152,,1039,False,False,False,False,True,2026-05-13,23:12:00,2,peotv,2 + peotv
2026-05-13 23:12:00,S,2.0,peotv,MOBITEL_S21,NO,NO,NO,NO,True,7022.68,S2,YES,NO,0,0,99,,0,True,True,True,True,False,2026-05-13,23:12:00,2,peotv,2 + peotv
2026-05-13 23:12:00,S,,,S,NO,NO,NO,NO,False,,,NO,NO,0,0,167,,0,False,True,True,True,False,2026-05-13,23:12:00,Null,Null,Null + Null
2026-05-13 23:11:00,S,7.0,,S,NO,NO,NO,NO,False,,S_LTY,YES,YES,33,166,250,,199,False,False,True,True,False,2026-05-13,23:11:00,7,Null,7 + Null
2026-05-13 23:11:00,E,3.0,,E3,NO,NO,NO,NO,True,5369.75,E3,YES,YES,803,267,1150,,1070,False,False,False,False,True,2026-05-13,23:11:00,3,Null,3 + Null
2026-05-13 23:11:00,S,2.0,peotv,S211,NO,YES,NO,NO,True,5095.09,S2,YES,YES,803,138,1057,,941,False,False,False,False,True,2026-05-13,23:11:00,2,peotv,2 + peotv
2026-05-13 23:11:00,S,4.0,extragb,S4111,NO,NO,NO,YES,True,30951.91,S41,NO,NO,0,0,31,,0,True,True,True,True,False,2026-05-13,23:11:00,4,extragb,4 + extragb
2026-05-13 23:11:00,S,4.0,extragb,S4111,NO,NO,NO,NO,True,749.72,S41,NO,NO,0,0,30,,0,True,True,True,True,False,2026-05-13,23:11:00,4,extragb,4 + extragb
2026-05-13 23:11:00,S,1.0,,S1,NO,NO,NO,NO,True,-46.1,S1,YES,NO,0,0,623,,0,False,False,False,False,True,2026-05-13,23:11:00,1,Null,1 + Null
2026-05-13 23:11:00,S,3.0,,S3,NO,NO,NO,NO,True,8442.35,S3,YES,YES,814,77,948,,891,False,False,False,False,True,2026-05-13,23:11:00,3,Null,3 + Null
2026-05-13 23:11:00,S,4.0,extragb,S4111,NO,NO,NO,NO,True,5147.72,S41,YES,NO,0,0,265,,0,False,False,True,True,False,2026-05-13,23:11:00,4,extragb,4 + extragb
2026-05-13 23:11:00,S,,,S,NO,NO,NO,NO,False,,,NO,NO,0,0,27,,0,True,True,True,True,False,2026-05-13,23:11:00,Null,Null,Null + Null
2026-05-13 23:11:00,T,,,T,NO,NO,NO,NO,False,,,NO,NO,0,0,93,,0,True,True,True,True,False,2026-05-13,23:11:00,Null,Null,Null + Null
2026-05-13 23:11:00,S,,,S,NO,NO,NO,NO,False,,,NO,NO,0,0,21,,0,True,True,True,True,False,2026-05-13,23:11:00,Null,Null,Null + Null
2026-05-13 23:11:00,S,2.0,peotv,S21,NO,YES,NO,NO,True,-42.72,S2,YES,NO,0,0,197,,0,False,True,True,True,False,2026-05-13,23:11:00,2,peotv,2 + peotv
2026-05-13 23:11:00,S,,,S,NO,NO,NO,NO,False,,,NO,NO,0,0,23,,0,True,True,True,True,False,2026-05-13,23:11:00,Null,Null,Null + Null
2026-05-13 23:11:00,S,7.0,,S7,NO,NO,NO,NO,True,-12.63,S7,YES,NO,0,0,496,,0,False,False,False,True,False,2026-05-13,23:11:00,7,Null,7 + Null
2026-05-13 23:11:00,S,3.0,,S3,NO,NO,NO,NO,True,210.99,S3,YES,NO,0,0,688,,0,False,False,False,False,True,2026-05-13,23:11:00,3,Null,3 + Null
2026-05-13 23:11:00,S,1.0,,SLty1,NO,NO,NO,NO,False,,S1,YES,NO,0,0,716,,0,False,False,False,False,True,2026-05-13,23:11:00,1,Null,1 + Null
2026-05-13 23:11:00,S,4.0,extragb,S4112,NO,NO,NO,NO,True,-107.65,S41,NO,NO,0,0,52,,0,True,True,True,True,False,2026-05-13,23:11:00,4,extragb,4 + extragb
2026-05-13 23:11:00,S,2.0,peotv,S21,NO,NO,NO,NO,True,2445.9,S2,YES,YES,771,144,1005,,915,False,False,False,False,True,2026-05-13,23:11:00,2,peotv,2 + peotv
2026-05-13 23:11:00,S,4.0,extragb,S4111,NO,NO,NO,YES,True,-2317.15,S41,NO,NO,0,0,53,,0,True,True,True,True,False,2026-05-13,23:11:00,4,extragb,4 + extragb
2026-05-13 23:10:00,S,4.0,addon,S412,NO,NO,NO,NO,True,-443.09,S41,NO,NO,0,0,49,,0,True,True,True,True,False,2026-05-13,23:10:00,4,addon,4 + addon
2026-05-13 23:10:00,S,4.0,extragb,S411,NO,NO,NO,NO,True,9051.45,S41,YES,NO,0,0,119,,0,False,True,True,True,False,2026-05-13,23:10:00,4,extragb,4 + extragb
2026-05-13 23:10:00,S,3.0,,S3,NO,NO,NO,NO,True,-40.24,S3,YES,NO,0,0,150,,0,False,True,True,True,False,2026-05-13,23:10:00,3,Null,3 + Null
2026-05-13 23:10:00,S,2.0,voice,S23,NO,NO,NO,NO,True,-590.24,S2,NO,NO,0,0,169,,0,False,True,True,True,False,2026-05-13,23:10:00,2,voice,2 + voice
2026-05-13 23:10:00,S,3.0,,S3,NO,NO,NO,NO,True,7396.38,S3,YES,NO,0,0,236,,0,False,False,True,True,False,2026-05-13,23:10:00,3,Null,3 + Null
2026-05-13 23:10:00,S,7.0,,S7,NO,NO,NO,NO,True,-12.63,S7,YES,YES,814,28,873,,842,False,False,False,False,True,2026-05-13,23:10:00,7,Null,7 + Null
2026-05-13 23:10:00,S,4.0,extragb,S4111,NO,NO,NO,YES,True,9318.85,S41,NO,NO,0,0,81,,0,True,True,True,True,False,2026-05-13,23:10:00,4,extragb,4 + extragb
2026-05-13 23:10:00,S,2.0,broadband,S221,NO,YES,NO,NO,True,14754.58,S2,YES,YES,803,95,1001,,898,False,False,False,False,True,2026-05-13,23:10:00,2,broadband,2 + broadband
2026-05-13 23:10:00,S,4.0,extragb,S4111,NO,NO,NO,YES,True,13645.2,S41,NO,NO,0,0,135,,0,False,True,True,True,False,2026-05-13,23:10:00,4,extragb,4 + extragb
2026-05-13 23:10:00,S,2.0,peotv,S21,NO,NO,NO,NO,True,-251.27,S2,YES,NO,0,0,396,,0,False,False,False,True,False,2026-05-13,23:10:00,2,peotv,2 + peotv
2026-05-13 23:10:00,S,3.0,,S3,NO,NO,NO,NO,False,,S3,YES,YES,790,98,991,,888,False,False,False,False,True,2026-05-13,23:10:00,3,Null,3 + Null
2026-05-13 23:10:00,S,7.0,,S7,NO,NO,NO,NO,True,-14.53,S7,YES,NO,0,0,228,,0,False,False,True,True,False,2026-05-13,23:10:00,7,Null,7 + Null
2026-05-13 23:10:00,S,2.0,peotv,MOBITEL_S21,NO,NO,NO,NO,True,5422.13,S2,YES,YES,815,122,982,,937,False,False,False,False,True,2026-05-13,23:10:00,2,peotv,2 + peotv
2026-05-13 23:10:00,S,,,S,NO,NO,NO,NO,False,,,NO,NO,0,0,1044,,0,False,False,False,False,True,2026-05-13,23:10:00,Null,Null,Null + Null
2026-05-13 23:09:00,S,2.0,peotv,S21,NO,NO,NO,NO,True,5512.83,S2,YES,NO,0,0,351,,0,False,False,False,True,False,2026-05-13,23:09:00,2,peotv,2 + peotv
2026-05-13 23:09:00,S,4.0,addon,S412,NO,NO,NO,NO,True,-743.2,S41,YES,NO,0,0,465,,0,False,False,False,True,False,2026-05-13,23:09:00,4,addon,4 + addon
2026-05-13 23:09:00,S,2.0,peotv,S21,NO,NO,NO,NO,True,4726.74,S2,YES,NO,0,0,496,,0,False,False,False,True,False,2026-05-13,23:09:00,2,peotv,2 + peotv
2026-05-13 23:09:00,S,3.0,,S3,NO,NO,NO,NO,True,0.0,S3,YES,NO,0,0,145,,0,False,True,True,True,False,2026-05-13,23:09:00,3,Null,3 + Null
2026-05-13 23:09:00,S,2.0,broadband,S22,NO,YES,NO,NO,True,15507.12,S2,NO,NO,0,0,132,,0,False,True,True,True,False,2026-05-13,23:09:00,2,broadband,2 + broadband
2026-05-13 23:09:00,S,4.0,,S41,NO,NO,NO,NO,True,-85.89,S41,NO,NO,0,0,41,,0,True,True,True,True,False,2026-05-13,23:09:00,4,Null,4 + Null
2026-05-13 23:09:00,S,7.0,,S7,NO,NO,NO,NO,True,-5.33,S7,YES,NO,0,0,248,,0,False,False,True,True,False,2026-05-13,23:09:00,7,Null,7 + Null
2026-05-13 23:09:00,S,2.0,peotv,S21,NO,YES,NO,NO,True,-689.18,S2,YES,NO,0,0,215,,0,False,False,True,True,False,2026-05-13,23:09:00,2,peotv,2 + peotv
2026-05-13 23:09:00,S,,,MOBITEL_S,NO,NO,NO,NO,False,,,NO,NO,0,0,133,,0,False,True,True,True,False,2026-05-13,23:09:00,Null,Null,Null + Null
2026-05-13 23:09:00,S,,,S,NO,NO,NO,NO,False,,,NO,NO,0,0,194,,0,False,True,True,True,False,2026-05-13,23:09:00,Null,Null,Null + Null
2026-05-13 23:09:00,S,7.0,,S7,NO,NO,NO,NO,True,4586.42,S7,YES,NO,0,0,441,,0,False,False,False,True,False,2026-05-13,23:09:00,7,Null,7 + Null
2026-05-13 23:09:00,T,7.0,,T7,NO,NO,NO,NO,True,6520.26,T7,YES,NO,0,0,417,,0,False,False,False,True,False,2026-05-13,23:09:00,7,Null,7 + Null
2026-05-13 23:09:00,S,,,S,NO,NO,NO,NO,True,5559.07,,NO,NO,0,0,64,,0,True,True,True,True,False,2026-05-13,23:09:00,Null,Null,Null + Null
2026-05-13 23:09:00,S,4.0,extragb,S4111,NO,NO,NO,YES,True,-7671.35,S41,NO,NO,0,0,45,,0,True,True,True,True,False,2026-05-13,23:09:00,4,extragb,4 + extragb
2026-05-13 23:09:00,S,1.0,,S1,NO,NO,NO,NO,True,2886.31,S1,YES,NO,0,0,241,,0,False,False,True,True,False,2026-05-13,23:09:00,1,Null,1 + Null
2026-05-13 23:08:00,S,2.0,peotv,S21,NO,NO,NO,NO,True,106.57,S2,YES,YES,816,110,996,,926,False,False,False,False,True,2026-05-13,23:08:00,2,peotv,2 + peotv
2026-05-13 23:08:00,S,4.0,extragb,S4111,NO,NO,NO,YES,True,3185.19,S41,NO,NO,0,0,52,,0,True,True,True,True,False,2026-05-13,23:08:00,4,extragb,4 + extragb
2026-05-13 23:08:00,S,2.0,peotv,S211,NO,YES,NO,NO,True,2431.1,S2,YES,NO,0,0,611,,0,False,False,False,False,True,2026-05-13,23:08:00,2,peotv,2 + peotv
2026-05-13 23:08:00,S,4.0,extragb,S411,NO,NO,NO,NO,True,9051.45,S41,YES,NO,0,0,52,,0,True,True,True,True,False,2026-05-13,23:08:00,4,extragb,4 + extragb
2026-05-13 23:08:00,S,3.0,,S3,NO,NO,NO,NO,True,4906.74,S3,YES,NO,0,0,602,,0,False,False,False,False,True,2026-05-13,23:08:00,3,Null,3 + Null
2026-05-13 23:08:00,S,1.0,,S1,NO,NO,NO,NO,True,-225.15,S1,YES,YES,816,139,1053,,955,False,False,False,False,True,2026-05-13,23:08:00,1,Null,1 + Null
2026-05-13 23:08:00,S,4.0,extragb,S4112,NO,NO,NO,NO,True,5206.01,S41,NO,NO,0,0,47,,0,True,True,True,True,False,2026-05-13,23:08:00,4,extragb,4 + extragb
2026-05-13 23:08:00,S,2.0,peotv,S21,NO,NO,NO,NO,True,5865.06,S2,YES,NO,0,0,222,,0,False,False,True,True,False,2026-05-13,23:08:00,2,peotv,2 + peotv
2026-05-13 23:08:00,S,2.0,peotv,S211,NO,YES,NO,NO,True,5311.85,S2,YES,NO,0,0,689,,0,False,False,False,False,True,2026-05-13,23:08:00,2,peotv,2 + peotv
2026-05-13 23:08:00,S,2.0,peotv,S21,YES,NO,NO,NO,True,6543.57,S2,YES,YES,791,55,945,,846,False,False,False,False,True,2026-05-13,23:08:00,2,peotv,2 + peotv
2026-05-13 23:08:00,S,2.0,peotv,S211,NO,YES,NO,NO,True,3499.82,S2,YES,NO,0,0,206,,0,False,False,True,True,False,2026-05-13,23:08:00,2,peotv,2 + peotv
2026-05-13 23:08:00,S,2.0,peotv,S21,NO,NO,NO,NO,True,-0.55,S2,YES,NO,0,0,583,,0,False,False,False,False,True,2026-05-13,23:08:00,2,peotv,2 + peotv
2026-05-13 23:08:00,S,2.0,broadband,S22,NO,NO,YES,NO,True,8616.15,S2,NO,NO,0,0,103,,0,False,True,True,True,False,2026-05-13,23:08:00,2,broadband,2 + broadband
2026-05-13 23:08:00,S,,,S,NO,NO,NO,NO,False,,,NO,NO,0,0,24,,0,True,True,True,True,False,2026-05-13,23:08:00,Null,Null,Null + Null
2026-05-13 23:08:00,S,2.0,peotv,S21,NO,NO,NO,NO,True,3965.53,S2,YES,NO,0,0,136,,0,False,True,True,True,False,2026-05-13,23:08:00,2,peotv,2 + peotv
2026-05-13 23:08:00,S,2.0,peotv,S21,NO,YES,NO,NO,True,-357.48,S2,YES,NO,0,0,129,,0,False,True,True,True,False,2026-05-13,23:08:00,2,peotv,2 + peotv
2026-05-13 23:08:00,S,,,S,NO,NO,NO,NO,False,,,NO,NO,0,0,22,,0,True,True,True,True,False,2026-05-13,23:08:00,Null,Null,Null + Null
2026-05-13 23:08:00,S,,,S,NO,NO,NO,NO,False,,,NO,NO,0,0,28,,0,True,True,True,True,False,2026-05-13,23:08:00,Null,Null,Null + Null
2026-05-13 23:07:00,E,4.0,extragb,E4112,NO,NO,NO,NO,True,2683.1,E41,NO,NO,0,0,33,,0,True,True,True,True,False,2026-05-13,23:07:00,4,extragb,4 + extragb
2026-05-13 23:07:00,S,2.0,peotv,S21,NO,NO,NO,NO,True,4816.35,S2,YES,NO,0,0,288,,0,False,False,True,True,False,2026-05-13,23:07:00,2,peotv,2 + peotv
2026-05-13 23:07:00,S,3.0,,S3,NO,NO,NO,NO,True,23084.76,S3,YES,NO,0,0,752,,0,False,False,False,False,True,2026-05-13,23:07:00,3,Null,3 + Null
2026-05-13 23:07:00,S,2.0,peotv,S21,NO,NO,NO,NO,True,-0.38,S2,YES,NO,0,0,226,,0,False,False,True,True,False,2026-05-13,23:07:00,2,peotv,2 + peotv
2026-05-13 23:07:00,S,2.0,peotv,S21,NO,NO,NO,NO,True,2322.06,S2,YES,YES,819,47,924,,866,False,False,False,False,True,2026-05-13,23:07:00,2,peotv,2 + peotv
2026-05-13 23:07:00,S,2.0,broadband,S22,NO,NO,YES,NO,True,11731.15,S2,YES,NO,0,0,738,,0,False,False,False,False,True,2026-05-13,23:07:00,2,broadband,2 + broadband
2026-05-13 23:07:00,S,3.0,,S3,NO,NO,NO,NO,True,2147.29,S3,YES,YES,757,110,943,,867,False,False,False,False,True,2026-05-13,23:07:00,3,Null,3 + Null
2026-05-13 23:07:00,S,4.0,extragb,S4111,NO,NO,NO,YES,True,-13.32,S41,NO,NO,0,0,106,,0,False,True,True,True,False,2026-05-13,23:07:00,4,extragb,4 + extragb
2026-05-13 23:07:00,S,1.0,,MOBITEL_SLty1,NO,NO,NO,NO,False,,S1,YES,NO,0,0,127,,0,False,True,True,True,False,2026-05-13,23:07:00,1,Null,1 + Null
2026-05-13 23:07:00,S,,,S,NO,NO,NO,NO,False,,,NO,NO,0,0,185,,0,False,True,True,True,False,2026-05-13,23:07:00,Null,Null,Null + Null
2026-05-13 23:07:00,S,4.0,extragb,S4111,NO,NO,NO,YES,True,3069.44,S41,NO,NO,0,0,31,,0,True,True,True,True,False,2026-05-13,23:07:00,4,extragb,4 + extragb
2026-05-13 23:07:00,S,,,S,NO,NO,NO,NO,False,,,NO,NO,0,0,23,,0,True,True,True,True,False,2026-05-13,23:07:00,Null,Null,Null + Null
2026-05-13 23:07:00,S,7.0,,S7,NO,NO,NO,NO,True,-762.32,S7,YES,NO,0,0,487,,0,False,False,False,True,False,2026-05-13,23:07:00,7,Null,7 + Null
2026-05-13 23:07:00,S,4.0,extragb,S411,NO,NO,NO,NO,True,12207.83,S41,NO,NO,0,0,19,,0,True,True,True,True,False,2026-05-13,23:07:00,4,extragb,4 + extragb
2026-05-13 23:07:00,S,3.0,,S3,NO,NO,NO,NO,True,3890.13,S3,YES,NO,0,0,218,,0,False,False,True,True,False,2026-05-13,23:07:00,3,Null,3 + Null
2026-05-13 23:07:00,S,2.0,peotv,S211,NO,YES,NO,NO,True,14802.37,S2,YES,YES,809,31,913,,840,False,False,False,False,True,2026-05-13,23:07:00,2,peotv,2 + peotv
2026-05-13 23:07:00,E,2.0,peotv,E21,YES,NO,NO,NO,True,-1173.96,E2,YES,YES,685,236,1005,,921,False,False,False,False,True,2026-05-13,23:07:00,2,peotv,2 + peotv
2026-05-13 23:07:00,S,,,S,NO,NO,NO,NO,False,,,NO,NO,0,0,24,,0,True,True,True,True,False,2026-05-13,23:07:00,Null,Null,Null + Null
2026-05-13 23:07:00,S,4.0,extragb,S411,NO,NO,NO,NO,True,7695.31,S41,YES,YES,672,478,1240,,1150,False,False,False,False,True,2026-05-13,23:07:00,4,extragb,4 + extragb
2026-05-13 23:07:00,S,2.0,peotv,S211,NO,YES,NO,NO,True,5147.72,S2,YES,NO,0,0,164,,0,False,True,True,True,False,2026-05-13,23:07:00,2,peotv,2 + peotv
2026-05-13 23:07:00,S,2.0,peotv,S21,NO,NO,NO,NO,True,6115.88,S2,YES,NO,0,0,305,,0,False,False,False,True,False,2026-05-13,23:07:00,2,peotv,2 + peotv
2026-05-13 23:06:00,S,3.0,,S3,NO,NO,NO,NO,True,0.0,S3,YES,YES,826,118,1033,,944,False,False,False,False,True,2026-05-13,23:06:00,3,Null,3 + Null
2026-05-13 23:06:00,S,,,S,NO,NO,NO,NO,False,,,NO,NO,0,0,22,,0,True,True,True,True,False,2026-05-13,23:06:00,Null,Null,Null + Null
2026-05-13 23:06:00,S,,,S,NO,NO,NO,NO,False,,,NO,NO,0,0,33,,0,True,True,True,True,False,2026-05-13,23:06:00,Null,Null,Null + Null
2026-05-13 23:06:00,S,,,S,NO,NO,NO,NO,False,,,NO,NO,0,0,26,,0,True,True,True,True,False,2026-05-13,23:06:00,Null,Null,Null + Null
2026-05-13 23:06:00,S,2.0,peotv,S21,NO,YES,NO,NO,True,-4.91,S2,YES,YES,705,286,1057,,991,False,False,False,False,True,2026-05-13,23:06:00,2,peotv,2 + peotv
2026-05-13 23:06:00,S,2.0,peotv,S21,NO,NO,NO,NO,True,2551.17,S2,YES,NO,0,0,171,,0,False,True,True,True,False,2026-05-13,23:06:00,2,peotv,2 + peotv
2026-05-13 23:06:00,S,2.0,peotv,S21,NO,YES,NO,NO,True,-75.08,S2,YES,NO,0,0,204,,0,False,False,True,True,False,2026-05-13,23:06:00,2,peotv,2 + peotv
2026-05-13 23:06:00,S,1.0,,S1,NO,NO,NO,NO,True,3297.81,S1,YES,NO,0,0,103,,0,False,True,True,True,False,2026-05-13,23:06:00,1,Null,1 + Null
2026-05-13 23:06:00,S,3.0,,S3,NO,NO,NO,NO,True,1019.42,S3,YES,NO,0,0,117,,0,False,True,True,True,False,2026-05-13,23:06:00,3,Null,3 + Null
2026-05-13 23:06:00,S,4.0,extragb,S4112,NO,NO,NO,NO,True,5600.34,S41,NO,NO,0,0,19,,0,True,True,True,True,False,2026-05-13,23:06:00,4,extragb,4 + extragb
2026-05-13 23:06:00,S,2.0,peotv,S21,NO,NO,NO,NO,True,5822.1,S2,YES,YES,814,62,947,,876,False,False,False,False,True,2026-05-13,23:06:00,2,peotv,2 + peotv
2026-05-13 23:06:00,S,2.0,peotv,S21,NO,NO,NO,NO,True,0.0,S2,YES,NO,0,0,151,,0,False,True,True,True,False,2026-05-13,23:06:00,2,peotv,2 + peotv
2026-05-13 23:06:00,S,1.0,,S1,NO,NO,NO,NO,True,4306.67,S1,YES,NO,0,0,365,,0,False,False,False,True,False,2026-05-13,23:06:00,1,Null,1 + Null
2026-05-13 23:06:00,S,7.0,,S7,NO,NO,NO,NO,True,-84.33,S7,YES,NO,0,0,151,,0,False,True,True,True,False,2026-05-13,23:06:00,7,Null,7 + Null
2026-05-13 23:06:00,S,2.0,other,S2t,NO,NO,NO,NO,True,9569.0,S2,YES,NO,0,0,481,,0,False,False,False,True,False,2026-05-13,23:06:00,2,other,2 + other
2026-05-13 23:06:00,S,3.0,,S3,NO,NO,NO,NO,True,-234.03,S3,YES,NO,0,0,266,,0,False,False,True,True,False,2026-05-13,23:06:00,3,Null,3 + Null
2026-05-13 23:06:00,S,4.0,extragb,S4111,NO,NO,NO,YES,True,20936.24,S41,NO,NO,0,0,53,,0,True,True,True,True,False,2026-05-13,23:06:00,4,extragb,4 + extragb
2026-05-13 23:06:00,S,2.0,peotv,S21,YES,NO,NO,NO,True,6622.06,S2,YES,NO,0,0,242,,0,False,False,True,True,False,2026-05-13,23:06:00,2,peotv,2 + peotv
2026-05-13 23:06:00,S,,,S,NO,NO,NO,NO,True,5349.17,,NO,NO,0,0,71,,0,True,True,True,True,False,2026-05-13,23:06:00,Null,Null,Null + Null
2026-05-13 23:06:00,S,2.0,peotv,S21,NO,YES,NO,NO,True,-443.09,S2,YES,NO,0,0,576,,0,False,False,False,False,True,2026-05-13,23:06:00,2,peotv,2 + peotv
2026-05-13 23:06:00,S,,,S,NO,NO,NO,NO,False,,,NO,NO,0,0,21,,0,True,True,True,True,False,2026-05-13,23:06:00,Null,Null,Null + Null
2026-05-13 23:06:00,S,7.0,,S7,NO,NO,NO,NO,True,25261.8,S7,YES,NO,0,0,244,,0,False,False,True,True,False,2026-05-13,23:06:00,7,Null,7 + Null
2026-05-13 23:06:00,S,2.0,peotv,S21,NO,NO,NO,NO,True,-100.05,S2,YES,YES,742,167,964,,909,False,False,False,False,True,2026-05-13,23:06:00,2,peotv,2 + peotv
2026-05-13 23:06:00,S,2.0,peotv,S21,NO,YES,NO,NO,True,502.87,S2,YES,NO,0,0,628,,0,False,False,False,False,True,2026-05-13,23:06:00,2,peotv,2 + peotv
2026-05-13 23:06:00,S,2.0,peotv,S21,NO,YES,NO,NO,True,-372.85,S2,YES,NO,0,0,761,,0,False,False,False,False,True,2026-05-13,23:06:00,2,peotv,2 + peotv
2026-05-13 23:05:00,S,4.0,extragb,S4112,NO,NO,NO,NO,True,4249.83,S41,NO,NO,0,0,95,,0,True,True,True,True,False,2026-05-13,23:05:00,4,extragb,4 + extragb
2026-05-13 23:05:00,S,2.0,peotv,S211,NO,YES,NO,NO,True,4049.11,S2,YES,YES,693,275,1074,,968,False,False,False,False,True,2026-05-13,23:05:00,2,peotv,2 + peotv
2026-05-13 23:05:00,S,3.0,,S3,NO,NO,NO,NO,True,17017.01,S3,YES,NO,0,0,486,,0,False,False,False,True,False,2026-05-13,23:05:00,3,Null,3 + Null
2026-05-13 23:05:00,S,,,S,NO,NO,NO,NO,True,2722.19,,NO,NO,0,0,89,,0,True,True,True,True,False,2026-05-13,23:05:00,Null,Null,Null + Null
2026-05-13 23:05:00,S,1.0,,S1,NO,NO,NO,NO,True,-1557.99,S1,YES,NO,0,0,716,,0,False,False,False,False,True,2026-05-13,23:05:00,1,Null,1 + Null
2026-05-13 23:05:00,S,2.0,peotv,S21,NO,NO,NO,NO,True,-0.91,S2,YES,NO,0,0,107,,0,False,True,True,True,False,2026-05-13,23:05:00,2,peotv,2 + peotv
2026-05-13 23:05:00,S,,,S,NO,NO,NO,NO,False,,,NO,NO,0,0,36,,0,True,True,True,True,False,2026-05-13,23:05:00,Null,Null,Null + Null
2026-05-13 23:05:00,S,4.0,extragb,S4111,NO,NO,NO,YES,True,23326.96,S41,NO,NO,0,0,37,,0,True,True,True,True,False,2026-05-13,23:05:00,4,extragb,4 + extragb
2026-05-13 23:05:00,S,3.0,,S3,NO,NO,NO,NO,True,7396.38,S3,YES,NO,0,0,525,,0,False,False,False,False,True,2026-05-13,23:05:00,3,Null,3 + Null
2026-05-13 23:05:00,S,2.0,peotv,S21,NO,YES,NO,NO,True,-51.16,S2,YES,YES,742,625,1418,,1367,False,False,False,False,True,2026-05-13,23:05:00,2,peotv,2 + peotv
2026-05-13 23:05:00,S,4.0,extragb,S4111,NO,NO,NO,YES,True,-0.52,S41,NO,NO,0,0,87,,0,True,True,True,True,False,2026-05-13,23:05:00,4,extragb,4 + extragb
2026-05-13 23:05:00,S,2.0,broadband,S221,NO,YES,NO,NO,True,3935.84,S2,YES,YES,690,200,1003,,890,False,False,False,False,True,2026-05-13,23:05:00,2,broadband,2 + broadband
2026-05-13 23:05:00,S,,,S,NO,NO,NO,NO,False,,,NO,NO,0,0,20,,0,True,True,True,True,False,2026-05-13,23:05:00,Null,Null,Null + Null
2026-05-13 23:05:00,S,,,S,NO,NO,NO,NO,True,20936.24,,NO,NO,0,0,66,,0,True,True,True,True,False,2026-05-13,23:05:00,Null,Null,Null + Null
2026-05-13 23:04:00,S,7.0,,S7,NO,NO,NO,NO,True,4577.59,S7,YES,NO,0,0,496,,0,False,False,False,True,False,2026-05-13,23:04:00,7,Null,7 + Null
2026-05-13 23:04:00,S,4.0,extragb,S4111,NO,NO,NO,YES,True,7000.41,S41,NO,NO,0,0,42,,0,True,True,True,True,False,2026-05-13,23:04:00,4,extragb,4 + extragb
2026-05-13 23:04:00,S,7.0,,S7,NO,NO,NO,NO,True,677.51,S7,YES,NO,0,0,573,,0,False,False,False,False,True,2026-05-13,23:04:00,7,Null,7 + Null
2026-05-13 23:04:00,S,2.0,peotv,S21,NO,NO,NO,NO,True,0.84,S2,YES,YES,742,108,907,,850,False,False,False,False,True,2026-05-13,23:04:00,2,peotv,2 + peotv
2026-05-13 23:04:00,S,2.0,peotv,S21,NO,NO,NO,NO,True,5756.18,S2,YES,NO,0,0,382,,0,False,False,False,True,False,2026-05-13,23:04:00,2,peotv,2 + peotv
2026-05-13 23:04:00,S,2.0,broadband,S22,YES,NO,NO,NO,True,6685.82,S2,YES,NO,0,0,625,,0,False,False,False,False,True,2026-05-13,23:04:00,2,broadband,2 + broadband
2026-05-13 23:04:00,S,2.0,peotv,S211,NO,YES,NO,NO,True,6317.1,S2,YES,NO,0,0,888,,0,False,False,False,False,True,2026-05-13,23:04:00,2,peotv,2 + peotv
2026-05-13 23:04:00,S,2.0,peotv,S211,NO,YES,NO,NO,True,4700.56,S2,YES,NO,0,0,928,,0,False,False,False,False,True,2026-05-13,23:04:00,2,peotv,2 + peotv
2026-05-13 23:04:00,S,2.0,peotv,S211,NO,YES,NO,NO,True,2095.37,S2,YES,NO,0,0,573,,0,False,False,False,False,True,2026-05-13,23:04:00,2,peotv,2 + peotv
2026-05-13 23:04:00,E,3.0,,E3,NO,NO,NO,NO,True,1938.84,E3,YES,YES,731,75,871,,806,False,False,False,False,True,2026-05-13,23:04:00,3,Null,3 + Null
2026-05-13 23:04:00,S,7.0,,S7,NO,NO,NO,NO,True,0.0,S7,YES,YES,702,445,1265,,1147,False,False,False,False,True,2026-05-13,23:04:00,7,Null,7 + Null
2026-05-13 23:04:00,S,2.0,peotv,S21,NO,NO,NO,NO,True,18254.23,S2,YES,NO,0,0,667,,0,False,False,False,False,True,2026-05-13,23:04:00,2,peotv,2 + peotv
2026-05-13 23:04:00,S,2.0,peotv,S211,NO,YES,NO,NO,True,3151.35,S2,YES,NO,0,0,765,,0,False,False,False,False,True,2026-05-13,23:04:00,2,peotv,2 + peotv
2026-05-13 23:04:00,S,3.0,,S3,NO,NO,NO,NO,True,18486.44,S3,YES,NO,0,0,446,,0,False,False,False,True,False,2026-05-13,23:04:00,3,Null,3 + Null
2026-05-13 23:04:00,S,,,S,NO,NO,NO,NO,False,,,NO,NO,0,0,75,,0,True,True,True,True,False,2026-05-13,23:04:00,Null,Null,Null + Null
2026-05-13 23:04:00,S,3.0,,S3,NO,NO,NO,NO,True,801.87,S3,NO,NO,0,0,53,,0,True,True,True,True,False,2026-05-13,23:04:00,3,Null,3 + Null
2026-05-13 23:04:00,S,4.0,extragb,S411,NO,NO,NO,NO,True,-10000.0,S41,YES,NO,0,0,736,,0,False,False,False,False,True,2026-05-13,23:04:00,4,extragb,4 + extragb
2026-05-13 23:03:00,S,,,S,NO,NO,NO,NO,False,,,NO,NO,0,0,42,,0,True,True,True,True,False,2026-05-13,23:03:00,Null,Null,Null + Null
2026-05-13 23:03:00,S,2.0,peotv,S21,NO,NO,NO,NO,True,-6.89,S2,YES,NO,0,0,382,,0,False,False,False,True,False,2026-05-13,23:03:00,2,peotv,2 + peotv
2026-05-13 23:03:00,S,,,S,NO,NO,NO,NO,False,,,NO,NO,0,0,74,,0,True,True,True,True,False,2026-05-13,23:03:00,Null,Null,Null + Null
2026-05-13 23:03:00,S,3.0,,S3,NO,NO,NO,NO,True,2544.72,S3,YES,NO,0,0,130,,0,False,True,True,True,False,2026-05-13,23:03:00,3,Null,3 + Null
2026-05-13 23:03:00,S,,,S,NO,NO,NO,NO,False,,,NO,NO,0,0,32,,0,True,True,True,True,False,2026-05-13,23:03:00,Null,Null,Null + Null
2026-05-13 23:03:00,S,2.0,peotv,S211,NO,YES,NO,NO,True,9364.46,S2,YES,NO,0,0,435,,0,False,False,False,True,False,2026-05-13,23:03:00,2,peotv,2 + peotv
2026-05-13 23:03:00,S,4.0,extragb,S4111,NO,NO,NO,YES,True,3793.34,S41,NO,NO,0,0,73,,0,True,True,True,True,False,2026-05-13,23:03:00,4,extragb,4 + extragb
2026-05-13 23:03:00,S,2.0,peotv,S21,NO,NO,NO,NO,True,3007.62,S2,YES,NO,0,0,203,,0,False,False,True,True,False,2026-05-13,23:03:00,2,peotv,2 + peotv
2026-05-13 23:03:00,S,3.0,,S3,NO,NO,NO,NO,True,-251.27,S3,NO,NO,0,0,109,,0,False,True,True,True,False,2026-05-13,23:03:00,3,Null,3 + Null
2026-05-13 23:03:00,S,4.0,extragb,S4111,NO,NO,NO,YES,True,6284.6,S41,NO,NO,0,0,59,,0,True,True,True,True,False,2026-05-13,23:03:00,4,extragb,4 + extragb
2026-05-13 23:03:00,S,,,S,NO,NO,NO,NO,True,3326.64,,NO,NO,0,0,25,,0,True,True,True,True,False,2026-05-13,23:03:00,Null,Null,Null + Null
2026-05-13 23:03:00,S,3.0,,S3,NO,NO,NO,NO,True,2282.08,S3,YES,NO,0,0,809,,0,False,False,False,False,True,2026-05-13,23:03:00,3,Null,3 + Null
2026-05-13 23:03:00,S,2.0,peotv,S21,NO,YES,NO,NO,True,-6.46,S2,YES,NO,0,0,199,,0,False,True,True,True,False,2026-05-13,23:03:00,2,peotv,2 + peotv
2026-05-13 23:03:00,S,2.0,peotv,S211,NO,YES,NO,NO,True,3035.41,S2,YES,NO,0,0,594,,0,False,False,False,False,True,2026-05-13,23:03:00,2,peotv,2 + peotv
2026-05-13 23:03:00,E,2.0,other,E24,NO,NO,NO,NO,True,11312.31,E2,YES,NO,0,0,345,,0,False,False,False,True,False,2026-05-13,23:03:00,2,other,2 + other
2026-05-13 23:03:00,S,2.0,peotv,S21,NO,YES,NO,NO,True,-389.81,S2,YES,NO,0,0,110,,0,False,True,True,True,False,2026-05-13,23:03:00,2,peotv,2 + peotv
2026-05-13 23:03:00,S,1.0,,S1,NO,NO,NO,NO,True,-274.35,S1,YES,YES,708,442,1220,,1150,False,False,False,False,True,2026-05-13,23:03:00,1,Null,1 + Null
2026-05-13 23:03:00,S,1.0,,SLty1,NO,NO,NO,NO,False,,S1,NO,NO,0,0,29,,0,True,True,True,True,False,2026-05-13,23:03:00,1,Null,1 + Null
2026-05-13 23:03:00,S,,,S,NO,NO,NO,NO,False,,,NO,NO,0,0,28,,0,True,True,True,True,False,2026-05-13,23:03:00,Null,Null,Null + Null
2026-05-13 23:03:00,T,1.0,,TLty1,NO,NO,NO,NO,False,,T1,YES,YES,735,94,881,,829,False,False,False,False,True,2026-05-13,23:03:00,1,Null,1 + Null
2026-05-13 23:03:00,S,4.0,extragb,S4111,NO,NO,NO,YES,True,4922.48,S41,NO,NO,0,0,53,,0,True,True,True,True,False,2026-05-13,23:03:00,4,extragb,4 + extragb
2026-05-13 23:02:00,S,,,S,NO,NO,NO,NO,False,,,NO,NO,0,0,22,,0,True,True,True,True,False,2026-05-13,23:02:00,Null,Null,Null + Null
2026-05-13 23:02:00,S,2.0,peotv,S211,NO,YES,NO,NO,True,7044.0,S2,YES,NO,0,0,468,,0,False,False,False,True,False,2026-05-13,23:02:00,2,peotv,2 + peotv
2026-05-13 23:02:00,S,4.0,extragb,S4111,NO,NO,NO,YES,True,8382.68,S41,NO,NO,0,0,31,,0,True,True,True,True,False,2026-05-13,23:02:00,4,extragb,4 + extragb
2026-05-13 23:02:00,S,4.0,extragb,S41t,NO,NO,NO,NO,True,-250.22,S41,YES,NO,0,0,394,,0,False,False,False,True,False,2026-05-13,23:02:00,4,extragb,4 + extragb
2026-05-13 23:02:00,S,3.0,,S3,NO,NO,NO,NO,True,2260.51,S3,NO,NO,0,0,80,,0,True,True,True,True,False,2026-05-13,23:02:00,3,Null,3 + Null
2026-05-13 23:02:00,S,3.0,,S3,NO,NO,NO,NO,True,3890.13,S3,NO,NO,0,0,84,,0,True,True,True,True,False,2026-05-13,23:02:00,3,Null,3 + Null
2026-05-13 23:02:00,S,7.0,,S7,NO,NO,NO,NO,True,848.2,S7,YES,YES,692,125,950,,817,False,False,False,False,True,2026-05-13,23:02:00,7,Null,7 + Null
2026-05-13 23:02:00,S,4.0,extragb,S4111,NO,NO,NO,YES,True,36548.19,S41,NO,NO,0,0,46,,0,True,True,True,True,False,2026-05-13,23:02:00,4,extragb,4 + extragb
2026-05-13 23:02:00,E,4.0,extragb,E4111,NO,NO,NO,YES,True,11143.23,E41,NO,NO,0,0,30,,0,True,True,True,True,False,2026-05-13,23:02:00,4,extragb,4 + extragb
2026-05-13 23:02:00,S,3.0,,S3,NO,NO,NO,NO,True,4793.5,S3,YES,NO,0,0,183,,0,False,True,True,True,False,2026-05-13,23:02:00,3,Null,3 + Null
2026-05-13 23:02:00,S,2.0,voice,S23,NO,NO,NO,NO,True,0.0,S2,NO,NO,0,0,161,,0,False,True,True,True,False,2026-05-13,23:02:00,2,voice,2 + voice
2026-05-13 23:02:00,S,4.0,extragb,S4111,NO,NO,NO,YES,True,-0.61,S41,NO,NO,0,0,25,,0,True,True,True,True,False,2026-05-13,23:02:00,4,extragb,4 + extragb
2026-05-13 23:02:00,S,7.0,,S7,NO,NO,NO,NO,True,-75.08,S7,YES,NO,0,0,590,,0,False,False,False,False,True,2026-05-13,23:02:00,7,Null,7 + Null
2026-05-13 23:02:00,S,2.0,peotv,S21,NO,NO,NO,NO,True,-76.4,S2,YES,NO,0,0,353,,0,False,False,False,True,False,2026-05-13,23:02:00,2,peotv,2 + peotv
2026-05-13 23:02:00,S,2.0,peotv,S21,YES,NO,NO,NO,True,-1886.89,S2,NO,NO,0,0,41,,0,True,True,True,True,False,2026-05-13,23:02:00,2,peotv,2 + peotv
2026-05-13 23:02:00,S,,,S,NO,NO,NO,NO,False,,,NO,NO,0,0,20,,0,True,True,True,True,False,2026-05-13,23:02:00,Null,Null,Null + Null
2026-05-13 23:02:00,S,7.0,,S7,NO,NO,NO,NO,True,3326.64,S7,YES,YES,675,65,785,,740,False,False,False,False,True,2026-05-13,23:02:00,7,Null,7 + Null
2026-05-13 23:02:00,S,2.0,peotv,S211,NO,YES,NO,NO,True,3873.62,S2,YES,NO,0,0,531,,0,False,False,False,False,True,2026-05-13,23:02:00,2,peotv,2 + peotv
2026-05-13 23:02:00,S,2.0,peotv,S21,NO,NO,NO,NO,True,-6712.39,S2,YES,NO,0,0,610,,0,False,False,False,False,True,2026-05-13,23:02:00,2,peotv,2 + peotv
2026-05-13 23:02:00,S,7.0,,S7,NO,NO,NO,NO,False,,S7,YES,NO,0,0,322,,0,False,False,False,True,False,2026-05-13,23:02:00,7,Null,7 + Null
2026-05-13 23:01:00,E,7.0,,E7,NO,NO,NO,NO,True,-234.03,E7,YES,NO,0,0,153,,0,False,True,True,True,False,2026-05-13,23:01:00,7,Null,7 + Null
2026-05-13 23:01:00,S,4.0,extragb,S4112,NO,NO,NO,NO,True,4187.52,S41,NO,NO,0,0,87,,0,True,True,True,True,False,2026-05-13,23:01:00,4,extragb,4 + extragb
2026-05-13 23:01:00,S,,,S,NO,NO,NO,NO,False,,,NO,NO,0,0,34,,0,True,True,True,True,False,2026-05-13,23:01:00,Null,Null,Null + Null
2026-05-13 23:01:00,S,2.0,peotv,S21,NO,NO,NO,NO,True,5260.58,S2,YES,YES,699,23,810,,722,False,False,False,False,True,2026-05-13,23:01:00,2,peotv,2 + peotv
2026-05-13 23:01:00,S,7.0,,S7,NO,NO,NO,NO,True,9036.15,S7,YES,NO,0,0,558,,0,False,False,False,False,True,2026-05-13,23:01:00,7,Null,7 + Null
2026-05-13 23:01:00,S,4.0,extragb,S411,NO,NO,NO,NO,True,18371.36,S41,YES,YES,695,25,788,,720,False,False,False,False,True,2026-05-13,23:01:00,4,extragb,4 + extragb
2026-05-13 23:01:00,S,1.0,,SLty1,NO,NO,NO,NO,False,,S1,YES,NO,0,0,665,,0,False,False,False,False,True,2026-05-13,23:01:00,1,Null,1 + Null
2026-05-13 23:01:00,S,,,S,NO,NO,NO,NO,False,,,NO,NO,0,0,14,,0,True,True,True,True,False,2026-05-13,23:01:00,Null,Null,Null + Null
2026-05-13 23:01:00,S,4.0,extragb,S4112,NO,NO,NO,NO,True,-0.61,S41,NO,NO,0,0,38,,0,True,True,True,True,False,2026-05-13,23:01:00,4,extragb,4 + extragb
2026-05-13 23:01:00,S,4.0,extragb,S4111,NO,NO,NO,YES,True,5223.82,S41,NO,NO,0,0,36,,0,True,True,True,True,False,2026-05-13,23:01:00,4,extragb,4 + extragb
2026-05-13 23:01:00,S,2.0,voice,S23,NO,NO,NO,NO,True,0.0,S2,YES,YES,651,120,930,,771,False,False,False,False,True,2026-05-13,23:01:00,2,voice,2 + voice
2026-05-13 23:01:00,S,2.0,peotv,S21,NO,NO,NO,NO,True,4280.67,S2,YES,NO,0,0,136,,0,False,True,True,True,False,2026-05-13,23:01:00,2,peotv,2 + peotv
2026-05-13 23:01:00,S,2.0,peotv,S211,NO,YES,NO,NO,True,9039.94,S2,YES,YES,709,242,1035,,951,False,False,False,False,True,2026-05-13,23:01:00,2,peotv,2 + peotv
2026-05-13 23:01:00,S,3.0,,S3,NO,NO,NO,NO,True,10832.67,S3,NO,NO,0,0,42,,0,True,True,True,True,False,2026-05-13,23:01:00,3,Null,3 + Null
2026-05-13 23:01:00,S,4.0,extragb,S4111,NO,NO,NO,YES,True,16314.84,S41,NO,NO,0,0,89,,0,True,True,True,True,False,2026-05-13,23:01:00,4,extragb,4 + extragb
2026-05-13 23:01:00,S,3.0,,S3,NO,NO,NO,NO,True,433.51,S3,YES,YES,739,137,967,,876,False,False,False,False,True,2026-05-13,23:01:00,3,Null,3 + Null
2026-05-13 23:01:00,S,,,S,NO,NO,NO,NO,False,,,NO,NO,0,0,78,,0,True,True,True,True,False,2026-05-13,23:01:00,Null,Null,Null + Null
2026-05-13 23:01:00,S,,,S,NO,NO,NO,NO,False,,,NO,NO,0,0,29,,0,True,True,True,True,False,2026-05-13,23:01:00,Null,Null,Null + Null
2026-05-13 23:01:00,E,2.0,peotv,MOBITEL_E21,NO,NO,NO,NO,True,6264.9,E2,YES,YES,661,96,820,,757,False,False,False,False,True,2026-05-13,23:01:00,2,peotv,2 + peotv
2026-05-13 23:01:00,S,3.0,,S3,NO,NO,NO,NO,True,-251.27,S3,YES,NO,0,0,300,,0,False,False,False,True,False,2026-05-13,23:01:00,3,Null,3 + Null
2026-05-13 23:01:00,E,1.0,,MOBITEL_ELty1,NO,NO,NO,NO,False,,E1,YES,NO,0,0,454,,0,False,False,False,True,False,2026-05-13,23:01:00,1,Null,1 + Null
2026-05-13 23:00:00,S,2.0,voice,S23,NO,NO,NO,NO,True,8616.15,S2,NO,NO,0,0,140,,0,False,True,True,True,False,2026-05-13,23:00:00,2,voice,2 + voice
2026-05-13 23:00:00,S,2.0,peotv,S21,NO,YES,NO,NO,True,-15.62,S2,YES,NO,0,0,291,,0,False,False,True,True,False,2026-05-13,23:00:00,2,peotv,2 + peotv
2026-05-13 23:00:00,T,2.0,peotv,T211,NO,YES,NO,NO,True,4833.71,T2,YES,YES,640,87,853,,727,False,False,False,False,True,2026-05-13,23:00:00,2,peotv,2 + peotv
2026-05-13 23:00:00,T,,,T,NO,NO,NO,NO,False,,,NO,NO,0,0,30,,0,True,True,True,True,False,2026-05-13,23:00:00,Null,Null,Null + Null
2026-05-13 23:00:00,S,4.0,extragb,S4111,NO,NO,NO,YES,True,-40.73,S41,NO,NO,0,0,64,,0,True,True,True,True,False,2026-05-13,23:00:00,4,extragb,4 + extragb
2026-05-13 23:00:00,S,2.0,peotv,S21,NO,YES,NO,NO,True,3225.04,S2,NO,NO,0,0,52,,0,True,True,True,True,False,2026-05-13,23:00:00,2,peotv,2 + peotv
2026-05-13 23:00:00,S,2.0,peotv,S211,NO,YES,NO,NO,True,2371.98,S2,YES,NO,0,0,526,,0,False,False,False,False,True,2026-05-13,23:00:00,2,peotv,2 + peotv
2026-05-13 23:00:00,S,2.0,peotv,S21,YES,NO,NO,NO,True,6445.48,S2,YES,YES,669,82,882,,751,False,False,False,False,True,2026-05-13,23:00:00,2,peotv,2 + peotv
2026-05-13 23:00:00,S,,,MOBITEL_S,NO,NO,NO,NO,False,,,NO,NO,0,0,11,,0,True,True,True,True,False,2026-05-13,23:00:00,Null,Null,Null + Null
2026-05-13 23:00:00,T,2.0,voice,T23,NO,NO,NO,NO,True,0.0,T2,YES,NO,0,0,199,,0,False,True,True,True,False,2026-05-13,23:00:00,2,voice,2 + voice
2026-05-13 23:00:00,S,3.0,,S3,NO,NO,NO,NO,True,6001.53,S3,NO,NO,0,0,77,,0,True,True,True,True,False,2026-05-13,23:00:00,3,Null,3 + Null
2026-05-13 23:00:00,S,1.0,,SLty1,NO,NO,NO,NO,False,,S1,YES,YES,747,157,966,,904,False,False,False,False,True,2026-05-13,23:00:00,1,Null,1 + Null
2026-05-13 23:00:00,S,7.0,,S7,NO,NO,NO,NO,True,-46.1,S7,YES,NO,0,0,510,,0,False,False,False,False,True,2026-05-13,23:00:00,7,Null,7 + Null
2026-05-13 23:00:00,S,3.0,,S3,NO,NO,NO,NO,True,5352.0,S3,YES,YES,754,114,920,,868,False,False,False,False,True,2026-05-13,23:00:00,3,Null,3 + Null
2026-05-13 23:00:00,S,2.0,peotv,S21,NO,YES,NO,NO,True,0.0,S2,YES,NO,0,0,486,,0,False,False,False,True,False,2026-05-13,23:00:00,2,peotv,2 + peotv
2026-05-13 23:00:00,S,2.0,peotv,S21,NO,YES,NO,NO,True,-357.48,S2,YES,NO,0,0,439,,0,False,False,False,True,False,2026-05-13,23:00:00,2,peotv,2 + peotv
2026-05-13 23:00:00,S,2.0,peotv,S21,NO,NO,NO,NO,True,5410.82,S2,YES,NO,0,0,516,,0,False,False,False,False,True,2026-05-13,23:00:00,2,peotv,2 + peotv
2026-05-13 23:00:00,S,2.0,peotv,S211,NO,YES,NO,NO,True,2886.31,S2,YES,NO,0,0,459,,0,False,False,False,True,False,2026-05-13,23:00:00,2,peotv,2 + peotv
2026-05-13 23:00:00,S,2.0,peotv,S21,NO,NO,NO,NO,True,-179.73,S2,YES,NO,0,0,519,,0,False,False,False,False,True,2026-05-13,23:00:00,2,peotv,2 + peotv
2026-05-13 23:00:00,S,4.0,extragb,S4111,NO,NO,NO,YES,True,19577.56,S41,NO,NO,0,0,98,,0,True,True,True,True,False,2026-05-13,23:00:00,4,extragb,4 + extragb
2026-05-13 22:59:00,S,2.0,peotv,S21,NO,NO,NO,NO,True,-10.63,S2,YES,NO,0,0,379,,0,False,False,False,True,False,2026-05-13,22:59:00,2,peotv,2 + peotv
2026-05-13 22:59:00,S,7.0,,S7,NO,NO,NO,NO,True,0.0,S7,YES,NO,0,0,154,,0,False,True,True,True,False,2026-05-13,22:59:00,7,Null,7 + Null
2026-05-13 22:59:00,S,1.0,,MOBITEL_SLty1,NO,NO,NO,NO,False,,S1,YES,NO,0,0,74,,0,True,True,True,True,False,2026-05-13,22:59:00,1,Null,1 + Null
2026-05-13 22:59:00,S,2.0,peotv,S21,NO,YES,NO,NO,True,-5.33,S2,YES,NO,0,0,380,,0,False,False,False,True,False,2026-05-13,22:59:00,2,peotv,2 + peotv
2026-05-13 22:59:00,S,4.0,extragb,S4111,NO,NO,NO,YES,True,2747.43,S41,NO,NO,0,0,46,,0,True,True,True,True,False,2026-05-13,22:59:00,4,extragb,4 + extragb
2026-05-13 22:59:00,S,4.0,addon,S412,NO,NO,NO,NO,True,7368.76,S41,YES,NO,0,0,261,,0,False,False,True,True,False,2026-05-13,22:59:00,4,addon,4 + addon
2026-05-13 22:59:00,S,2.0,peotv,S21,NO,NO,NO,NO,True,-11.19,S2,YES,NO,0,0,366,,0,False,False,False,True,False,2026-05-13,22:59:00,2,peotv,2 + peotv
2026-05-13 22:59:00,S,3.0,,S3,NO,NO,NO,NO,True,8956.02,S3,YES,NO,0,0,529,,0,False,False,False,False,True,2026-05-13,22:59:00,3,Null,3 + Null
2026-05-13 22:59:00,S,2.0,peotv,S21,NO,NO,NO,NO,True,-124.14,S2,YES,NO,0,0,239,,0,False,False,True,True,False,2026-05-13,22:59:00,2,peotv,2 + peotv
2026-05-13 22:59:00,S,4.0,extragb,S4111,NO,NO,NO,YES,True,8848.8,S41,NO,NO,0,0,48,,0,True,True,True,True,False,2026-05-13,22:59:00,4,extragb,4 + extragb
2026-05-13 22:59:00,S,4.0,extragb,S41121,NO,NO,NO,YES,True,23654.12,S41,NO,NO,0,0,55,,0,True,True,True,True,False,2026-05-13,22:59:00,4,extragb,4 + extragb
2026-05-13 22:59:00,T,,,T,NO,NO,NO,NO,False,,,NO,NO,0,0,11,,0,True,True,True,True,False,2026-05-13,22:59:00,Null,Null,Null + Null
2026-05-13 22:59:00,S,2.0,peotv,S21,NO,NO,NO,NO,True,4207.64,S2,YES,YES,731,31,826,,762,False,False,False,False,True,2026-05-13,22:59:00,2,peotv,2 + peotv
2026-05-13 22:59:00,S,2.0,peotv,S21,NO,NO,NO,NO,True,4793.5,S2,YES,NO,0,0,596,,0,False,False,False,False,True,2026-05-13,22:59:00,2,peotv,2 + peotv
2026-05-13 22:59:00,S,2.0,peotv,S211,NO,YES,NO,NO,True,7248.58,S2,YES,NO,0,0,194,,0,False,True,True,True,False,2026-05-13,22:59:00,2,peotv,2 + peotv
2026-05-13 22:59:00,S,2.0,peotv,S21,NO,NO,NO,NO,True,4485.15,S2,YES,NO,0,0,235,,0,False,False,True,True,False,2026-05-13,22:59:00,2,peotv,2 + peotv
2026-05-13 22:59:00,S,3.0,,S3,NO,NO,NO,NO,True,21825.85,S3,YES,YES,742,32,855,,774,False,False,False,False,True,2026-05-13,22:59:00,3,Null,3 + Null
2026-05-13 22:59:00,T,2.0,voice,T231,NO,YES,NO,NO,True,14536.46,T2,YES,YES,525,123,793,,648,False,False,False,False,True,2026-05-13,22:59:00,2,voice,2 + voice
2026-05-13 22:59:00,S,,,S,NO,NO,NO,NO,False,,,NO,NO,0,0,69,,0,True,True,True,True,False,2026-05-13,22:59:00,Null,Null,Null + Null
2026-05-13 22:59:00,S,2.0,peotv,S21,NO,YES,NO,NO,True,947.62,S2,YES,YES,719,149,952,,868,False,False,False,False,True,2026-05-13,22:59:00,2,peotv,2 + peotv
2026-05-13 22:59:00,S,4.0,extragb,S4111,NO,NO,NO,NO,True,-3787.11,S41,NO,NO,0,0,142,,0,False,True,True,True,False,2026-05-13,22:59:00,4,extragb,4 + extragb
2026-05-13 22:59:00,S,3.0,,S3,NO,NO,NO,NO,True,14060.85,S3,YES,NO,0,0,149,,0,False,True,True,True,False,2026-05-13,22:59:00,3,Null,3 + Null
2026-05-13 22:58:00,S,2.0,peotv,S21,NO,NO,NO,NO,True,0.0,S2,YES,YES,767,35,882,,802,False,False,False,False,True,2026-05-13,22:58:00,2,peotv,2 + peotv
2026-05-13 22:58:00,S,2.0,peotv,S21,NO,YES,NO,NO,True,-232.74,S2,YES,NO,0,0,606,,0,False,False,False,False,True,2026-05-13,22:58:00,2,peotv,2 + peotv
2026-05-13 22:58:00,S,2.0,peotv,S21,YES,NO,NO,NO,True,1997.92,S2,YES,NO,0,0,308,,0,False,False,False,True,False,2026-05-13,22:58:00,2,peotv,2 + peotv
2026-05-13 22:58:00,S,2.0,peotv,S21,NO,NO,NO,NO,True,5943.7,S2,YES,NO,0,0,570,,0,False,False,False,False,True,2026-05-13,22:58:00,2,peotv,2 + peotv
2026-05-13 22:58:00,S,2.0,broadband,S222,NO,NO,YES,NO,True,6044.27,S2,YES,YES,680,169,951,,849,False,False,False,False,True,2026-05-13,22:58:00,2,broadband,2 + broadband
2026-05-13 22:58:00,S,4.0,extragb,S4111,NO,NO,NO,YES,True,6980.8,S41,NO,NO,0,0,47,,0,True,True,True,True,False,2026-05-13,22:58:00,4,extragb,4 + extragb
2026-05-13 22:58:00,S,,,S,NO,NO,NO,NO,False,,,NO,NO,0,0,31,,0,True,True,True,True,False,2026-05-13,22:58:00,Null,Null,Null + Null
2026-05-13 22:58:00,T,4.0,extragb,T4111,NO,NO,NO,YES,True,3282.67,T41,NO,NO,0,0,28,,0,True,True,True,True,False,2026-05-13,22:58:00,4,extragb,4 + extragb
2026-05-13 22:58:00,S,3.0,,S3,NO,NO,NO,NO,True,8848.8,S3,NO,NO,0,0,24,,0,True,True,True,True,False,2026-05-13,22:58:00,3,Null,3 + Null
2026-05-13 22:58:00,S,3.0,,S3,NO,NO,NO,NO,True,4979.27,S3,YES,YES,708,108,919,,816,False,False,False,False,True,2026-05-13,22:58:00,3,Null,3 + Null
2026-05-13 22:58:00,S,2.0,broadband,S22,NO,NO,NO,NO,True,3000.0,S2,YES,YES,816,416,1302,,1232,False,False,False,False,True,2026-05-13,22:58:00,2,broadband,2 + broadband
2026-05-13 22:58:00,S,1.0,,SLty1,NO,NO,NO,NO,False,,S1,YES,YES,711,155,908,,866,False,False,False,False,True,2026-05-13,22:58:00,1,Null,1 + Null
2026-05-13 22:58:00,S,,,S,NO,NO,NO,NO,False,,,NO,NO,0,0,24,,0,True,True,True,True,False,2026-05-13,22:58:00,Null,Null,Null + Null
2026-05-13 22:58:00,S,2.0,voice,S23,NO,NO,NO,NO,True,4317.61,S2,YES,YES,712,87,900,,799,False,False,False,False,True,2026-05-13,22:58:00,2,voice,2 + voice
2026-05-13 22:58:00,S,4.0,extragb,S4112,NO,NO,NO,NO,True,-4.14,S41,NO,NO,0,0,51,,0,True,True,True,True,False,2026-05-13,22:58:00,4,extragb,4 + extragb
2026-05-13 22:58:00,S,4.0,extragb,S4111,NO,NO,NO,YES,True,6974.58,S41,NO,NO,0,0,58,,0,True,True,True,True,False,2026-05-13,22:58:00,4,extragb,4 + extragb
2026-05-13 22:57:00,S,2.0,peotv,S21,NO,NO,NO,NO,True,-749.4,S2,YES,NO,0,0,730,,0,False,False,False,False,True,2026-05-13,22:57:00,2,peotv,2 + peotv
2026-05-13 22:57:00,S,3.0,,S3,NO,NO,NO,NO,True,-84.33,S3,NO,NO,0,0,76,,0,True,True,True,True,False,2026-05-13,22:57:00,3,Null,3 + Null
2026-05-13 22:57:00,S,2.0,peotv,S21,YES,NO,NO,NO,True,2692.52,S2,YES,NO,0,0,162,,0,False,True,True,True,False,2026-05-13,22:57:00,2,peotv,2 + peotv
2026-05-13 22:57:00,S,2.0,peotv,S21,NO,NO,NO,NO,True,10275.58,S2,YES,NO,0,0,452,,0,False,False,False,True,False,2026-05-13,22:57:00,2,peotv,2 + peotv
2026-05-13 22:57:00,S,7.0,,S7,NO,NO,NO,NO,False,,S7,YES,NO,0,0,287,,0,False,False,True,True,False,2026-05-13,22:57:00,7,Null,7 + Null
2026-05-13 22:57:00,S,2.0,peotv,S21,NO,YES,NO,NO,True,-234.03,S2,YES,NO,0,0,615,,0,False,False,False,False,True,2026-05-13,22:57:00,2,peotv,2 + peotv
2026-05-13 22:57:00,S,2.0,peotv,S21,NO,NO,NO,NO,True,11490.08,S2,YES,YES,699,108,850,,807,False,False,False,False,True,2026-05-13,22:57:00,2,peotv,2 + peotv
2026-05-13 22:57:00,S,,,S,NO,NO,NO,NO,False,,,NO,NO,0,0,75,,0,True,True,True,True,False,2026-05-13,22:57:00,Null,Null,Null + Null
2026-05-13 22:57:00,S,,,S,NO,NO,NO,NO,False,,,NO,NO,0,0,400,,0,False,False,False,True,False,2026-05-13,22:57:00,Null,Null,Null + Null
2026-05-13 22:57:00,S,2.0,peotv,S21,NO,NO,NO,NO,True,5885.42,S2,YES,NO,0,0,620,,0,False,False,False,False,True,2026-05-13,22:57:00,2,peotv,2 + peotv
2026-05-13 22:57:00,S,4.0,addon,S4122,NO,NO,NO,NO,True,2763.1,S41,NO,NO,0,0,62,,0,True,True,True,True,False,2026-05-13,22:57:00,4,addon,4 + addon
2026-05-13 22:57:00,S,2.0,other,S24,NO,NO,NO,NO,True,15.81,S2,YES,NO,0,0,302,,0,False,False,False,True,False,2026-05-13,22:57:00,2,other,2 + other
2026-05-13 22:57:00,S,7.0,,S7,NO,NO,NO,NO,True,0.0,S7,YES,NO,0,0,131,,0,False,True,True,True,False,2026-05-13,22:57:00,7,Null,7 + Null
2026-05-13 22:57:00,S,7.0,,S7,NO,NO,NO,NO,True,4935.62,S7,YES,NO,0,0,208,,0,False,False,True,True,False,2026-05-13,22:57:00,7,Null,7 + Null
2026-05-13 22:57:00,S,1.0,,S1,NO,NO,NO,NO,True,-313.11,S1,YES,NO,0,0,241,,0,False,False,True,True,False,2026-05-13,22:57:00,1,Null,1 + Null
2026-05-13 22:57:00,S,4.0,extragb,S41121,NO,NO,NO,YES,True,-865.89,S41,NO,NO,0,0,54,,0,True,True,True,True,False,2026-05-13,22:57:00,4,extragb,4 + extragb
2026-05-13 22:57:00,S,2.0,peotv,MOBITEL_S211,NO,YES,NO,NO,True,5055.42,S2,YES,NO,0,0,178,,0,False,True,True,True,False,2026-05-13,22:57:00,2,peotv,2 + peotv
2026-05-13 22:57:00,S,2.0,broadband,S22,NO,NO,NO,NO,True,206.24,S2,YES,YES,731,109,931,,840,False,False,False,False,True,2026-05-13,22:57:00,2,broadband,2 + broadband
2026-05-13 22:57:00,S,3.0,,S3,NO,NO,NO,NO,True,4316.25,S3,YES,NO,0,0,465,,0,False,False,False,True,False,2026-05-13,22:57:00,3,Null,3 + Null
2026-05-13 22:57:00,S,5.0,,S5,NO,NO,NO,NO,True,11079.81,S5,NO,NO,0,0,64,,0,True,True,True,True,False,2026-05-13,22:57:00,5,Null,5 + Null
2026-05-13 22:57:00,S,2.0,broadband,S22,NO,NO,NO,NO,True,4449.64,S2,YES,NO,0,0,315,,0,False,False,False,True,False,2026-05-13,22:57:00,2,broadband,2 + broadband
2026-05-13 22:56:00,E,2.0,other,E24,NO,NO,NO,NO,False,,E2,YES,YES,363,157,604,,520,False,False,False,False,True,2026-05-13,22:56:00,2,other,2 + other
2026-05-13 22:56:00,S,4.0,addon,S412,NO,NO,YES,NO,True,6974.58,S41,NO,NO,0,0,53,,0,True,True,True,True,False,2026-05-13,22:56:00,4,addon,4 + addon
2026-05-13 22:56:00,S,2.0,peotv,S21,NO,NO,NO,NO,True,2616.98,S2,YES,NO,0,0,149,,0,False,True,True,True,False,2026-05-13,22:56:00,2,peotv,2 + peotv
2026-05-13 22:56:00,S,4.0,extragb,S4111,NO,NO,NO,YES,True,1859.9,S41,NO,NO,0,0,36,,0,True,True,True,True,False,2026-05-13,22:56:00,4,extragb,4 + extragb
2026-05-13 22:56:00,S,2.0,peotv,S21,NO,YES,NO,NO,True,2641.34,S2,NO,NO,0,0,113,,0,False,True,True,True,False,2026-05-13,22:56:00,2,peotv,2 + peotv
2026-05-13 22:56:00,S,2.0,peotv,S21,NO,NO,NO,NO,True,-90.82,S2,YES,NO,0,0,276,,0,False,False,True,True,False,2026-05-13,22:56:00,2,peotv,2 + peotv
2026-05-13 22:56:00,S,4.0,extragb,S4111,NO,NO,NO,YES,True,-43.3,S41,NO,NO,0,0,36,,0,True,True,True,True,False,2026-05-13,22:56:00,4,extragb,4 + extragb
2026-05-13 22:56:00,S,2.0,peotv,S21,NO,YES,NO,NO,True,796.07,S2,YES,YES,703,66,822,,769,False,False,False,False,True,2026-05-13,22:56:00,2,peotv,2 + peotv
2026-05-13 22:56:00,S,2.0,peotv,S211,NO,YES,NO,NO,True,5974.47,S2,YES,YES,743,86,926,,829,False,False,False,False,True,2026-05-13,22:56:00,2,peotv,2 + peotv
2026-05-13 22:56:00,S,7.0,,S7,NO,NO,NO,NO,True,-313.01,S7,YES,YES,695,72,831,,767,False,False,False,False,True,2026-05-13,22:56:00,7,Null,7 + Null
2026-05-13 22:56:00,S,2.0,other,S2t,NO,NO,NO,NO,True,1756.62,S2,YES,NO,0,0,716,,0,False,False,False,False,True,2026-05-13,22:56:00,2,other,2 + other
2026-05-13 22:56:00,S,2.0,other,S24,NO,NO,NO,NO,True,6211.73,S2,YES,YES,734,142,991,,876,False,False,False,False,True,2026-05-13,22:56:00,2,other,2 + other
2026-05-13 22:56:00,S,7.0,,S7,NO,NO,NO,NO,True,-84.33,S7,YES,NO,0,0,590,,0,False,False,False,False,True,2026-05-13,22:56:00,7,Null,7 + Null
2026-05-13 22:56:00,S,,,S,NO,NO,NO,NO,False,,,NO,NO,0,0,44,,0,True,True,True,True,False,2026-05-13,22:56:00,Null,Null,Null + Null
2026-05-13 22:56:00,S,4.0,extragb,S4111,NO,NO,NO,YES,True,2763.1,S41,NO,NO,0,0,59,,0,True,True,True,True,False,2026-05-13,22:56:00,4,extragb,4 + extragb
2026-05-13 22:56:00,S,,,S,NO,NO,NO,NO,False,,,NO,NO,0,0,31,,0,True,True,True,True,False,2026-05-13,22:56:00,Null,Null,Null + Null
2026-05-13 22:56:00,S,4.0,extragb,S4111,NO,NO,NO,YES,True,62.35,S41,NO,NO,0,0,60,,0,True,True,True,True,False,2026-05-13,22:56:00,4,extragb,4 + extragb
2026-05-13 22:56:00,S,,,S,NO,NO,NO,NO,True,13162.13,,NO,NO,0,0,33,,0,True,True,True,True,False,2026-05-13,22:56:00,Null,Null,Null + Null
2026-05-13 22:56:00,S,4.0,extragb,S4111,NO,NO,NO,YES,True,-1.61,S41,NO,NO,0,0,63,,0,True,True,True,True,False,2026-05-13,22:56:00,4,extragb,4 + extragb
2026-05-13 22:56:00,S,4.0,,S41,NO,NO,NO,NO,True,-76.4,S41,NO,NO,0,0,29,,0,True,True,True,True,False,2026-05-13,22:56:00,4,Null,4 + Null
2026-05-13 22:56:00,S,2.0,peotv,S21,NO,NO,NO,NO,True,5865.06,S2,YES,NO,0,0,73,,0,True,True,True,True,False,2026-05-13,22:56:00,2,peotv,2 + peotv
2026-05-13 22:56:00,S,4.0,extragb,S4111,NO,NO,NO,YES,True,11445.05,S41,NO,NO,0,0,147,,0,False,True,True,True,False,2026-05-13,22:56:00,4,extragb,4 + extragb
2026-05-13 22:56:00,S,2.0,peotv,S21,NO,YES,NO,NO,True,304.71,S2,YES,NO,0,0,558,,0,False,False,False,False,True,2026-05-13,22:56:00,2,peotv,2 + peotv
2026-05-13 22:56:00,S,2.0,peotv,S21,NO,NO,NO,NO,True,4120.63,S2,YES,NO,0,0,122,,0,False,True,True,True,False,2026-05-13,22:56:00,2,peotv,2 + peotv
2026-05-13 22:56:00,S,2.0,peotv,S21,NO,NO,NO,NO,True,6875.06,S2,YES,NO,0,0,447,,0,False,False,False,True,False,2026-05-13,22:56:00,2,peotv,2 + peotv
2026-05-13 22:55:00,S,3.0,,S3,NO,NO,NO,NO,True,6263.91,S3,YES,NO,0,0,428,,0,False,False,False,True,False,2026-05-13,22:55:00,3,Null,3 + Null
2026-05-13 22:55:00,S,3.0,,S3,NO,NO,NO,NO,True,-12.63,S3,NO,NO,0,0,123,,0,False,True,True,True,False,2026-05-13,22:55:00,3,Null,3 + Null
2026-05-13 22:55:00,S,3.0,,S3,NO,NO,NO,NO,True,4202.78,S3,YES,YES,742,141,972,,883,False,False,False,False,True,2026-05-13,22:55:00,3,Null,3 + Null
2026-05-13 22:55:00,S,4.0,extragb,S4112,NO,NO,NO,NO,True,4957.01,S41,NO,NO,0,0,74,,0,True,True,True,True,False,2026-05-13,22:55:00,4,extragb,4 + extragb
2026-05-13 22:55:00,S,2.0,peotv,S21,NO,YES,NO,NO,True,458.94,S2,YES,NO,0,0,463,,0,False,False,False,True,False,2026-05-13,22:55:00,2,peotv,2 + peotv
2026-05-13 22:55:00,S,,,S,NO,NO,NO,NO,False,,,NO,NO,0,0,33,,0,True,True,True,True,False,2026-05-13,22:55:00,Null,Null,Null + Null
2026-05-13 22:55:00,S,2.0,peotv,S21,NO,YES,NO,NO,True,-0.99,S2,YES,NO,0,0,310,,0,False,False,False,True,False,2026-05-13,22:55:00,2,peotv,2 + peotv
2026-05-13 22:55:00,S,2.0,peotv,S21,NO,NO,NO,NO,True,-38.47,S2,YES,YES,803,207,1071,,1010,False,False,False,False,True,2026-05-13,22:55:00,2,peotv,2 + peotv
2026-05-13 22:55:00,S,2.0,peotv,S21,NO,NO,NO,NO,True,3642.31,S2,YES,NO,0,0,235,,0,False,False,True,True,False,2026-05-13,22:55:00,2,peotv,2 + peotv
2026-05-13 22:55:00,S,4.0,extragb,S41122,NO,NO,NO,NO,True,5497.97,S41,NO,NO,0,0,55,,0,True,True,True,True,False,2026-05-13,22:55:00,4,extragb,4 + extragb
2026-05-13 22:55:00,S,2.0,peotv,S21,YES,NO,NO,NO,True,13162.13,S2,NO,NO,0,0,65,,0,True,True,True,True,False,2026-05-13,22:55:00,2,peotv,2 + peotv
2026-05-13 22:55:00,S,2.0,peotv,S211,NO,YES,NO,NO,True,6168.62,S2,YES,YES,742,30,1769,,772,False,False,False,False,True,2026-05-13,22:55:00,2,peotv,2 + peotv
2026-05-13 22:55:00,S,2.0,peotv,S21,NO,NO,NO,NO,True,10764.37,S2,YES,YES,740,92,915,,832,False,False,False,False,True,2026-05-13,22:55:00,2,peotv,2 + peotv
2026-05-13 22:55:00,S,7.0,,S7,NO,NO,NO,NO,True,11079.81,S7,YES,YES,753,170,990,,923,False,False,False,False,True,2026-05-13,22:55:00,7,Null,7 + Null
2026-05-13 22:55:00,S,2.0,voice,S23,NO,NO,NO,NO,True,11731.15,S2,NO,NO,0,0,94,,0,True,True,True,True,False,2026-05-13,22:55:00,2,voice,2 + voice
2026-05-13 22:55:00,S,2.0,broadband,S22,NO,NO,NO,NO,True,7610.2,S2,YES,YES,743,100,915,,843,False,False,False,False,True,2026-05-13,22:55:00,2,broadband,2 + broadband
2026-05-13 22:55:00,S,4.0,extragb,S4111,NO,NO,NO,NO,True,5045.34,S41,NO,NO,0,0,39,,0,True,True,True,True,False,2026-05-13,22:55:00,4,extragb,4 + extragb
2026-05-13 22:55:00,S,3.0,,S3,NO,NO,NO,NO,True,1990.54,S3,YES,NO,0,0,491,,0,False,False,False,True,False,2026-05-13,22:55:00,3,Null,3 + Null
2026-05-13 22:55:00,S,4.0,extragb,S411,NO,NO,NO,NO,True,12771.02,S41,YES,YES,735,82,879,,817,False,False,False,False,True,2026-05-13,22:55:00,4,extragb,4 + extragb
2026-05-13 22:55:00,S,2.0,peotv,S21,NO,NO,NO,NO,True,2912.69,S2,YES,YES,748,43,846,,791,False,False,False,False,True,2026-05-13,22:55:00,2,peotv,2 + peotv
2026-05-13 22:55:00,S,4.0,extragb,S4112,NO,NO,NO,NO,True,-10.43,S41,NO,NO,0,0,30,,0,True,True,True,True,False,2026-05-13,22:55:00,4,extragb,4 + extragb
2026-05-13 22:55:00,S,,,S,NO,NO,NO,NO,False,,,NO,NO,0,0,16,,0,True,True,True,True,False,2026-05-13,22:55:00,Null,Null,Null + Null
2026-05-13 22:55:00,S,,,S,NO,NO,NO,NO,False,,,NO,NO,0,0,21,,0,True,True,True,True,False,2026-05-13,22:55:00,Null,Null,Null + Null
2026-05-13 22:55:00,S,4.0,extragb,S4111,NO,NO,NO,YES,True,3152.42,S41,NO,NO,0,0,92,,0,True,True,True,True,False,2026-05-13,22:55:00,4,extragb,4 + extragb
2026-05-13 22:55:00,S,2.0,peotv,S211,NO,YES,NO,NO,True,2952.18,S2,YES,NO,0,0,219,,0,False,False,True,True,False,2026-05-13,22:55:00,2,peotv,2 + peotv
2026-05-13 22:55:00,S,4.0,extragb,S4111,NO,NO,NO,YES,True,7395.62,S41,NO,NO,0,0,33,,0,True,True,True,True,False,2026-05-13,22:55:00,4,extragb,4 + extragb
2026-05-13 22:55:00,S,7.0,,MOBITEL_S7,NO,NO,NO,NO,True,2912.54,S7,YES,NO,0,0,147,,0,False,True,True,True,False,2026-05-13,22:55:00,7,Null,7 + Null
2026-05-13 22:55:00,S,,,S,NO,NO,NO,NO,False,,,NO,NO,0,0,364,,0,False,False,False,True,False,2026-05-13,22:55:00,Null,Null,Null + Null
2026-05-13 22:55:00,S,2.0,peotv,S21,NO,YES,NO,NO,True,-820.59,S2,YES,NO,0,0,500,,0,False,False,False,False,False,2026-05-13,22:55:00,2,peotv,2 + peotv
2026-05-13 22:55:00,S,2.0,peotv,S21,YES,NO,NO,NO,True,2692.52,S2,NO,NO,0,0,65,,0,True,True,True,True,False,2026-05-13,22:55:00,2,peotv,2 + peotv
2026-05-13 22:55:00,S,2.0,peotv,S21,NO,NO,NO,NO,True,3504.58,S2,YES,NO,0,0,293,,0,False,False,True,True,False,2026-05-13,22:55:00,2,peotv,2 + peotv
2026-05-13 22:54:00,S,1.0,,SLty1,NO,NO,NO,NO,False,,S1,YES,YES,778,154,987,,932,False,False,False,False,True,2026-05-13,22:54:00,1,Null,1 + Null
2026-05-13 22:54:00,E,2.0,peotv,E21,NO,NO,NO,NO,True,6209.57,E2,YES,NO,0,0,238,,0,False,False,True,True,False,2026-05-13,22:54:00,2,peotv,2 + peotv
2026-05-13 22:54:00,S,2.0,peotv,S21,NO,NO,NO,NO,True,5.61,S2,YES,YES,746,148,983,,894,False,False,False,False,True,2026-05-13,22:54:00,2,peotv,2 + peotv
2026-05-13 22:54:00,S,1.0,,S1,NO,NO,NO,NO,True,7257.12,S1,YES,NO,0,0,329,,0,False,False,False,True,False,2026-05-13,22:54:00,1,Null,1 + Null
2026-05-13 22:54:00,S,2.0,peotv,S21,NO,NO,NO,NO,True,6921.88,S2,YES,NO,0,0,508,,0,False,False,False,False,True,2026-05-13,22:54:00,2,peotv,2 + peotv
2026-05-13 22:54:00,S,,,S,NO,NO,NO,NO,False,,,NO,NO,0,0,27,,0,True,True,True,True,False,2026-05-13,22:54:00,Null,Null,Null + Null
2026-05-13 22:54:00,S,,,S,NO,NO,NO,NO,False,,,NO,NO,0,0,24,,0,True,True,True,True,False,2026-05-13,22:54:00,Null,Null,Null + Null
2026-05-13 22:54:00,S,,,MOBITEL_S,NO,NO,NO,NO,False,,,NO,NO,0,0,23,,0,True,True,True,True,False,2026-05-13,22:54:00,Null,Null,Null + Null
2026-05-13 22:54:00,S,,,S,NO,NO,NO,NO,False,,,NO,NO,0,0,28,,0,True,True,True,True,False,2026-05-13,22:54:00,Null,Null,Null + Null
2026-05-13 22:54:00,S,2.0,peotv,S21,NO,YES,NO,NO,True,502.87,S2,YES,NO,0,0,606,,0,False,False,False,False,True,2026-05-13,22:54:00,2,peotv,2 + peotv
2026-05-13 22:54:00,S,1.0,,SLty1,NO,NO,NO,NO,False,,S1,YES,YES,823,273,1145,,1096,False,False,False,False,True,2026-05-13,22:54:00,1,Null,1 + Null
2026-05-13 22:54:00,S,2.0,peotv,S21,NO,NO,NO,NO,True,3442.41,S2,YES,NO,0,0,529,,0,False,False,False,False,True,2026-05-13,22:54:00,2,peotv,2 + peotv
2026-05-13 22:54:00,S,4.0,extragb,S4112,NO,NO,NO,NO,True,-10.43,S41,NO,NO,0,0,30,,0,True,True,True,True,False,2026-05-13,22:54:00,4,extragb,4 + extragb
2026-05-13 22:54:00,S,2.0,peotv,S211,NO,YES,NO,NO,True,6091.07,S2,YES,NO,0,0,509,,0,False,False,False,False,True,2026-05-13,22:54:00,2,peotv,2 + peotv
2026-05-13 22:54:00,S,3.0,,S3,NO,NO,NO,NO,True,4684.11,S3,NO,NO,0,0,66,,0,True,True,True,True,False,2026-05-13,22:54:00,3,Null,3 + Null
2026-05-13 22:54:00,S,1.0,,S1,NO,NO,NO,NO,True,5045.34,S1,YES,NO,0,0,546,,0,False,False,False,False,True,2026-05-13,22:54:00,1,Null,1 + Null
2026-05-13 22:54:00,S,,,S,NO,NO,NO,NO,False,,,NO,NO,0,0,681,,0,False,False,False,False,True,2026-05-13,22:54:00,Null,Null,Null + Null
2026-05-13 22:54:00,S,3.0,,S3,NO,NO,NO,NO,True,13249.74,S3,YES,YES,804,136,1036,,940,False,False,False,False,True,2026-05-13,22:54:00,3,Null,3 + Null
2026-05-13 22:54:00,S,4.0,extragb,S4111,NO,NO,NO,YES,True,0.7,S41,NO,NO,0,0,39,,0,True,True,True,True,False,2026-05-13,22:54:00,4,extragb,4 + extragb
2026-05-13 22:54:00,S,,,S,NO,NO,NO,NO,False,,,NO,NO,0,0,33,,0,True,True,True,True,False,2026-05-13,22:54:00,Null,Null,Null + Null
2026-05-13 22:54:00,S,2.0,broadband,S22,NO,YES,NO,NO,True,4937.42,S2,NO,NO,0,0,75,,0,True,True,True,True,False,2026-05-13,22:54:00,2,broadband,2 + broadband
2026-05-13 22:54:00,S,2.0,peotv,S21,NO,NO,NO,NO,True,3520.65,S2,YES,NO,0,0,713,,0,False,False,False,False,True,2026-05-13,22:54:00,2,peotv,2 + peotv
2026-05-13 22:54:00,S,2.0,peotv,S21,NO,NO,NO,NO,True,5228.05,S2,YES,NO,0,0,221,,0,False,False,True,True,False,2026-05-13,22:54:00,2,peotv,2 + peotv
2026-05-13 22:54:00,T,,,T,NO,NO,NO,NO,False,,T6,NO,YES,76,369,477,,445,False,False,False,True,False,2026-05-13,22:54:00,Null,Null,Null + Null
2026-05-13 22:54:00,S,2.0,broadband,S22,NO,NO,NO,NO,True,3242.59,S2,YES,NO,0,0,124,,0,False,True,True,True,False,2026-05-13,22:54:00,2,broadband,2 + broadband
2026-05-13 22:54:00,S,7.0,,S7,NO,NO,NO,NO,True,3898.71,S7,YES,NO,0,0,139,,0,False,True,True,True,False,2026-05-13,22:54:00,7,Null,7 + Null
2026-05-13 22:53:00,S,2.0,peotv,S21,YES,NO,NO,NO,True,8422.1,S2,YES,YES,762,58,932,,820,False,False,False,False,True,2026-05-13,22:53:00,2,peotv,2 + peotv
2026-05-13 22:53:00,S,2.0,peotv,S211,NO,YES,NO,NO,True,5003.08,S2,YES,NO,0,0,350,,0,False,False,False,True,False,2026-05-13,22:53:00,2,peotv,2 + peotv
2026-05-13 22:53:00,S,2.0,peotv,S21,NO,NO,NO,NO,True,2067.82,S2,YES,NO,0,0,159,,0,False,True,True,True,False,2026-05-13,22:53:00,2,peotv,2 + peotv
2026-05-13 22:53:00,E,,,E,NO,NO,NO,NO,True,9785.85,,NO,NO,0,0,112,,0,False,True,True,True,False,2026-05-13,22:53:00,Null,Null,Null + Null
2026-05-13 22:53:00,S,2.0,peotv,S21,NO,NO,NO,NO,True,2801.34,S2,NO,NO,0,0,41,,0,True,True,True,True,False,2026-05-13,22:53:00,2,peotv,2 + peotv
2026-05-13 22:53:00,S,4.0,extragb,S4111,NO,NO,NO,YES,True,4229.2,S41,NO,NO,0,0,30,,0,True,True,True,True,False,2026-05-13,22:53:00,4,extragb,4 + extragb
2026-05-13 22:53:00,S,2.0,peotv,S21,NO,NO,NO,NO,True,3433.26,S2,YES,YES,836,225,1097,,1061,False,False,False,False,True,2026-05-13,22:53:00,2,peotv,2 + peotv
2026-05-13 22:53:00,S,3.0,,S3,NO,NO,NO,NO,True,2402.31,S3,YES,YES,771,77,913,,848,False,False,False,False,True,2026-05-13,22:53:00,3,Null,3 + Null
2026-05-13 22:53:00,S,4.0,extragb,S4111,NO,NO,NO,YES,True,1.41,S41,NO,NO,0,0,106,,0,False,True,True,True,False,2026-05-13,22:53:00,4,extragb,4 + extragb
2026-05-13 22:53:00,S,7.0,,S7,NO,NO,NO,NO,True,3382.15,S7,YES,NO,0,0,629,,0,False,False,False,False,True,2026-05-13,22:53:00,7,Null,7 + Null
2026-05-13 22:53:00,E,1.0,,ELty1,NO,NO,NO,NO,False,,E1,YES,YES,151,190,383,,341,False,False,False,True,False,2026-05-13,22:53:00,1,Null,1 + Null
2026-05-13 22:53:00,S,3.0,,S3,NO,NO,NO,NO,True,7323.21,S3,YES,NO,0,0,377,,0,False,False,False,True,False,2026-05-13,22:53:00,3,Null,3 + Null
2026-05-13 22:53:00,S,,,S,NO,NO,NO,NO,False,,,NO,NO,0,0,30,,0,True,True,True,True,False,2026-05-13,22:53:00,Null,Null,Null + Null
2026-05-13 22:53:00,S,,,S,NO,NO,NO,NO,False,,,NO,NO,0,0,34,,0,True,True,True,True,False,2026-05-13,22:53:00,Null,Null,Null + Null
2026-05-13 22:53:00,S,7.0,,S7,NO,NO,NO,NO,True,9569.0,S7,YES,NO,0,0,398,,0,False,False,False,True,False,2026-05-13,22:53:00,7,Null,7 + Null
2026-05-13 22:53:00,S,2.0,peotv,S211,NO,YES,NO,NO,True,6018.68,S2,YES,YES,751,20,863,,771,False,False,False,False,True,2026-05-13,22:53:00,2,peotv,2 + peotv
2026-05-13 22:53:00,S,,,S,NO,NO,NO,NO,False,,,NO,NO,0,0,24,,0,True,True,True,True,False,2026-05-13,22:53:00,Null,Null,Null + Null
2026-05-13 22:53:00,S,2.0,broadband,S22,NO,NO,YES,NO,True,0.0,S2,NO,NO,0,0,96,,0,True,True,True,True,False,2026-05-13,22:53:00,2,broadband,2 + broadband
2026-05-13 22:53:00,S,2.0,peotv,S211,NO,YES,NO,NO,True,17017.01,S2,YES,NO,0,0,822,,0,False,False,False,False,True,2026-05-13,22:53:00,2,peotv,2 + peotv
2026-05-13 22:53:00,S,2.0,peotv,S21,YES,NO,NO,NO,True,1997.92,S2,NO,NO,0,0,70,,0,True,True,True,True,False,2026-05-13,22:53:00,2,peotv,2 + peotv
2026-05-13 22:53:00,S,3.0,,S3,NO,NO,NO,NO,True,-452.24,S3,NO,NO,0,0,52,,0,True,True,True,True,False,2026-05-13,22:53:00,3,Null,3 + Null
2026-05-13 22:53:00,S,4.0,extragb,S4112,NO,NO,NO,NO,True,0.0,S41,NO,NO,0,0,27,,0,True,True,True,True,False,2026-05-13,22:53:00,4,extragb,4 + extragb
2026-05-13 22:53:00,S,2.0,other,S2t,NO,NO,NO,NO,True,11431.11,S2,YES,YES,847,59,1005,,906,False,False,False,False,True,2026-05-13,22:53:00,2,other,2 + other
2026-05-13 22:53:00,S,2.0,peotv,S211,NO,YES,NO,NO,True,6350.31,S2,YES,NO,0,0,552,,0,False,False,False,False,True,2026-05-13,22:53:00,2,peotv,2 + peotv
2026-05-13 22:53:00,S,2.0,broadband,S22,NO,NO,YES,NO,True,11731.15,S2,YES,NO,0,0,385,,0,False,False,False,True,False,2026-05-13,22:53:00,2,broadband,2 + broadband
2026-05-13 22:53:00,S,2.0,peotv,S21,NO,NO,NO,NO,True,1.29,S2,YES,NO,0,0,308,,0,False,False,False,True,False,2026-05-13,22:53:00,2,peotv,2 + peotv
2026-05-13 22:52:00,S,4.0,extragb,S4111,NO,NO,NO,YES,True,7388.41,S41,NO,NO,0,0,50,,0,True,True,True,True,False,2026-05-13,22:52:00,4,extragb,4 + extragb
2026-05-13 22:52:00,S,,,S,NO,NO,NO,NO,False,,,NO,NO,0,0,34,,0,True,True,True,True,False,2026-05-13,22:52:00,Null,Null,Null + Null
2026-05-13 22:52:00,S,1.0,,SLty1,NO,NO,NO,NO,False,,S1,YES,NO,0,0,474,,0,False,False,False,True,False,2026-05-13,22:52:00,1,Null,1 + Null
2026-05-13 22:52:00,S,2.0,voice,S23,YES,NO,NO,NO,True,9036.15,S2,YES,YES,814,81,981,,895,False,False,False,False,True,2026-05-13,22:52:00,2,voice,2 + voice
2026-05-13 22:52:00,S,3.0,,S3,NO,NO,NO,NO,True,3974.35,S3,NO,NO,0,0,90,,0,True,True,True,True,False,2026-05-13,22:52:00,3,Null,3 + Null
2026-05-13 22:52:00,S,7.0,,S7,NO,NO,NO,NO,True,1140.44,S7,YES,NO,0,0,142,,0,False,True,True,True,False,2026-05-13,22:52:00,7,Null,7 + Null
2026-05-13 22:52:00,S,2.0,peotv,S21,NO,NO,NO,NO,True,1929.37,S2,YES,NO,0,0,300,,0,False,False,False,True,False,2026-05-13,22:52:00,2,peotv,2 + peotv
2026-05-13 22:52:00,S,2.0,peotv,S21,NO,NO,NO,NO,True,7.31,S2,YES,NO,0,0,190,,0,False,True,True,True,False,2026-05-13,22:52:00,2,peotv,2 + peotv
2026-05-13 22:52:00,S,2.0,peotv,S21,NO,NO,NO,NO,True,1714.68,S2,YES,NO,0,0,300,,0,False,False,False,True,False,2026-05-13,22:52:00,2,peotv,2 + peotv
2026-05-13 22:52:00,S,2.0,broadband,S22,NO,NO,NO,NO,True,4984.78,S2,YES,YES,814,97,978,,911,False,False,False,False,True,2026-05-13,22:52:00,2,broadband,2 + broadband
2026-05-13 22:52:00,S,2.0,peotv,S211,NO,YES,NO,NO,True,5914.94,S2,YES,NO,0,0,548,,0,False,False,False,False,True,2026-05-13,22:52:00,2,peotv,2 + peotv
2026-05-13 22:52:00,S,3.0,,S3,NO,NO,NO,NO,True,631.69,S3,YES,NO,0,0,97,,0,True,True,True,True,False,2026-05-13,22:52:00,3,Null,3 + Null
2026-05-13 22:52:00,S,7.0,,MOBITEL_S7,NO,NO,NO,NO,True,7055.63,S7,YES,NO,0,0,805,,0,False,False,False,False,True,2026-05-13,22:52:00,7,Null,7 + Null
2026-05-13 22:52:00,S,7.0,,S7,NO,NO,NO,NO,True,10156.93,S7,YES,YES,901,167,1162,,1068,False,False,False,False,True,2026-05-13,22:52:00,7,Null,7 + Null
2026-05-13 22:52:00,S,1.0,,SLty1,NO,NO,NO,NO,False,,S1,YES,NO,0,0,107,,0,False,True,True,True,False,2026-05-13,22:52:00,1,Null,1 + Null
2026-05-13 22:52:00,S,,,S,NO,NO,NO,NO,True,9557.53,,NO,NO,0,0,40,,0,True,True,True,True,False,2026-05-13,22:52:00,Null,Null,Null + Null
2026-05-13 22:52:00,S,2.0,peotv,S21,NO,NO,NO,NO,True,10689.76,S2,YES,NO,0,0,142,,0,False,True,True,True,False,2026-05-13,22:52:00,2,peotv,2 + peotv
2026-05-13 22:52:00,S,1.0,,S1,NO,NO,NO,NO,True,5050.53,S1,YES,NO,0,0,827,,0,False,False,False,False,True,2026-05-13,22:52:00,1,Null,1 + Null
2026-05-13 22:52:00,S,1.0,,SLty1,NO,NO,NO,NO,False,,S1,YES,YES,841,144,1041,,985,False,False,False,False,True,2026-05-13,22:52:00,1,Null,1 + Null
2026-05-13 22:52:00,S,3.0,,S3,NO,NO,NO,NO,True,8944.07,S3,YES,YES,812,45,937,,857,False,False,False,False,True,2026-05-13,22:52:00,3,Null,3 + Null
2026-05-13 22:52:00,S,2.0,broadband,S22,NO,NO,NO,NO,True,2161.41,S2,NO,NO,0,0,52,,0,True,True,True,True,False,2026-05-13,22:52:00,2,broadband,2 + broadband
2026-05-13 22:52:00,S,3.0,,S3,NO,NO,NO,NO,True,6638.07,S3,NO,NO,0,0,81,,0,True,True,True,True,False,2026-05-13,22:52:00,3,Null,3 + Null
2026-05-13 22:52:00,S,2.0,peotv,S211,NO,YES,NO,NO,True,3043.32,S2,YES,YES,838,73,982,,911,False,False,False,False,True,2026-05-13,22:52:00,2,peotv,2 + peotv
2026-05-13 22:52:00,S,3.0,,S3,NO,NO,NO,NO,True,-105.26,S3,NO,NO,0,0,74,,0,True,True,True,True,False,2026-05-13,22:52:00,3,Null,3 + Null
2026-05-13 22:52:00,S,1.0,,SLty1,NO,NO,NO,NO,False,,S1,YES,NO,0,0,469,,0,False,False,False,True,False,2026-05-13,22:52:00,1,Null,1 + Null
2026-05-13 22:52:00,S,,,S,NO,NO,NO,NO,False,,,NO,NO,0,0,50,,0,True,True,True,True,False,2026-05-13,22:52:00,Null,Null,Null + Null
2026-05-13 22:52:00,S,2.0,peotv,S21,NO,NO,NO,NO,True,3960.54,S2,YES,YES,814,50,954,,864,False,False,False,False,True,2026-05-13,22:52:00,2,peotv,2 + peotv
2026-05-13 22:52:00,S,2.0,peotv,S21,NO,YES,NO,NO,True,87.53,S2,YES,YES,813,67,967,,880,False,False,False,False,True,2026-05-13,22:52:00,2,peotv,2 + peotv
2026-05-13 22:52:00,S,2.0,broadband,S22,NO,NO,NO,NO,True,3242.59,S2,YES,NO,0,0,289,,0,False,False,True,True,False,2026-05-13,22:52:00,2,broadband,2 + broadband
2026-05-13 22:51:00,S,2.0,peotv,S21,NO,NO,NO,NO,True,5825.92,S2,YES,NO,0,0,528,,0,False,False,False,False,True,2026-05-13,22:51:00,2,peotv,2 + peotv
2026-05-13 22:51:00,S,4.0,extragb,S4111,NO,NO,NO,YES,True,12813.89,S41,NO,NO,0,0,58,,0,True,True,True,True,False,2026-05-13,22:51:00,4,extragb,4 + extragb
2026-05-13 22:51:00,S,4.0,extragb,S4112,NO,NO,NO,NO,True,-452.24,S41,NO,NO,0,0,40,,0,True,True,True,True,False,2026-05-13,22:51:00,4,extragb,4 + extragb
2026-05-13 22:51:00,S,,,S,NO,NO,NO,NO,False,,,NO,NO,0,0,36,,0,True,True,True,True,False,2026-05-13,22:51:00,Null,Null,Null + Null
2026-05-13 22:51:00,S,,,S,NO,NO,NO,NO,True,5034.59,,NO,NO,0,0,58,,0,True,True,True,True,False,2026-05-13,22:51:00,Null,Null,Null + Null
2026-05-13 22:51:00,S,2.0,peotv,S21,NO,NO,NO,NO,True,6148.69,S2,YES,NO,0,0,91,,0,True,True,True,True,False,2026-05-13,22:51:00,2,peotv,2 + peotv
2026-05-13 22:51:00,S,2.0,peotv,S21,YES,NO,NO,NO,True,6543.57,S2,YES,NO,0,0,361,,0,False,False,False,True,False,2026-05-13,22:51:00,2,peotv,2 + peotv
2026-05-13 22:51:00,S,2.0,peotv,S21,NO,NO,NO,NO,True,12095.02,S2,YES,NO,0,0,270,,0,False,False,True,True,False,2026-05-13,22:51:00,2,peotv,2 + peotv
2026-05-13 22:51:00,S,3.0,,S3,NO,NO,NO,NO,True,2998.49,S3,YES,NO,0,0,178,,0,False,True,True,True,False,2026-05-13,22:51:00,3,Null,3 + Null
2026-05-13 22:51:00,S,,,S,NO,NO,NO,NO,False,,,NO,NO,0,0,81,,0,True,True,True,True,False,2026-05-13,22:51:00,Null,Null,Null + Null
2026-05-13 22:51:00,S,7.0,,S7,NO,NO,NO,NO,True,5825.92,S7,YES,NO,0,0,108,,0,False,True,True,True,False,2026-05-13,22:51:00,7,Null,7 + Null
2026-05-13 22:51:00,S,7.0,,S7,NO,NO,NO,NO,True,-466.57,S7,YES,NO,0,0,671,,0,False,False,False,False,True,2026-05-13,22:51:00,7,Null,7 + Null
2026-05-13 22:51:00,S,2.0,peotv,S21,NO,NO,NO,NO,True,4362.98,S2,YES,YES,839,63,1002,,902,False,False,False,False,True,2026-05-13,22:51:00,2,peotv,2 + peotv
2026-05-13 22:51:00,S,4.0,extragb,S4112,NO,NO,NO,NO,True,4276.62,S41,NO,NO,0,0,63,,0,True,True,True,True,False,2026-05-13,22:51:00,4,extragb,4 + extragb
2026-05-13 22:51:00,S,2.0,other,S2t,NO,NO,NO,NO,True,3256.99,S2,YES,NO,0,0,319,,0,False,False,False,True,False,2026-05-13,22:51:00,2,other,2 + other
2026-05-13 22:51:00,S,2.0,other,S24,NO,NO,NO,NO,False,,S2,YES,NO,0,0,618,,0,False,False,False,False,True,2026-05-13,22:51:00,2,other,2 + other
2026-05-13 22:51:00,S,1.0,,SLty1,NO,NO,NO,NO,False,,S1,YES,NO,0,0,324,,0,False,False,False,True,False,2026-05-13,22:51:00,1,Null,1 + Null
2026-05-13 22:51:00,S,2.0,peotv,S21,NO,NO,NO,NO,True,4412.23,S2,YES,YES,839,43,939,,882,False,False,False,False,True,2026-05-13,22:51:00,2,peotv,2 + peotv
2026-05-13 22:51:00,T,7.0,,T7,NO,NO,NO,NO,True,21.59,T7,YES,NO,0,0,193,,0,False,True,True,True,False,2026-05-13,22:51:00,7,Null,7 + Null
2026-05-13 22:51:00,S,2.0,peotv,S21,NO,NO,NO,NO,True,6204.54,S2,YES,NO,0,0,179,,0,False,True,True,True,False,2026-05-13,22:51:00,2,peotv,2 + peotv
2026-05-13 22:51:00,S,4.0,extragb,S411,NO,NO,NO,NO,True,38280.25,S41,NO,NO,0,0,54,,0,True,True,True,True,False,2026-05-13,22:51:00,4,extragb,4 + extragb
2026-05-13 22:51:00,S,2.0,peotv,S211,NO,YES,NO,NO,True,4833.71,S2,YES,NO,0,0,669,,0,False,False,False,False,True,2026-05-13,22:51:00,2,peotv,2 + peotv
2026-05-13 22:51:00,S,,,S,NO,NO,NO,NO,False,,,NO,NO,0,0,44,,0,True,True,True,True,False,2026-05-13,22:51:00,Null,Null,Null + Null
2026-05-13 22:51:00,S,2.0,peotv,S21,NO,NO,NO,NO,True,14517.54,S2,YES,YES,838,63,951,,901,False,False,False,False,True,2026-05-13,22:51:00,2,peotv,2 + peotv
2026-05-13 22:51:00,E,,,MOBITEL_E,NO,NO,NO,NO,False,,,NO,NO,0,0,91,,0,True,True,True,True,False,2026-05-13,22:51:00,Null,Null,Null + Null
2026-05-13 22:51:00,S,,,S,NO,NO,NO,NO,False,,,NO,NO,0,0,34,,0,True,True,True,True,False,2026-05-13,22:51:00,Null,Null,Null + Null
2026-05-13 22:51:00,S,1.0,,SLty1,NO,NO,NO,NO,False,,S1,YES,YES,946,243,1254,,1189,False,False,False,False,True,2026-05-13,22:51:00,1,Null,1 + Null
2026-05-13 22:51:00,S,2.0,peotv,S21,NO,NO,NO,NO,True,3025.69,S2,NO,NO,0,0,60,,0,True,True,True,True,False,2026-05-13,22:51:00,2,peotv,2 + peotv
2026-05-13 22:51:00,S,3.0,,S3,NO,NO,NO,NO,True,2952.18,S3,YES,NO,0,0,299,,0,False,False,True,True,False,2026-05-13,22:51:00,3,Null,3 + Null
2026-05-13 22:50:00,S,,,S,NO,NO,NO,NO,False,,,NO,NO,0,0,56,,0,True,True,True,True,False,2026-05-13,22:50:00,Null,Null,Null + Null
2026-05-13 22:50:00,S,2.0,peotv,S21,NO,YES,NO,NO,True,-285.26,S2,YES,NO,0,0,282,,0,False,False,True,True,False,2026-05-13,22:50:00,2,peotv,2 + peotv
2026-05-13 22:50:00,S,2.0,peotv,S211,NO,YES,NO,NO,True,12931.39,S2,YES,YES,898,169,1177,,1067,False,False,False,False,True,2026-05-13,22:50:00,2,peotv,2 + peotv
2026-05-13 22:50:00,S,,,MOBITEL_S,NO,NO,NO,NO,False,,,NO,NO,0,0,16,,0,True,True,True,True,False,2026-05-13,22:50:00,Null,Null,Null + Null
2026-05-13 22:50:00,S,,,S,NO,NO,NO,NO,False,,,NO,NO,0,0,24,,0,True,True,True,True,False,2026-05-13,22:50:00,Null,Null,Null + Null
2026-05-13 22:50:00,S,2.0,other,S24,NO,NO,NO,NO,False,,S2,YES,YES,873,160,1155,,1033,False,False,False,False,True,2026-05-13,22:50:00,2,other,2 + other
2026-05-13 22:50:00,S,2.0,broadband,S22,NO,YES,NO,NO,True,123.85,S2,YES,YES,941,223,1294,,1164,False,False,False,False,True,2026-05-13,22:50:00,2,broadband,2 + broadband
2026-05-13 22:50:00,S,3.0,,S3,NO,NO,NO,NO,True,631.69,S3,YES,NO,0,0,315,,0,False,False,False,True,False,2026-05-13,22:50:00,3,Null,3 + Null
2026-05-13 22:50:00,S,3.0,,S3,NO,NO,NO,NO,True,5034.59,S3,YES,NO,0,0,696,,0,False,False,False,False,True,2026-05-13,22:50:00,3,Null,3 + Null
2026-05-13 22:50:00,S,,,S,NO,NO,NO,NO,True,9545.67,,NO,NO,0,0,157,,0,False,True,True,True,False,2026-05-13,22:50:00,Null,Null,Null + Null
2026-05-13 22:50:00,S,,,S,NO,NO,NO,NO,False,,,NO,NO,0,0,20,,0,True,True,True,True,False,2026-05-13,22:50:00,Null,Null,Null + Null
2026-05-13 22:50:00,S,7.0,,S7,NO,NO,NO,NO,True,-372.85,S7,YES,NO,0,0,150,,0,False,True,True,True,False,2026-05-13,22:50:00,7,Null,7 + Null
2026-05-13 22:50:00,S,4.0,extragb,S41t,NO,NO,NO,NO,True,5617.27,S41,YES,YES,842,42,986,,884,False,False,False,False,True,2026-05-13,22:50:00,4,extragb,4 + extragb
2026-05-13 22:50:00,S,4.0,extragb,S4111,NO,NO,NO,YES,True,2936.28,S41,NO,NO,0,0,90,,0,True,True,True,True,False,2026-05-13,22:50:00,4,extragb,4 + extragb
2026-05-13 22:50:00,S,,,S,NO,NO,NO,NO,False,,,NO,NO,0,0,25,,0,True,True,True,True,False,2026-05-13,22:50:00,Null,Null,Null + Null
2026-05-13 22:50:00,S,2.0,peotv,S21,NO,NO,NO,NO,True,-30.89,S2,YES,NO,0,0,777,,0,False,False,False,False,True,2026-05-13,22:50:00,2,peotv,2 + peotv
2026-05-13 22:50:00,S,,,S,NO,NO,NO,NO,False,,,NO,NO,0,0,21,,0,True,True,True,True,False,2026-05-13,22:50:00,Null,Null,Null + Null
2026-05-13 22:50:00,S,,,S,NO,NO,NO,NO,False,,,NO,NO,0,0,5,,0,True,True,True,True,False,2026-05-13,22:50:00,Null,Null,Null + Null
2026-05-13 22:50:00,S,3.0,,S3,NO,NO,NO,NO,True,4276.62,S3,NO,NO,0,0,59,,0,True,True,True,True,False,2026-05-13,22:50:00,3,Null,3 + Null
2026-05-13 22:50:00,T,2.0,broadband,T22,YES,NO,NO,NO,True,0.0,T2,YES,YES,19,128,276,,147,False,False,True,True,False,2026-05-13,22:50:00,2,broadband,2 + broadband
2026-05-13 22:50:00,S,,,S,NO,NO,NO,NO,False,,,NO,NO,0,0,33,,0,True,True,True,True,False,2026-05-13,22:50:00,Null,Null,Null + Null
2026-05-13 22:50:00,S,2.0,peotv,S21,YES,NO,NO,NO,True,-498.64,S2,YES,YES,897,40,1073,,937,False,False,False,False,True,2026-05-13,22:50:00,2,peotv,2 + peotv
2026-05-13 22:50:00,S,4.0,extragb,S4111,NO,NO,NO,YES,True,38280.25,S41,NO,NO,0,0,84,,0,True,True,True,True,False,2026-05-13,22:50:00,4,extragb,4 + extragb
2026-05-13 22:50:00,S,,,S,NO,NO,NO,NO,True,2147.29,,NO,NO,0,0,42,,0,True,True,True,True,False,2026-05-13,22:50:00,Null,Null,Null + Null
2026-05-13 22:50:00,S,4.0,extragb,S4112,NO,NO,NO,NO,True,11992.77,S41,NO,NO,0,0,33,,0,True,True,True,True,False,2026-05-13,22:50:00,4,extragb,4 + extragb
2026-05-13 22:50:00,S,2.0,peotv,S21,NO,NO,NO,NO,True,6209.57,S2,YES,NO,0,0,516,,0,False,False,False,False,True,2026-05-13,22:50:00,2,peotv,2 + peotv
2026-05-13 22:50:00,S,1.0,,S1,NO,NO,NO,NO,True,5624.51,S1,YES,NO,0,0,172,,0,False,True,True,True,False,2026-05-13,22:50:00,1,Null,1 + Null
2026-05-13 22:50:00,S,4.0,extragb,S41121,NO,NO,NO,NO,True,8177.24,S41,NO,NO,0,0,99,,0,True,True,True,True,False,2026-05-13,22:50:00,4,extragb,4 + extragb
2026-05-13 22:49:00,S,1.0,,S1,NO,NO,NO,NO,True,1610.67,S1,YES,NO,0,0,230,,0,False,False,True,True,False,2026-05-13,22:49:00,1,Null,1 + Null
2026-05-13 22:49:00,S,3.0,,S3,NO,NO,NO,NO,True,-34.72,S3,NO,NO,0,0,51,,0,True,True,True,True,False,2026-05-13,22:49:00,3,Null,3 + Null
2026-05-13 22:49:00,S,3.0,,S3,NO,NO,NO,NO,True,8219.15,S3,YES,YES,868,81,1061,,949,False,False,False,False,True,2026-05-13,22:49:00,3,Null,3 + Null
2026-05-13 22:49:00,S,1.0,,S1,NO,NO,NO,NO,True,5055.42,S1,YES,NO,0,0,456,,0,False,False,False,True,False,2026-05-13,22:49:00,1,Null,1 + Null
2026-05-13 22:49:00,S,2.0,peotv,S211,NO,YES,NO,NO,True,7703.72,S2,YES,NO,0,0,792,,0,False,False,False,False,True,2026-05-13,22:49:00,2,peotv,2 + peotv
2026-05-13 22:49:00,S,4.0,extragb,MOBITEL_S4111,NO,NO,NO,YES,True,3057.01,S41,NO,NO,0,0,116,,0,False,True,True,True,False,2026-05-13,22:49:00,4,extragb,4 + extragb
2026-05-13 22:49:00,S,2.0,peotv,S211,NO,YES,NO,NO,True,9035.43,S2,YES,YES,887,47,1014,,934,False,False,False,False,True,2026-05-13,22:49:00,2,peotv,2 + peotv
2026-05-13 22:49:00,S,2.0,voice,S23,YES,NO,NO,NO,True,916.66,S2,YES,NO,0,0,134,,0,False,True,True,True,False,2026-05-13,22:49:00,2,voice,2 + voice
2026-05-13 22:49:00,S,,,S,NO,NO,NO,NO,False,,,NO,NO,0,0,34,,0,True,True,True,True,False,2026-05-13,22:49:00,Null,Null,Null + Null
2026-05-13 22:49:00,S,4.0,addon,S412,NO,NO,NO,NO,True,20291.92,S41,YES,NO,0,0,349,,0,False,False,False,True,False,2026-05-13,22:49:00,4,addon,4 + addon
2026-05-13 22:49:00,S,2.0,peotv,S21,NO,NO,NO,NO,True,33.28,S2,YES,YES,876,39,983,,915,False,False,False,False,True,2026-05-13,22:49:00,2,peotv,2 + peotv
2026-05-13 22:49:00,S,3.0,,S3,NO,NO,NO,NO,True,1938.84,S3,YES,NO,0,0,302,,0,False,False,False,True,False,2026-05-13,22:49:00,3,Null,3 + Null
2026-05-13 22:49:00,S,4.0,extragb,S4111,NO,NO,NO,YES,True,3623.61,S41,NO,NO,0,0,51,,0,True,True,True,True,False,2026-05-13,22:49:00,4,extragb,4 + extragb
2026-05-13 22:49:00,E,3.0,,E3,NO,NO,NO,NO,True,16092.28,E3,YES,NO,0,0,122,,0,False,True,True,True,False,2026-05-13,22:49:00,3,Null,3 + Null
2026-05-13 22:49:00,S,2.0,peotv,S21,NO,NO,NO,NO,True,2349.45,S2,YES,NO,0,0,553,,0,False,False,False,False,True,2026-05-13,22:49:00,2,peotv,2 + peotv
2026-05-13 22:49:00,S,3.0,,S3,NO,NO,NO,NO,True,-441.1,S3,NO,NO,0,0,90,,0,True,True,True,True,False,2026-05-13,22:49:00,3,Null,3 + Null
2026-05-13 22:49:00,S,2.0,peotv,S211,NO,YES,NO,NO,True,4948.33,S2,YES,YES,932,97,1155,,1029,False,False,False,False,True,2026-05-13,22:49:00,2,peotv,2 + peotv
2026-05-13 22:49:00,S,2.0,,S2,NO,NO,NO,NO,False,,S2,NO,NO,0,0,73,,0,True,True,True,True,False,2026-05-13,22:49:00,2,Null,2 + Null
2026-05-13 22:49:00,S,2.0,peotv,S21,NO,YES,NO,NO,True,6317.1,S2,NO,NO,0,0,155,,0,False,True,True,True,False,2026-05-13,22:49:00,2,peotv,2 + peotv
2026-05-13 22:49:00,S,2.0,peotv,S21,NO,NO,NO,NO,True,2314.51,S2,YES,YES,948,104,1134,,1052,False,False,False,False,True,2026-05-13,22:49:00,2,peotv,2 + peotv
2026-05-13 22:49:00,S,4.0,extragb,S4111,NO,NO,NO,YES,True,8026.6,S41,NO,NO,0,0,61,,0,True,True,True,True,False,2026-05-13,22:49:00,4,extragb,4 + extragb
2026-05-13 22:49:00,S,,,S,NO,NO,NO,NO,False,,,NO,NO,0,0,33,,0,True,True,True,True,False,2026-05-13,22:49:00,Null,Null,Null + Null
2026-05-13 22:49:00,S,2.0,peotv,S21,NO,YES,NO,NO,True,0.0,S2,YES,NO,0,0,294,,0,False,False,True,True,False,2026-05-13,22:49:00,2,peotv,2 + peotv
2026-05-13 22:49:00,S,2.0,peotv,S211,NO,YES,NO,NO,True,7180.21,S2,YES,YES,861,71,1022,,932,False,False,False,False,True,2026-05-13,22:49:00,2,peotv,2 + peotv
2026-05-13 22:49:00,S,2.0,peotv,S21,NO,NO,NO,NO,True,14028.43,S2,YES,NO,0,0,585,,0,False,False,False,False,True,2026-05-13,22:49:00,2,peotv,2 + peotv
2026-05-13 22:49:00,S,,,S,NO,NO,NO,NO,False,,,NO,NO,0,0,24,,0,True,True,True,True,False,2026-05-13,22:49:00,Null,Null,Null + Null
2026-05-13 22:49:00,S,2.0,peotv,S21,NO,NO,NO,NO,True,7.31,S2,YES,NO,0,0,192,,0,False,True,True,True,False,2026-05-13,22:49:00,2,peotv,2 + peotv
2026-05-13 22:49:00,S,,,S,NO,NO,NO,NO,False,,,NO,NO,0,0,40,,0,True,True,True,True,False,2026-05-13,22:49:00,Null,Null,Null + Null
2026-05-13 22:49:00,S,2.0,peotv,S21,NO,NO,NO,NO,True,-2.52,S2,YES,NO,0,0,389,,0,False,False,False,True,False,2026-05-13,22:49:00,2,peotv,2 + peotv
2026-05-13 22:49:00,S,2.0,peotv,S21,NO,NO,NO,NO,True,8065.6,S2,YES,NO,0,0,288,,0,False,False,True,True,False,2026-05-13,22:49:00,2,peotv,2 + peotv
2026-05-13 22:49:00,S,1.0,,S1,NO,NO,NO,NO,True,3297.81,S1,YES,NO,0,0,472,,0,False,False,False,True,False,2026-05-13,22:49:00,1,Null,1 + Null
2026-05-13 22:49:00,S,2.0,peotv,S21,NO,YES,NO,NO,True,0.0,S2,YES,NO,0,0,424,,0,False,False,False,True,False,2026-05-13,22:49:00,2,peotv,2 + peotv
2026-05-13 22:49:00,S,4.0,extragb,S41121,NO,NO,NO,YES,True,3569.91,S41,NO,NO,0,0,100,,0,False,True,True,True,False,2026-05-13,22:49:00,4,extragb,4 + extragb
2026-05-13 22:49:00,S,2.0,broadband,S22,NO,YES,NO,NO,True,7257.12,S2,NO,NO,0,0,106,,0,False,True,True,True,False,2026-05-13,22:49:00,2,broadband,2 + broadband
2026-05-13 22:48:00,S,3.0,,S3,NO,NO,NO,NO,True,-34.72,S3,YES,NO,0,0,318,,0,False,False,False,True,False,2026-05-13,22:48:00,3,Null,3 + Null
2026-05-13 22:48:00,S,3.0,,S3,NO,NO,NO,NO,True,85.95,S3,YES,YES,382,0,1443,,382,False,False,False,False,True,2026-05-13,22:48:00,3,Null,3 + Null
2026-05-13 22:48:00,S,,,S,NO,NO,NO,NO,False,,,NO,NO,0,0,43,,0,True,True,True,True,False,2026-05-13,22:48:00,Null,Null,Null + Null
2026-05-13 22:48:00,E,4.0,extragb,E4112,NO,NO,NO,NO,True,8150.8,E41,NO,NO,0,0,28,,0,True,True,True,True,False,2026-05-13,22:48:00,4,extragb,4 + extragb
2026-05-13 22:48:00,S,2.0,peotv,MOBITEL_S211,NO,YES,NO,NO,True,2912.54,S2,YES,NO,0,0,398,,0,False,False,False,True,False,2026-05-13,22:48:00,2,peotv,2 + peotv
2026-05-13 22:48:00,S,,,S,NO,NO,NO,NO,False,,,NO,NO,0,0,458,,0,False,False,False,True,False,2026-05-13,22:48:00,Null,Null,Null + Null
2026-05-13 22:48:00,S,2.0,broadband,S22,YES,NO,NO,NO,True,33.56,S2,YES,NO,0,0,405,,0,False,False,False,True,False,2026-05-13,22:48:00,2,broadband,2 + broadband
2026-05-13 22:48:00,S,2.0,other,S2i,NO,NO,NO,NO,True,15324.68,S2,YES,YES,938,106,1139,,1044,False,False,False,False,True,2026-05-13,22:48:00,2,other,2 + other
2026-05-13 22:48:00,S,4.0,extragb,S4111,NO,NO,NO,YES,True,7446.47,S41,NO,NO,0,0,50,,0,True,True,True,True,False,2026-05-13,22:48:00,4,extragb,4 + extragb
2026-05-13 22:48:00,S,2.0,peotv,S21,NO,NO,NO,NO,True,-636.52,S2,YES,YES,959,63,1072,,1022,False,False,False,False,True,2026-05-13,22:48:00,2,peotv,2 + peotv
2026-05-13 22:48:00,S,4.0,extragb,S41121,NO,NO,NO,YES,True,2415.1,S41,NO,NO,0,0,106,,0,False,True,True,True,False,2026-05-13,22:48:00,4,extragb,4 + extragb
2026-05-13 22:48:00,S,4.0,,S41,NO,NO,NO,NO,True,6263.91,S41,NO,NO,0,0,57,,0,True,True,True,True,False,2026-05-13,22:48:00,4,Null,4 + Null
2026-05-13 22:48:00,S,3.0,,S3,NO,NO,NO,NO,True,2147.29,S3,YES,NO,0,0,157,,0,False,True,True,True,False,2026-05-13,22:48:00,3,Null,3 + Null
2026-05-13 22:48:00,S,,,S,NO,NO,NO,NO,False,,,NO,NO,0,0,23,,0,True,True,True,True,False,2026-05-13,22:48:00,Null,Null,Null + Null
2026-05-13 22:48:00,S,4.0,extragb,S4111,NO,NO,NO,NO,True,3623.61,S41,NO,NO,0,0,40,,0,True,True,True,True,False,2026-05-13,22:48:00,4,extragb,4 + extragb
2026-05-13 22:48:00,S,,,S,NO,NO,NO,NO,False,,,NO,NO,0,0,15,,0,True,True,True,True,False,2026-05-13,22:48:00,Null,Null,Null + Null
2026-05-13 22:48:00,S,3.0,,S3,NO,NO,NO,NO,True,2998.49,S3,NO,NO,0,0,63,,0,True,True,True,True,False,2026-05-13,22:48:00,3,Null,3 + Null
2026-05-13 22:48:00,S,1.0,,MOBITEL_SLty1,NO,NO,NO,NO,False,,S1,NO,NO,0,0,35,,0,True,True,True,True,False,2026-05-13,22:48:00,1,Null,1 + Null
2026-05-13 22:48:00,S,,,S,NO,NO,NO,NO,False,,,NO,NO,0,0,73,,0,True,True,True,True,False,2026-05-13,22:48:00,Null,Null,Null + Null
2026-05-13 22:48:00,S,4.0,extragb,S4111,NO,NO,NO,YES,True,16230.92,S41,NO,NO,0,0,56,,0,True,True,True,True,False,2026-05-13,22:48:00,4,extragb,4 + extragb
2026-05-13 22:48:00,S,3.0,,S3,NO,NO,NO,NO,True,1608.64,S3,YES,NO,0,0,817,,0,False,False,False,False,True,2026-05-13,22:48:00,3,Null,3 + Null
2026-05-13 22:48:00,S,,,S,NO,NO,NO,NO,False,,,NO,NO,0,0,58,,0,True,True,True,True,False,2026-05-13,22:48:00,Null,Null,Null + Null
2026-05-13 22:48:00,S,2.0,broadband,S222,NO,NO,YES,NO,True,4355.81,S2,YES,YES,949,262,1364,,1211,False,False,False,False,True,2026-05-13,22:48:00,2,broadband,2 + broadband
2026-05-13 22:48:00,S,2.0,peotv,S21,NO,NO,NO,NO,True,5228.05,S2,NO,NO,0,0,48,,0,True,True,True,True,False,2026-05-13,22:48:00,2,peotv,2 + peotv
2026-05-13 22:48:00,S,,,S,NO,NO,NO,NO,False,,,NO,NO,0,0,34,,0,True,True,True,True,False,2026-05-13,22:48:00,Null,Null,Null + Null
2026-05-13 22:48:00,S,,,S,NO,NO,NO,NO,False,,,NO,NO,0,0,24,,0,True,True,True,True,False,2026-05-13,22:48:00,Null,Null,Null + Null
2026-05-13 22:48:00,S,2.0,peotv,S21,NO,YES,NO,NO,True,-6.46,S2,YES,NO,0,0,126,,0,False,True,True,True,False,2026-05-13,22:48:00,2,peotv,2 + peotv
2026-05-13 22:48:00,S,1.0,,S1,NO,NO,NO,NO,True,249.69,S1,YES,NO,0,0,132,,0,False,True,True,True,False,2026-05-13,22:48:00,1,Null,1 + Null
2026-05-13 22:48:00,S,7.0,,S7,NO,NO,NO,NO,True,25261.8,S7,YES,NO,0,0,205,,0,False,False,True,True,False,2026-05-13,22:48:00,7,Null,7 + Null
2026-05-13 22:48:00,S,3.0,,S3,NO,NO,NO,NO,True,8177.24,S3,NO,NO,0,0,83,,0,True,True,True,True,False,2026-05-13,22:48:00,3,Null,3 + Null
2026-05-13 22:48:00,S,,,S,NO,NO,NO,NO,False,,,NO,NO,0,0,135,,0,False,True,True,True,False,2026-05-13,22:48:00,Null,Null,Null + Null
2026-05-13 22:48:00,S,4.0,extragb,S4111,NO,NO,NO,YES,True,12780.31,S41,NO,NO,0,0,37,,0,True,True,True,True,False,2026-05-13,22:48:00,4,extragb,4 + extragb
2026-05-13 22:48:00,S,2.0,peotv,S21,NO,NO,NO,NO,True,-1069.17,S2,YES,YES,934,140,1182,,1074,False,False,False,False,True,2026-05-13,22:48:00,2,peotv,2 + peotv
2026-05-13 22:48:00,S,2.0,peotv,S21,YES,NO,NO,NO,True,21.59,S2,YES,NO,0,0,170,,0,False,True,True,True,False,2026-05-13,22:48:00,2,peotv,2 + peotv
2026-05-13 22:48:00,S,2.0,peotv,S21,NO,NO,NO,NO,True,2397.73,S2,YES,NO,0,0,103,,0,False,True,True,True,False,2026-05-13,22:48:00,2,peotv,2 + peotv
2026-05-13 22:48:00,S,2.0,peotv,S21,NO,YES,NO,NO,True,-372.85,S2,YES,NO,0,0,237,,0,False,False,True,True,False,2026-05-13,22:48:00,2,peotv,2 + peotv
2026-05-13 22:47:00,E,2.0,peotv,E21,NO,NO,NO,NO,True,-174.56,E2,YES,YES,72,75,216,,147,False,False,True,True,False,2026-05-13,22:47:00,2,peotv,2 + peotv
2026-05-13 22:47:00,S,2.0,peotv,S21,NO,NO,NO,NO,True,4256.17,S2,YES,YES,960,54,1114,,1014,False,False,False,False,True,2026-05-13,22:47:00,2,peotv,2 + peotv
2026-05-13 22:47:00,S,7.0,,S7,NO,NO,NO,NO,True,5865.06,S7,YES,NO,0,0,498,,0,False,False,False,True,False,2026-05-13,22:47:00,7,Null,7 + Null
2026-05-13 22:47:00,S,2.0,peotv,S21,NO,NO,NO,NO,True,-1.89,S2,YES,NO,0,0,986,,0,False,False,False,False,True,2026-05-13,22:47:00,2,peotv,2 + peotv
2026-05-13 22:47:00,S,2.0,peotv,S211,NO,YES,NO,NO,True,2739.11,S2,YES,NO,0,0,220,,0,False,False,True,True,False,2026-05-13,22:47:00,2,peotv,2 + peotv
2026-05-13 22:47:00,S,2.0,peotv,S21,YES,NO,NO,NO,True,7313.61,S2,NO,NO,0,0,141,,0,False,True,True,True,False,2026-05-13,22:47:00,2,peotv,2 + peotv
2026-05-13 22:47:00,E,2.0,peotv,E21,YES,NO,NO,NO,True,0.0,E2,NO,NO,0,0,57,,0,True,True,True,True,False,2026-05-13,22:47:00,2,peotv,2 + peotv
2026-05-13 22:47:00,S,2.0,voice,S23,NO,NO,NO,NO,True,1.76,S2,NO,NO,0,0,136,,0,False,True,True,True,False,2026-05-13,22:47:00,2,voice,2 + voice
2026-05-13 22:47:00,S,2.0,peotv,S21,NO,NO,NO,NO,True,0.0,S2,YES,NO,0,0,392,,0,False,False,False,True,False,2026-05-13,22:47:00,2,peotv,2 + peotv
2026-05-13 22:47:00,S,2.0,peotv,S21,NO,NO,NO,NO,True,-19.14,S2,YES,NO,0,0,359,,0,False,False,False,True,False,2026-05-13,22:47:00,2,peotv,2 + peotv
2026-05-13 22:47:00,T,3.0,,T3,NO,NO,NO,NO,True,1894.96,T3,YES,NO,0,0,195,,0,False,True,True,True,False,2026-05-13,22:47:00,3,Null,3 + Null
2026-05-13 22:47:00,S,7.0,,S7,NO,NO,NO,NO,True,13850.65,S7,YES,YES,960,49,1065,,1009,False,False,False,False,True,2026-05-13,22:47:00,7,Null,7 + Null
2026-05-13 22:47:00,S,1.0,,S1,NO,NO,NO,NO,True,458.94,S1,YES,NO,0,0,94,,0,True,True,True,True,False,2026-05-13,22:47:00,1,Null,1 + Null
2026-05-13 22:47:00,E,7.0,,E7,NO,NO,NO,NO,True,8482.41,E7,YES,YES,139,131,344,,270,False,False,False,True,False,2026-05-13,22:47:00,7,Null,7 + Null
2026-05-13 22:47:00,S,2.0,peotv,S21,NO,NO,NO,NO,True,5071.52,S2,YES,NO,0,0,103,,0,False,True,True,True,False,2026-05-13,22:47:00,2,peotv,2 + peotv
2026-05-13 22:47:00,S,2.0,peotv,S21,NO,YES,NO,NO,True,-15.06,S2,YES,YES,907,141,1134,,1048,False,False,False,False,True,2026-05-13,22:47:00,2,peotv,2 + peotv
2026-05-13 22:47:00,S,,,S,NO,NO,NO,NO,False,,,NO,NO,0,0,21,,0,True,True,True,True,False,2026-05-13,22:47:00,Null,Null,Null + Null
2026-05-13 22:47:00,S,2.0,,S2,NO,NO,NO,NO,True,6263.91,S2,NO,NO,0,0,53,,0,True,True,True,True,False,2026-05-13,22:47:00,2,Null,2 + Null
2026-05-13 22:47:00,S,2.0,peotv,S21,NO,YES,NO,NO,True,12.11,S2,YES,NO,0,0,638,,0,False,False,False,False,True,2026-05-13,22:47:00,2,peotv,2 + peotv
2026-05-13 22:47:00,S,,,S,NO,NO,NO,NO,False,,,NO,NO,0,0,50,,0,True,True,True,True,False,2026-05-13,22:47:00,Null,Null,Null + Null
2026-05-13 22:47:00,S,2.0,peotv,S21,NO,YES,NO,NO,True,289.05,S2,YES,NO,0,0,170,,0,False,True,True,True,False,2026-05-13,22:47:00,2,peotv,2 + peotv
2026-05-13 22:47:00,S,3.0,,S3,NO,NO,NO,NO,True,18330.69,S3,YES,NO,0,0,262,,0,False,False,True,True,False,2026-05-13,22:47:00,3,Null,3 + Null
2026-05-13 22:47:00,S,2.0,,S2,NO,NO,NO,NO,True,2180.7,S2,NO,NO,0,0,29,,0,True,True,True,True,False,2026-05-13,22:47:00,2,Null,2 + Null
2026-05-13 22:47:00,S,3.0,,S3,NO,NO,NO,NO,True,-34.72,S3,YES,YES,946,47,1024,,993,False,False,False,False,True,2026-05-13,22:47:00,3,Null,3 + Null
2026-05-13 22:47:00,S,3.0,,S3,NO,NO,NO,NO,True,-234.03,S3,YES,NO,0,0,743,,0,False,False,False,False,True,2026-05-13,22:47:00,3,Null,3 + Null
2026-05-13 22:47:00,S,1.0,,SLty1,NO,NO,NO,NO,False,,S1,YES,NO,0,0,865,,0,False,False,False,False,True,2026-05-13,22:47:00,1,Null,1 + Null
2026-05-13 22:47:00,S,2.0,peotv,S21,NO,NO,NO,NO,True,0.0,S2,YES,NO,0,0,243,,0,False,False,True,True,False,2026-05-13,22:47:00,2,peotv,2 + peotv
2026-05-13 22:47:00,E,3.0,,E3,NO,NO,NO,NO,True,2334.97,E3,NO,NO,0,0,91,,0,True,True,True,True,False,2026-05-13,22:47:00,3,Null,3 + Null
2026-05-13 22:47:00,S,2.0,peotv,S21,NO,NO,NO,NO,True,6973.86,S2,YES,NO,0,0,333,,0,False,False,False,True,False,2026-05-13,22:47:00,2,peotv,2 + peotv
2026-05-13 22:47:00,S,2.0,peotv,MOBITEL_S21,NO,YES,NO,NO,True,-299.8,S2,YES,NO,0,0,419,,0,False,False,False,True,False,2026-05-13,22:47:00,2,peotv,2 + peotv
2026-05-13 22:47:00,S,,,S,NO,NO,NO,NO,False,,,NO,NO,0,0,473,,0,False,False,False,True,False,2026-05-13,22:47:00,Null,Null,Null + Null
2026-05-13 22:47:00,T,,,T,NO,NO,NO,NO,False,,,NO,NO,0,0,33,,0,True,True,True,True,False,2026-05-13,22:47:00,Null,Null,Null + Null
2026-05-13 22:47:00,E,4.0,extragb,E4112,NO,NO,NO,NO,True,7814.13,E41,NO,NO,0,0,29,,0,True,True,True,True,False,2026-05-13,22:47:00,4,extragb,4 + extragb
2026-05-13 22:47:00,S,7.0,,S7,NO,NO,NO,NO,True,4700.56,S7,YES,NO,0,0,631,,0,False,False,False,False,True,2026-05-13,22:47:00,7,Null,7 + Null
2026-05-13 22:47:00,S,,,MOBITEL_S,NO,NO,NO,NO,False,,,NO,NO,0,0,17,,0,True,True,True,True,False,2026-05-13,22:47:00,Null,Null,Null + Null
2026-05-13 22:47:00,S,1.0,,S1,NO,NO,NO,NO,True,9446.74,S1,YES,NO,0,0,768,,0,False,False,False,False,True,2026-05-13,22:47:00,1,Null,1 + Null
2026-05-13 22:47:00,S,2.0,peotv,S21,NO,NO,NO,NO,True,10275.58,S2,YES,NO,0,0,198,,0,False,True,True,True,False,2026-05-13,22:47:00,2,peotv,2 + peotv
2026-05-13 22:47:00,S,2.0,peotv,MOBITEL_S21,NO,YES,NO,NO,True,-196.49,S2,YES,YES,948,181,1203,,1129,False,False,False,False,True,2026-05-13,22:47:00,2,peotv,2 + peotv
2026-05-13 22:47:00,S,,,S,NO,NO,NO,NO,False,,,NO,NO,0,0,25,,0,True,True,True,True,False,2026-05-13,22:47:00,Null,Null,Null + Null
2026-05-13 22:47:00,S,4.0,extragb,S41121,NO,NO,NO,YES,True,12403.75,S41,NO,NO,0,0,63,,0,True,True,True,True,False,2026-05-13,22:47:00,4,extragb,4 + extragb
2026-05-13 22:46:00,S,2.0,peotv,S21,NO,NO,NO,NO,True,3540.94,S2,YES,YES,967,35,1059,,1002,False,False,False,False,True,2026-05-13,22:46:00,2,peotv,2 + peotv
2026-05-13 22:46:00,S,7.0,,S7,NO,NO,NO,NO,True,11005.13,S7,YES,NO,0,0,200,,0,False,False,True,True,False,2026-05-13,22:46:00,7,Null,7 + Null
2026-05-13 22:46:00,S,2.0,peotv,S21,NO,YES,NO,NO,True,3873.62,S2,NO,NO,0,0,109,,0,False,True,True,True,False,2026-05-13,22:46:00,2,peotv,2 + peotv
2026-05-13 22:46:00,S,4.0,extragb,S4111,NO,NO,NO,NO,True,6933.92,S41,YES,NO,0,0,543,,0,False,False,False,False,True,2026-05-13,22:46:00,4,extragb,4 + extragb
2026-05-13 22:46:00,S,4.0,extragb,S4112,NO,NO,NO,NO,True,25.21,S41,YES,YES,959,37,1071,,996,False,False,False,False,True,2026-05-13,22:46:00,4,extragb,4 + extragb
2026-05-13 22:46:00,S,4.0,addon,S41211,NO,NO,YES,YES,True,-5.89,S41,NO,NO,0,0,108,,0,False,True,True,True,False,2026-05-13,22:46:00,4,addon,4 + addon
2026-05-13 22:46:00,S,2.0,peotv,S211,NO,YES,NO,NO,True,4723.29,S2,YES,YES,967,22,1086,,989,False,False,False,False,True,2026-05-13,22:46:00,2,peotv,2 + peotv
2026-05-13 22:46:00,S,3.0,,S3,NO,NO,NO,NO,True,8177.24,S3,NO,NO,0,0,58,,0,True,True,True,True,False,2026-05-13,22:46:00,3,Null,3 + Null
2026-05-13 22:46:00,S,3.0,,S3,NO,NO,NO,NO,True,2296.99,S3,NO,NO,0,0,77,,0,True,True,True,True,False,2026-05-13,22:46:00,3,Null,3 + Null
2026-05-13 22:46:00,S,2.0,other,S24,NO,NO,NO,NO,True,2180.7,S2,YES,NO,0,0,71,,0,True,True,True,True,False,2026-05-13,22:46:00,2,other,2 + other
2026-05-13 22:46:00,S,1.0,,S1,NO,NO,NO,NO,False,,S1,YES,YES,886,301,1327,,1187,False,False,False,False,True,2026-05-13,22:46:00,1,Null,1 + Null
2026-05-13 22:46:00,S,3.0,,S3,NO,NO,NO,NO,True,848.2,S3,NO,NO,0,0,105,,0,False,True,True,True,False,2026-05-13,22:46:00,3,Null,3 + Null
2026-05-13 22:46:00,S,2.0,peotv,S21,NO,NO,NO,NO,True,7084.6,S2,YES,NO,0,0,709,,0,False,False,False,False,True,2026-05-13,22:46:00,2,peotv,2 + peotv
2026-05-13 22:46:00,S,4.0,extragb,S4111,NO,NO,NO,YES,True,3744.05,S41,NO,NO,0,0,53,,0,True,True,True,True,False,2026-05-13,22:46:00,4,extragb,4 + extragb
2026-05-13 22:46:00,S,2.0,peotv,S21,NO,YES,NO,NO,True,1074.37,S2,YES,NO,0,0,125,,0,False,True,True,True,False,2026-05-13,22:46:00,2,peotv,2 + peotv
2026-05-13 22:46:00,S,2.0,peotv,S211,NO,YES,NO,NO,True,4049.11,S2,YES,NO,0,0,352,,0,False,False,False,True,False,2026-05-13,22:46:00,2,peotv,2 + peotv
2026-05-13 22:46:00,S,,,S,NO,NO,NO,NO,False,,,NO,NO,0,0,47,,0,True,True,True,True,False,2026-05-13,22:46:00,Null,Null,Null + Null
2026-05-13 22:46:00,S,2.0,peotv,S21,NO,NO,NO,NO,True,4905.7,S2,YES,YES,920,186,1202,,1106,False,False,False,False,True,2026-05-13,22:46:00,2,peotv,2 + peotv
2026-05-13 22:46:00,S,4.0,extragb,S411,NO,NO,NO,NO,True,6027.34,S41,YES,NO,0,0,133,,0,False,True,True,True,False,2026-05-13,22:46:00,4,extragb,4 + extragb
2026-05-13 22:46:00,S,2.0,peotv,S21,NO,YES,NO,NO,True,-743.2,S2,YES,YES,911,69,1028,,980,False,False,False,False,True,2026-05-13,22:46:00,2,peotv,2 + peotv
2026-05-13 22:46:00,E,2.0,broadband,E222,NO,NO,YES,NO,True,-332.59,E2,YES,YES,318,82,465,,400,False,False,False,True,False,2026-05-13,22:46:00,2,broadband,2 + broadband
2026-05-13 22:46:00,S,,,S,NO,NO,NO,NO,False,,,NO,NO,0,0,27,,0,True,True,True,True,False,2026-05-13,22:46:00,Null,Null,Null + Null
2026-05-13 22:46:00,S,4.0,extragb,S4111,NO,NO,NO,YES,True,8979.68,S41,NO,NO,0,0,86,,0,True,True,True,True,False,2026-05-13,22:46:00,4,extragb,4 + extragb
2026-05-13 22:46:00,S,3.0,,S3,NO,NO,NO,NO,True,5189.72,S3,YES,YES,930,100,1144,,1030,False,False,False,False,True,2026-05-13,22:46:00,3,Null,3 + Null
2026-05-13 22:46:00,S,2.0,peotv,S21,NO,NO,NO,NO,True,-666.18,S2,YES,NO,0,0,356,,0,False,False,False,True,False,2026-05-13,22:46:00,2,peotv,2 + peotv
2026-05-13 22:46:00,E,4.0,extragb,E4111,NO,NO,NO,YES,True,3786.49,E41,NO,NO,0,0,58,,0,True,True,True,True,False,2026-05-13,22:46:00,4,extragb,4 + extragb
2026-05-13 22:46:00,S,7.0,,S7,NO,NO,NO,NO,True,3176.23,S7,YES,YES,935,135,1105,,1070,False,False,False,False,True,2026-05-13,22:46:00,7,Null,7 + Null
2026-05-13 22:46:00,S,,,S,NO,NO,NO,NO,True,3429.22,,NO,NO,0,0,192,,0,False,True,True,True,False,2026-05-13,22:46:00,Null,Null,Null + Null
2026-05-13 22:46:00,S,4.0,extragb,S41t,NO,NO,NO,NO,False,,S41,YES,YES,921,88,1125,,1009,False,False,False,False,True,2026-05-13,22:46:00,4,extragb,4 + extragb
2026-05-13 22:46:00,S,,,S,NO,NO,NO,NO,True,11731.15,,NO,NO,0,0,54,,0,True,True,True,True,False,2026-05-13,22:46:00,Null,Null,Null + Null
2026-05-13 22:46:00,S,2.0,peotv,S21,NO,NO,NO,NO,True,2840.36,S2,YES,NO,0,0,164,,0,False,True,True,True,False,2026-05-13,22:46:00,2,peotv,2 + peotv
2026-05-13 22:46:00,E,,,E,NO,NO,NO,NO,False,,,NO,NO,0,0,5,,0,True,True,True,True,False,2026-05-13,22:46:00,Null,Null,Null + Null
2026-05-13 22:46:00,S,4.0,extragb,S4111,NO,NO,NO,YES,True,8426.92,S41,NO,NO,0,0,81,,0,True,True,True,True,False,2026-05-13,22:46:00,4,extragb,4 + extragb
2026-05-13 22:46:00,S,4.0,extragb,S4112,NO,NO,NO,NO,True,5295.28,S41,NO,NO,0,0,33,,0,True,True,True,True,False,2026-05-13,22:46:00,4,extragb,4 + extragb
2026-05-13 22:46:00,S,3.0,,S3,NO,NO,NO,NO,True,6248.72,S3,YES,YES,911,57,1052,,968,False,False,False,False,True,2026-05-13,22:46:00,3,Null,3 + Null
2026-05-13 22:46:00,S,4.0,extragb,S4112,NO,NO,NO,NO,True,-160.36,S41,NO,NO,0,0,69,,0,True,True,True,True,False,2026-05-13,22:46:00,4,extragb,4 + extragb
2026-05-13 22:46:00,S,2.0,peotv,S21,NO,NO,NO,NO,True,3084.63,S2,YES,NO,0,0,315,,0,False,False,False,True,False,2026-05-13,22:46:00,2,peotv,2 + peotv
2026-05-13 22:46:00,S,2.0,voice,S23,NO,NO,NO,NO,True,-101.26,S2,YES,NO,0,0,661,,0,False,False,False,False,True,2026-05-13,22:46:00,2,voice,2 + voice
2026-05-13 22:46:00,S,2.0,peotv,S211,NO,YES,NO,NO,True,4833.71,S2,YES,NO,0,0,135,,0,False,True,True,True,False,2026-05-13,22:46:00,2,peotv,2 + peotv
2026-05-13 22:45:00,S,,,S,NO,NO,NO,NO,False,,,NO,NO,0,0,32,,0,True,True,True,True,False,2026-05-13,22:45:00,Null,Null,Null + Null
2026-05-13 22:45:00,S,7.0,,S7,NO,NO,NO,NO,True,-340.32,S7,YES,NO,0,0,181,,0,False,True,True,True,False,2026-05-13,22:45:00,7,Null,7 + Null
2026-05-13 22:45:00,S,2.0,peotv,S21,NO,YES,NO,NO,True,-0.99,S2,YES,NO,0,0,164,,0,False,True,True,True,False,2026-05-13,22:45:00,2,peotv,2 + peotv
2026-05-13 22:45:00,S,1.0,,S1,NO,NO,NO,NO,True,4255.29,S1,YES,NO,0,0,443,,0,False,False,False,True,False,2026-05-13,22:45:00,1,Null,1 + Null
2026-05-13 22:45:00,S,7.0,,S7,NO,NO,NO,NO,True,-40.64,S7,YES,NO,0,0,126,,0,False,True,True,True,False,2026-05-13,22:45:00,7,Null,7 + Null
2026-05-13 22:45:00,S,4.0,addon,S412,NO,NO,YES,NO,True,9183.23,S41,NO,NO,0,0,39,,0,True,True,True,True,False,2026-05-13,22:45:00,4,addon,4 + addon
2026-05-13 22:45:00,S,,,S,NO,NO,NO,NO,False,,,NO,NO,0,0,30,,0,True,True,True,True,False,2026-05-13,22:45:00,Null,Null,Null + Null
2026-05-13 22:45:00,S,3.0,,S3,NO,NO,NO,NO,True,2952.18,S3,YES,NO,0,0,281,,0,False,False,True,True,False,2026-05-13,22:45:00,3,Null,3 + Null
2026-05-13 22:45:00,S,1.0,,S1,NO,NO,NO,NO,True,-313.11,S1,YES,NO,0,0,268,,0,False,False,True,True,False,2026-05-13,22:45:00,1,Null,1 + Null
2026-05-13 22:45:00,S,2.0,peotv,S21,NO,YES,NO,NO,True,5556.23,S2,NO,NO,0,0,99,,0,True,True,True,True,False,2026-05-13,22:45:00,2,peotv,2 + peotv
2026-05-13 22:45:00,S,3.0,,S3,NO,NO,NO,NO,True,-12500.0,S3,YES,NO,0,0,349,,0,False,False,False,True,False,2026-05-13,22:45:00,3,Null,3 + Null
2026-05-13 22:45:00,S,2.0,peotv,S21,NO,NO,NO,NO,True,-47.15,S2,YES,YES,933,119,1103,,1052,False,False,False,False,True,2026-05-13,22:45:00,2,peotv,2 + peotv
2026-05-13 22:45:00,T,,,T,NO,NO,NO,NO,False,,,NO,NO,0,0,28,,0,True,True,True,True,False,2026-05-13,22:45:00,Null,Null,Null + Null
2026-05-13 22:45:00,S,2.0,peotv,S211,NO,YES,NO,NO,True,2324.19,S2,YES,NO,0,0,949,,0,False,False,False,False,True,2026-05-13,22:45:00,2,peotv,2 + peotv
2026-05-13 22:45:00,S,3.0,,S3,NO,NO,NO,NO,True,1610.67,S3,NO,NO,0,0,111,,0,False,True,True,True,False,2026-05-13,22:45:00,3,Null,3 + Null
2026-05-13 22:45:00,S,,,S,NO,NO,NO,NO,False,,,NO,NO,0,0,39,,0,True,True,True,True,False,2026-05-13,22:45:00,Null,Null,Null + Null
2026-05-13 22:45:00,S,4.0,extragb,S4112,NO,NO,NO,NO,True,7945.1,S41,NO,NO,0,0,69,,0,True,True,True,True,False,2026-05-13,22:45:00,4,extragb,4 + extragb
2026-05-13 22:45:00,S,3.0,,S3,NO,NO,NO,NO,True,4982.05,S3,YES,NO,0,0,110,,0,False,True,True,True,False,2026-05-13,22:45:00,3,Null,3 + Null
2026-05-13 22:45:00,S,,,S,NO,NO,NO,NO,False,,,NO,NO,0,0,24,,0,True,True,True,True,False,2026-05-13,22:45:00,Null,Null,Null + Null
2026-05-13 22:45:00,S,2.0,peotv,S21,NO,NO,NO,NO,True,6148.69,S2,YES,NO,0,0,426,,0,False,False,False,True,False,2026-05-13,22:45:00,2,peotv,2 + peotv
2026-05-13 22:45:00,S,3.0,,S3,NO,NO,NO,NO,True,0.0,S3,YES,NO,0,0,155,,0,False,True,True,True,False,2026-05-13,22:45:00,3,Null,3 + Null
2026-05-13 22:45:00,S,2.0,peotv,S211,NO,YES,NO,NO,True,2180.7,S2,YES,NO,0,0,156,,0,False,True,True,True,False,2026-05-13,22:45:00,2,peotv,2 + peotv
2026-05-13 22:45:00,S,,,S,NO,NO,NO,NO,True,5003.08,,NO,NO,0,0,129,,0,False,True,True,True,False,2026-05-13,22:45:00,Null,Null,Null + Null
2026-05-13 22:45:00,S,,,S,NO,NO,NO,NO,False,,,NO,NO,0,0,55,,0,True,True,True,True,False,2026-05-13,22:45:00,Null,Null,Null + Null
2026-05-13 22:45:00,E,7.0,,E7,NO,NO,NO,NO,True,0.0,E7,YES,YES,286,132,535,,418,False,False,False,False,True,2026-05-13,22:45:00,7,Null,7 + Null
2026-05-13 22:45:00,S,4.0,extragb,S4111,NO,NO,NO,YES,True,6759.19,S41,NO,NO,0,0,70,,0,True,True,True,True,False,2026-05-13,22:45:00,4,extragb,4 + extragb
2026-05-13 22:45:00,S,,,S,NO,NO,NO,NO,False,,,NO,NO,0,0,25,,0,True,True,True,True,False,2026-05-13,22:45:00,Null,Null,Null + Null
2026-05-13 22:45:00,S,3.0,,S3,NO,NO,NO,NO,True,1920.84,S3,YES,YES,913,179,1185,,1092,False,False,False,False,True,2026-05-13,22:45:00,3,Null,3 + Null
2026-05-13 22:45:00,S,,,S,NO,NO,NO,NO,False,,,NO,NO,0,0,184,,0,False,True,True,True,False,2026-05-13,22:45:00,Null,Null,Null + Null
2026-05-13 22:45:00,S,,,S,NO,NO,NO,NO,False,,,NO,NO,0,0,23,,0,True,True,True,True,False,2026-05-13,22:45:00,Null,Null,Null + Null
2026-05-13 22:45:00,S,2.0,peotv,MOBITEL_S21,NO,YES,NO,NO,True,0.0,S2,YES,YES,926,128,1115,,1054,False,False,False,False,True,2026-05-13,22:45:00,2,peotv,2 + peotv
2026-05-13 22:45:00,S,2.0,peotv,S21,NO,YES,NO,NO,True,-36.81,S2,YES,YES,907,149,1121,,1056,False,False,False,False,True,2026-05-13,22:45:00,2,peotv,2 + peotv
2026-05-13 22:45:00,S,2.0,peotv,S21,NO,YES,NO,NO,True,-0.51,S2,YES,NO,0,0,697,,0,False,False,False,False,True,2026-05-13,22:45:00,2,peotv,2 + peotv
2026-05-13 22:45:00,S,,,S,NO,NO,NO,NO,False,,,NO,NO,0,0,81,,0,True,True,True,True,False,2026-05-13,22:45:00,Null,Null,Null + Null
2026-05-13 22:45:00,S,2.0,peotv,S21,YES,NO,NO,NO,True,-90.6,S2,YES,NO,0,0,245,,0,False,False,True,True,False,2026-05-13,22:45:00,2,peotv,2 + peotv
2026-05-13 22:45:00,S,4.0,extragb,S411,NO,NO,NO,NO,True,9183.23,S41,NO,NO,0,0,33,,0,True,True,True,True,False,2026-05-13,22:45:00,4,extragb,4 + extragb
2026-05-13 22:45:00,S,2.0,peotv,S21,NO,NO,NO,NO,True,5520.66,S2,YES,NO,0,0,387,,0,False,False,False,True,False,2026-05-13,22:45:00,2,peotv,2 + peotv
2026-05-13 22:45:00,E,2.0,broadband,E22,NO,NO,NO,NO,True,4952.93,E2,YES,YES,332,462,875,,794,False,False,False,False,True,2026-05-13,22:45:00,2,broadband,2 + broadband
2026-05-13 22:44:00,S,3.0,,S3,NO,NO,NO,NO,True,-207.09,S3,YES,NO,0,0,139,,0,False,True,True,True,False,2026-05-13,22:44:00,3,Null,3 + Null
2026-05-13 22:44:00,S,,,S,NO,NO,NO,NO,False,,,NO,NO,0,0,72,,0,True,True,True,True,False,2026-05-13,22:44:00,Null,Null,Null + Null
2026-05-13 22:44:00,E,,,E,NO,NO,NO,NO,False,,,NO,NO,0,0,59,,0,True,True,True,True,False,2026-05-13,22:44:00,Null,Null,Null + Null
2026-05-13 22:44:00,S,2.0,peotv,S21,NO,NO,NO,NO,True,4154.71,S2,YES,NO,0,0,595,,0,False,False,False,False,True,2026-05-13,22:44:00,2,peotv,2 + peotv
2026-05-13 22:44:00,S,2.0,peotv,S21,NO,NO,NO,NO,True,4154.71,S2,YES,NO,0,0,801,,0,False,False,False,False,True,2026-05-13,22:44:00,2,peotv,2 + peotv
2026-05-13 22:44:00,S,,,S,NO,NO,NO,NO,False,,,NO,NO,0,0,18,,0,True,True,True,True,False,2026-05-13,22:44:00,Null,Null,Null + Null
2026-05-13 22:44:00,S,2.0,peotv,S21,NO,NO,NO,NO,True,-1152.45,S2,YES,NO,0,0,288,,0,False,False,True,True,False,2026-05-13,22:44:00,2,peotv,2 + peotv
2026-05-13 22:44:00,S,7.0,,S7,NO,NO,NO,NO,True,1765.23,S7,YES,NO,0,0,119,,0,False,True,True,True,False,2026-05-13,22:44:00,7,Null,7 + Null
2026-05-13 22:44:00,S,2.0,other,S24,NO,NO,NO,NO,True,5352.0,S2,YES,NO,0,0,452,,0,False,False,False,True,False,2026-05-13,22:44:00,2,other,2 + other
2026-05-13 22:44:00,S,5.0,timeout,S5t,NO,NO,NO,NO,True,25261.8,S5,NO,NO,0,0,38,,0,True,True,True,True,False,2026-05-13,22:44:00,5,timeout,5 + timeout
2026-05-13 22:44:00,S,2.0,other,S2t,NO,NO,NO,NO,True,-152.67,S2,YES,YES,948,39,1081,,987,False,False,False,False,True,2026-05-13,22:44:00,2,other,2 + other
2026-05-13 22:44:00,S,,,S,NO,NO,NO,NO,False,,,NO,NO,0,0,38,,0,True,True,True,True,False,2026-05-13,22:44:00,Null,Null,Null + Null
2026-05-13 22:44:00,S,2.0,voice,S23,NO,NO,NO,NO,True,-37.51,S2,NO,NO,0,0,165,,0,False,True,True,True,False,2026-05-13,22:44:00,2,voice,2 + voice
2026-05-13 22:44:00,S,2.0,peotv,S21,NO,YES,NO,NO,True,154.85,S2,YES,YES,913,88,1091,,1001,False,False,False,False,True,2026-05-13,22:44:00,2,peotv,2 + peotv
2026-05-13 22:44:00,S,7.0,,S7,NO,NO,NO,NO,True,289.05,S7,YES,NO,0,0,525,,0,False,False,False,False,True,2026-05-13,22:44:00,7,Null,7 + Null
2026-05-13 22:44:00,S,,,S,NO,NO,NO,NO,False,,,NO,NO,0,0,24,,0,True,True,True,True,False,2026-05-13,22:44:00,Null,Null,Null + Null
2026-05-13 22:44:00,S,2.0,peotv,S21,NO,NO,NO,NO,True,10074.33,S2,YES,NO,0,0,493,,0,False,False,False,True,False,2026-05-13,22:44:00,2,peotv,2 + peotv
2026-05-13 22:44:00,S,4.0,extragb,S41t,NO,NO,NO,NO,True,1074.37,S41,NO,NO,0,0,47,,0,True,True,True,True,False,2026-05-13,22:44:00,4,extragb,4 + extragb
2026-05-13 22:44:00,S,,,S,NO,NO,NO,NO,False,,,NO,NO,0,0,36,,0,True,True,True,True,False,2026-05-13,22:44:00,Null,Null,Null + Null
2026-05-13 22:44:00,S,2.0,peotv,S211,NO,YES,NO,NO,True,7248.58,S2,YES,NO,0,0,587,,0,False,False,False,False,True,2026-05-13,22:44:00,2,peotv,2 + peotv
2026-05-13 22:44:00,S,3.0,,S3,NO,NO,NO,NO,True,0.0,S3,NO,NO,0,0,82,,0,True,True,True,True,False,2026-05-13,22:44:00,3,Null,3 + Null
2026-05-13 22:44:00,S,,,S,NO,NO,NO,NO,False,,,NO,NO,0,0,23,,0,True,True,True,True,False,2026-05-13,22:44:00,Null,Null,Null + Null
2026-05-13 22:44:00,S,2.0,broadband,S22,NO,NO,NO,NO,True,4272.55,S2,YES,NO,0,0,715,,0,False,False,False,False,True,2026-05-13,22:44:00,2,broadband,2 + broadband
2026-05-13 22:44:00,S,2.0,peotv,S21,NO,NO,NO,NO,True,2110.16,S2,YES,NO,0,0,194,,0,False,True,True,True,False,2026-05-13,22:44:00,2,peotv,2 + peotv
2026-05-13 22:44:00,S,2.0,peotv,S21,NO,YES,NO,NO,True,-443.09,S2,YES,NO,0,0,810,,0,False,False,False,False,True,2026-05-13,22:44:00,2,peotv,2 + peotv
2026-05-13 22:44:00,S,2.0,peotv,S21,NO,YES,NO,NO,True,2739.11,S2,NO,NO,0,0,90,,0,True,True,True,True,False,2026-05-13,22:44:00,2,peotv,2 + peotv
2026-05-13 22:44:00,S,3.0,,S3,NO,NO,NO,NO,True,4317.15,S3,YES,NO,0,0,853,,0,False,False,False,False,True,2026-05-13,22:44:00,3,Null,3 + Null
2026-05-13 22:43:00,S,2.0,broadband,S221,NO,NO,YES,NO,True,-77.35,S2,YES,NO,0,0,297,,0,False,False,True,True,False,2026-05-13,22:43:00,2,broadband,2 + broadband
2026-05-13 22:43:00,S,1.0,,MOBITEL_S1,NO,NO,NO,NO,True,12.61,S1,YES,NO,0,0,350,,0,False,False,False,True,False,2026-05-13,22:43:00,1,Null,1 + Null
2026-05-13 22:43:00,S,,,S,NO,NO,NO,NO,False,,,NO,NO,0,0,427,,0,False,False,False,True,False,2026-05-13,22:43:00,Null,Null,Null + Null
2026-05-13 22:43:00,S,2.0,peotv,S21,NO,NO,NO,NO,True,7417.19,S2,YES,YES,914,100,1085,,1014,False,False,False,False,True,2026-05-13,22:43:00,2,peotv,2 + peotv
2026-05-13 22:43:00,S,2.0,peotv,S21,NO,YES,NO,NO,True,26.86,S2,YES,NO,0,0,344,,0,False,False,False,True,False,2026-05-13,22:43:00,2,peotv,2 + peotv
2026-05-13 22:43:00,S,2.0,peotv,S21,NO,NO,NO,NO,True,4280.67,S2,YES,NO,0,0,491,,0,False,False,False,True,False,2026-05-13,22:43:00,2,peotv,2 + peotv
2026-05-13 22:43:00,S,2.0,peotv,S21,NO,YES,NO,NO,True,-453.05,S2,YES,NO,0,0,696,,0,False,False,False,False,True,2026-05-13,22:43:00,2,peotv,2 + peotv
2026-05-13 22:43:00,S,2.0,peotv,S21,NO,NO,NO,NO,True,3427.23,S2,YES,YES,921,44,1015,,965,False,False,False,False,True,2026-05-13,22:43:00,2,peotv,2 + peotv
2026-05-13 22:43:00,S,2.0,other,S2t,NO,NO,NO,NO,True,4440.84,S2,YES,YES,887,275,1292,,1162,False,False,False,False,True,2026-05-13,22:43:00,2,other,2 + other
2026-05-13 22:43:00,S,,,S,NO,NO,NO,NO,False,,,NO,NO,0,0,30,,0,True,True,True,True,False,2026-05-13,22:43:00,Null,Null,Null + Null
2026-05-13 22:43:00,S,2.0,peotv,S21,NO,YES,NO,NO,True,-372.85,S2,YES,NO,0,0,467,,0,False,False,False,True,False,2026-05-13,22:43:00,2,peotv,2 + peotv
2026-05-13 22:43:00,S,2.0,peotv,S21,NO,YES,NO,NO,True,-60.75,S2,YES,NO,0,0,122,,0,False,True,True,True,False,2026-05-13,22:43:00,2,peotv,2 + peotv
2026-05-13 22:43:00,S,,,S,NO,NO,NO,NO,False,,,NO,NO,0,0,24,,0,True,True,True,True,False,2026-05-13,22:43:00,Null,Null,Null + Null
2026-05-13 22:43:00,S,3.0,,S3,NO,NO,NO,NO,True,103.79,S3,YES,NO,0,0,183,,0,False,True,True,True,False,2026-05-13,22:43:00,3,Null,3 + Null
2026-05-13 22:43:00,S,2.0,peotv,S21,NO,NO,NO,NO,True,20291.92,S2,YES,NO,0,0,736,,0,False,False,False,False,True,2026-05-13,22:43:00,2,peotv,2 + peotv
2026-05-13 22:43:00,S,3.0,,S3,NO,NO,NO,NO,True,-40.64,S3,NO,NO,0,0,64,,0,True,True,True,True,False,2026-05-13,22:43:00,3,Null,3 + Null
2026-05-13 22:43:00,S,1.0,,SLty1,NO,NO,NO,NO,False,,S1,YES,YES,889,285,1236,,1174,False,False,False,False,True,2026-05-13,22:43:00,1,Null,1 + Null
2026-05-13 22:43:00,S,4.0,extragb,S4111,NO,NO,NO,YES,True,8660.77,S41,NO,NO,0,0,27,,0,True,True,True,True,False,2026-05-13,22:43:00,4,extragb,4 + extragb
2026-05-13 22:43:00,S,3.0,,S3,NO,NO,NO,NO,True,22439.85,S3,NO,NO,0,0,61,,0,True,True,True,True,False,2026-05-13,22:43:00,3,Null,3 + Null
2026-05-13 22:43:00,S,3.0,,S3,NO,NO,NO,NO,True,6587.37,S3,NO,NO,0,0,57,,0,True,True,True,True,False,2026-05-13,22:43:00,3,Null,3 + Null
2026-05-13 22:43:00,S,,,S,NO,NO,NO,NO,False,,,NO,NO,0,0,34,,0,True,True,True,True,False,2026-05-13,22:43:00,Null,Null,Null + Null
2026-05-13 22:43:00,E,,,E,NO,NO,NO,NO,False,,,NO,NO,0,0,35,,0,True,True,True,True,False,2026-05-13,22:43:00,Null,Null,Null + Null
2026-05-13 22:43:00,S,,,S,NO,NO,NO,NO,False,,,NO,NO,0,0,41,,0,True,True,True,True,False,2026-05-13,22:43:00,Null,Null,Null + Null
2026-05-13 22:43:00,S,7.0,,S7,NO,NO,NO,NO,True,13993.74,S7,YES,NO,0,0,272,,0,False,False,True,True,False,2026-05-13,22:43:00,7,Null,7 + Null
2026-05-13 22:43:00,S,3.0,,S3,NO,NO,NO,NO,True,249.69,S3,NO,NO,0,0,71,,0,True,True,True,True,False,2026-05-13,22:43:00,3,Null,3 + Null
2026-05-13 22:43:00,S,2.0,peotv,S21,NO,NO,NO,NO,True,5375.28,S2,YES,NO,0,0,998,,0,False,False,False,False,True,2026-05-13,22:43:00,2,peotv,2 + peotv
2026-05-13 22:43:00,S,,,S,NO,NO,NO,NO,False,,,NO,NO,0,0,23,,0,True,True,True,True,False,2026-05-13,22:43:00,Null,Null,Null + Null
2026-05-13 22:43:00,S,3.0,,S3,NO,NO,NO,NO,True,1938.84,S3,YES,NO,0,0,834,,0,False,False,False,False,True,2026-05-13,22:43:00,3,Null,3 + Null
2026-05-13 22:43:00,S,3.0,,S3,NO,NO,NO,NO,True,2467.57,S3,YES,NO,0,0,497,,0,False,False,False,True,False,2026-05-13,22:43:00,3,Null,3 + Null
2026-05-13 22:43:00,S,4.0,extragb,S41i,NO,NO,NO,NO,True,-9.7,S41,YES,NO,0,0,484,,0,False,False,False,True,False,2026-05-13,22:43:00,4,extragb,4 + extragb
2026-05-13 22:43:00,S,,,S,NO,NO,NO,NO,False,,,NO,NO,0,0,54,,0,True,True,True,True,False,2026-05-13,22:43:00,Null,Null,Null + Null
2026-05-13 22:43:00,S,1.0,,SLty1,NO,NO,NO,NO,False,,S1,YES,NO,0,0,208,,0,False,False,True,True,False,2026-05-13,22:43:00,1,Null,1 + Null
2026-05-13 22:43:00,S,7.0,,S7,NO,NO,NO,NO,True,5790.62,S7,YES,YES,940,132,1172,,1072,False,False,False,False,True,2026-05-13,22:43:00,7,Null,7 + Null
2026-05-13 22:43:00,S,3.0,,S3,NO,NO,NO,NO,True,7692.35,S3,NO,NO,0,0,61,,0,True,True,True,True,False,2026-05-13,22:43:00,3,Null,3 + Null
2026-05-13 22:43:00,S,,,S,NO,NO,NO,NO,False,,,NO,NO,0,0,12,,0,True,True,True,True,False,2026-05-13,22:43:00,Null,Null,Null + Null
2026-05-13 22:43:00,S,2.0,peotv,S21,NO,YES,NO,NO,True,502.87,S2,YES,NO,0,0,110,,0,False,True,True,True,False,2026-05-13,22:43:00,2,peotv,2 + peotv
2026-05-13 22:43:00,S,7.0,,S7,NO,NO,NO,NO,True,947.62,S7,YES,YES,930,28,1060,,958,False,False,False,False,True,2026-05-13,22:43:00,7,Null,7 + Null
2026-05-13 22:43:00,S,2.0,peotv,S21,NO,NO,NO,NO,True,5825.92,S2,YES,NO,0,0,419,,0,False,False,False,True,False,2026-05-13,22:43:00,2,peotv,2 + peotv
2026-05-13 22:43:00,S,2.0,other,S2t,NO,NO,NO,NO,True,1140.44,S2,YES,NO,0,0,292,,0,False,False,True,True,False,2026-05-13,22:43:00,2,other,2 + other
2026-05-13 22:43:00,S,,,S,NO,NO,NO,NO,False,,,NO,NO,0,0,22,,0,True,True,True,True,False,2026-05-13,22:43:00,Null,Null,Null + Null
2026-05-13 22:43:00,T,2.0,peotv,T21,NO,YES,NO,NO,True,-31.52,T2,YES,YES,250,114,491,,364,False,False,False,True,False,2026-05-13,22:43:00,2,peotv,2 + peotv
2026-05-13 22:42:00,S,3.0,,S3,NO,NO,NO,NO,True,18330.69,S3,YES,NO,0,0,94,,0,True,True,True,True,False,2026-05-13,22:42:00,3,Null,3 + Null
2026-05-13 22:42:00,S,2.0,peotv,S211,NO,YES,NO,NO,True,2932.4,S2,YES,YES,888,228,1203,,1116,False,False,False,False,True,2026-05-13,22:42:00,2,peotv,2 + peotv
2026-05-13 22:42:00,S,2.0,peotv,S21,NO,NO,NO,NO,True,2166.9,S2,YES,NO,0,0,514,,0,False,False,False,False,True,2026-05-13,22:42:00,2,peotv,2 + peotv
2026-05-13 22:42:00,S,,,S,NO,NO,NO,NO,False,,,NO,NO,0,0,33,,0,True,True,True,True,False,2026-05-13,22:42:00,Null,Null,Null + Null
2026-05-13 22:42:00,S,3.0,,S3,NO,NO,NO,NO,True,-34.72,S3,YES,NO,0,0,110,,0,False,True,True,True,False,2026-05-13,22:42:00,3,Null,3 + Null
2026-05-13 22:42:00,S,4.0,extragb,S4111,NO,NO,NO,YES,True,6736.03,S41,NO,NO,0,0,82,,0,True,True,True,True,False,2026-05-13,22:42:00,4,extragb,4 + extragb
2026-05-13 22:42:00,S,3.0,,S3,NO,NO,NO,NO,True,6270.66,S3,NO,NO,0,0,80,,0,True,True,True,True,False,2026-05-13,22:42:00,3,Null,3 + Null
2026-05-13 22:42:00,S,2.0,voice,S23,NO,NO,NO,NO,True,6518.36,S2,NO,NO,0,0,152,,0,False,True,True,True,False,2026-05-13,22:42:00,2,voice,2 + voice
2026-05-13 22:42:00,S,7.0,,S7,NO,NO,NO,NO,True,2180.7,S7,YES,NO,0,0,597,,0,False,False,False,False,True,2026-05-13,22:42:00,7,Null,7 + Null
2026-05-13 22:42:00,S,,,S,NO,NO,NO,NO,False,,,NO,NO,0,0,25,,0,True,True,True,True,False,2026-05-13,22:42:00,Null,Null,Null + Null
2026-05-13 22:42:00,S,7.0,,S7,NO,NO,NO,NO,True,2233.19,S7,YES,NO,0,0,386,,0,False,False,False,True,False,2026-05-13,22:42:00,7,Null,7 + Null
2026-05-13 22:42:00,S,2.0,voice,S23,NO,NO,NO,NO,True,-22.63,S2,YES,NO,0,0,223,,0,False,False,True,True,False,2026-05-13,22:42:00,2,voice,2 + voice
2026-05-13 22:42:00,S,2.0,peotv,S21,NO,NO,NO,NO,True,2884.43,S2,YES,NO,0,0,560,,0,False,False,False,False,True,2026-05-13,22:42:00,2,peotv,2 + peotv
2026-05-13 22:42:00,S,2.0,peotv,S21,NO,NO,NO,NO,True,10275.58,S2,YES,NO,0,0,795,,0,False,False,False,False,True,2026-05-13,22:42:00,2,peotv,2 + peotv
2026-05-13 22:42:00,S,2.0,broadband,MOBITEL_S22,NO,NO,YES,NO,True,-424.37,S2,YES,NO,0,0,136,,0,False,True,True,True,False,2026-05-13,22:42:00,2,broadband,2 + broadband
2026-05-13 22:42:00,S,,,S,NO,NO,NO,NO,False,,,NO,NO,0,0,175,,0,False,True,True,True,False,2026-05-13,22:42:00,Null,Null,Null + Null
2026-05-13 22:42:00,S,2.0,broadband,S221,NO,YES,NO,NO,True,3081.63,S2,YES,NO,0,0,810,,0,False,False,False,False,True,2026-05-13,22:42:00,2,broadband,2 + broadband
2026-05-13 22:42:00,S,7.0,,S7,NO,NO,NO,NO,True,21.59,S7,YES,NO,0,0,278,,0,False,False,True,True,False,2026-05-13,22:42:00,7,Null,7 + Null
2026-05-13 22:42:00,S,7.0,,S7,NO,NO,NO,NO,True,22439.85,S7,YES,NO,0,0,790,,0,False,False,False,False,True,2026-05-13,22:42:00,7,Null,7 + Null
2026-05-13 22:42:00,S,2.0,peotv,S21,NO,YES,NO,NO,True,5914.94,S2,NO,NO,0,0,144,,0,False,True,True,True,False,2026-05-13,22:42:00,2,peotv,2 + peotv
2026-05-13 22:42:00,S,3.0,,S3,NO,NO,NO,NO,True,9102.58,S3,YES,NO,0,0,289,,0,False,False,True,True,False,2026-05-13,22:42:00,3,Null,3 + Null
2026-05-13 22:42:00,S,,,S,NO,NO,NO,NO,False,,,NO,NO,0,0,23,,0,True,True,True,True,False,2026-05-13,22:42:00,Null,Null,Null + Null
2026-05-13 22:42:00,S,2.0,peotv,S21,NO,YES,NO,NO,True,-40.64,S2,YES,NO,0,0,283,,0,False,False,True,True,False,2026-05-13,22:42:00,2,peotv,2 + peotv
2026-05-13 22:42:00,S,2.0,other,S24,NO,NO,NO,NO,True,8233.04,S2,YES,YES,918,308,1281,,1226,False,False,False,False,True,2026-05-13,22:42:00,2,other,2 + other
2026-05-13 22:42:00,S,2.0,peotv,S21,NO,YES,NO,NO,True,5243.3,S2,NO,NO,0,0,95,,0,True,True,True,True,False,2026-05-13,22:42:00,2,peotv,2 + peotv
2026-05-13 22:42:00,T,,,T,NO,NO,NO,NO,False,,,NO,NO,0,0,28,,0,True,True,True,True,False,2026-05-13,22:42:00,Null,Null,Null + Null
2026-05-13 22:42:00,S,2.0,peotv,S21,YES,NO,NO,NO,True,-1173.96,S2,YES,YES,926,61,1114,,987,False,False,False,False,True,2026-05-13,22:42:00,2,peotv,2 + peotv
2026-05-13 22:42:00,S,1.0,,S1,NO,NO,NO,NO,False,,S1,YES,NO,0,0,923,,0,False,False,False,False,True,2026-05-13,22:42:00,1,Null,1 + Null
2026-05-13 22:42:00,S,,,S,NO,NO,NO,NO,False,,,NO,NO,0,0,26,,0,True,True,True,True,False,2026-05-13,22:42:00,Null,Null,Null + Null
2026-05-13 22:42:00,S,3.0,,S3,NO,NO,NO,NO,False,,S3,YES,NO,0,0,475,,0,False,False,False,True,False,2026-05-13,22:42:00,3,Null,3 + Null
2026-05-13 22:42:00,S,4.0,extragb,S41122,NO,NO,NO,NO,True,7388.41,S41,NO,NO,0,0,52,,0,True,True,True,True,False,2026-05-13,22:42:00,4,extragb,4 + extragb
2026-05-13 22:42:00,S,4.0,extragb,S411,NO,NO,NO,NO,True,768.5,S41,YES,NO,0,0,219,,0,False,False,True,True,False,2026-05-13,22:42:00,4,extragb,4 + extragb
2026-05-13 22:42:00,S,,,S,NO,NO,NO,NO,False,,,NO,NO,0,0,19,,0,True,True,True,True,False,2026-05-13,22:42:00,Null,Null,Null + Null
2026-05-13 22:42:00,S,,,S,NO,NO,NO,NO,False,,,NO,NO,0,0,49,,0,True,True,True,True,False,2026-05-13,22:42:00,Null,Null,Null + Null
2026-05-13 22:42:00,S,2.0,peotv,S211,NO,YES,NO,NO,True,2578.93,S2,YES,YES,888,26,989,,914,False,False,False,False,True,2026-05-13,22:42:00,2,peotv,2 + peotv
2026-05-13 22:42:00,E,4.0,addon,E412,NO,NO,NO,NO,True,11359.49,E41,NO,NO,0,0,50,,0,True,True,True,True,False,2026-05-13,22:42:00,4,addon,4 + addon
2026-05-13 22:42:00,S,7.0,,S7,NO,NO,NO,NO,True,6462.99,S7,YES,YES,924,87,1082,,1011,False,False,False,False,True,2026-05-13,22:42:00,7,Null,7 + Null
2026-05-13 22:42:00,S,2.0,peotv,S21,NO,NO,NO,NO,True,3982.84,S2,YES,NO,0,0,417,,0,False,False,False,True,False,2026-05-13,22:42:00,2,peotv,2 + peotv
2026-05-13 22:42:00,S,,,S,NO,NO,NO,NO,False,,,NO,NO,0,0,62,,0,True,True,True,True,False,2026-05-13,22:42:00,Null,Null,Null + Null
2026-05-13 22:42:00,E,7.0,,E7,NO,NO,NO,NO,True,0.0,E7,YES,NO,0,0,220,,0,False,False,True,True,False,2026-05-13,22:42:00,7,Null,7 + Null
2026-05-13 22:42:00,S,,,S,NO,NO,NO,NO,False,,,NO,NO,0,0,8,,0,True,True,True,True,False,2026-05-13,22:42:00,Null,Null,Null + Null
2026-05-13 22:42:00,S,4.0,extragb,S411,NO,NO,NO,NO,True,7284.4,S41,YES,NO,0,0,267,,0,False,False,True,True,False,2026-05-13,22:42:00,4,extragb,4 + extragb
2026-05-13 22:42:00,S,2.0,peotv,S21,NO,NO,NO,NO,True,-9.34,S2,YES,NO,0,0,290,,0,False,False,True,True,False,2026-05-13,22:42:00,2,peotv,2 + peotv
2026-05-13 22:42:00,S,2.0,peotv,S21,NO,NO,NO,NO,True,2104.43,S2,YES,YES,929,47,1060,,976,False,False,False,False,True,2026-05-13,22:42:00,2,peotv,2 + peotv
2026-05-13 22:41:00,S,2.0,peotv,S21,NO,NO,NO,NO,True,7622.99,S2,YES,NO,0,0,383,,0,False,False,False,True,False,2026-05-13,22:41:00,2,peotv,2 + peotv
2026-05-13 22:41:00,E,3.0,,E3,NO,NO,NO,NO,True,8482.41,E3,NO,NO,0,0,112,,0,False,True,True,True,False,2026-05-13,22:41:00,3,Null,3 + Null
2026-05-13 22:41:00,S,4.0,addon,S4122,NO,NO,NO,NO,True,-382.61,S41,NO,NO,0,0,108,,0,False,True,True,True,False,2026-05-13,22:41:00,4,addon,4 + addon
2026-05-13 22:41:00,S,,,S,NO,NO,NO,NO,False,,,NO,NO,0,0,34,,0,True,True,True,True,False,2026-05-13,22:41:00,Null,Null,Null + Null
2026-05-13 22:41:00,S,2.0,voice,S23,NO,NO,NO,NO,True,766.62,S2,NO,NO,0,0,161,,0,False,True,True,True,False,2026-05-13,22:41:00,2,voice,2 + voice
2026-05-13 22:41:00,S,2.0,peotv,S21,NO,YES,NO,NO,True,0.25,S2,YES,YES,917,90,1056,,1007,False,False,False,False,True,2026-05-13,22:41:00,2,peotv,2 + peotv
2026-05-13 22:41:00,S,3.0,,S3,NO,NO,NO,NO,True,8241.33,S3,NO,NO,0,0,64,,0,True,True,True,True,False,2026-05-13,22:41:00,3,Null,3 + Null
2026-05-13 22:41:00,S,2.0,peotv,S21,NO,NO,NO,NO,True,3504.58,S2,YES,NO,0,0,653,,0,False,False,False,False,True,2026-05-13,22:41:00,2,peotv,2 + peotv
2026-05-13 22:41:00,S,3.0,,S3,NO,NO,NO,NO,True,19568.83,S3,YES,NO,0,0,256,,0,False,False,True,True,False,2026-05-13,22:41:00,3,Null,3 + Null
2026-05-13 22:41:00,S,4.0,extragb,S4111,NO,NO,NO,YES,True,87.96,S41,NO,NO,0,0,78,,0,True,True,True,True,False,2026-05-13,22:41:00,4,extragb,4 + extragb
2026-05-13 22:41:00,S,2.0,peotv,S211,NO,YES,NO,NO,True,3015.96,S2,YES,YES,944,23,1032,,967,False,False,False,False,True,2026-05-13,22:41:00,2,peotv,2 + peotv
2026-05-13 22:41:00,E,,,E,NO,NO,NO,NO,False,,,NO,NO,0,0,30,,0,True,True,True,True,False,2026-05-13,22:41:00,Null,Null,Null + Null
2026-05-13 22:41:00,S,7.0,,S7,NO,NO,NO,NO,True,6973.86,S7,YES,NO,0,0,321,,0,False,False,False,True,False,2026-05-13,22:41:00,7,Null,7 + Null
2026-05-13 22:41:00,S,1.0,,S1,NO,NO,NO,NO,True,1261.21,S1,YES,YES,922,93,1067,,1015,False,False,False,False,True,2026-05-13,22:41:00,1,Null,1 + Null
2026-05-13 22:41:00,S,2.0,peotv,S21,NO,NO,NO,NO,True,2515.08,S2,YES,NO,0,0,127,,0,False,True,True,True,False,2026-05-13,22:41:00,2,peotv,2 + peotv
2026-05-13 22:41:00,S,2.0,peotv,S21,NO,YES,NO,NO,True,-51.16,S2,YES,NO,0,0,430,,0,False,False,False,True,False,2026-05-13,22:41:00,2,peotv,2 + peotv
2026-05-13 22:41:00,S,2.0,peotv,S21,NO,NO,NO,NO,True,0.0,S2,YES,NO,0,0,188,,0,False,True,True,True,False,2026-05-13,22:41:00,2,peotv,2 + peotv
2026-05-13 22:41:00,S,2.0,peotv,S21,NO,NO,NO,NO,True,4805.46,S2,YES,YES,922,236,1217,,1158,False,False,False,False,True,2026-05-13,22:41:00,2,peotv,2 + peotv
2026-05-13 22:41:00,S,3.0,,S3,NO,NO,NO,NO,True,18371.36,S3,YES,NO,0,0,672,,0,False,False,False,False,True,2026-05-13,22:41:00,3,Null,3 + Null
2026-05-13 22:41:00,E,4.0,extragb,E411,NO,NO,NO,NO,True,11359.49,E41,YES,NO,0,0,70,,0,True,True,True,True,False,2026-05-13,22:41:00,4,extragb,4 + extragb
2026-05-13 22:41:00,S,7.0,,S7,NO,NO,NO,NO,True,9614.05,S7,YES,YES,917,61,1042,,978,False,False,False,False,True,2026-05-13,22:41:00,7,Null,7 + Null
2026-05-13 22:41:00,S,4.0,extragb,S4111,NO,NO,NO,YES,True,6560.06,S41,NO,NO,0,0,75,,0,True,True,True,True,False,2026-05-13,22:41:00,4,extragb,4 + extragb
2026-05-13 22:41:00,S,2.0,broadband,S22,YES,NO,NO,NO,True,6209.57,S2,NO,NO,0,0,95,,0,True,True,True,True,False,2026-05-13,22:41:00,2,broadband,2 + broadband
2026-05-13 22:41:00,S,3.0,,S3,NO,NO,NO,NO,True,-313.11,S3,NO,NO,0,0,68,,0,True,True,True,True,False,2026-05-13,22:41:00,3,Null,3 + Null
2026-05-13 22:41:00,S,2.0,peotv,S21,NO,NO,NO,NO,True,2699.83,S2,YES,YES,908,42,1039,,950,False,False,False,False,True,2026-05-13,22:41:00,2,peotv,2 + peotv
2026-05-13 22:41:00,S,3.0,,S3,NO,NO,NO,NO,True,18330.69,S3,YES,NO,0,0,368,,0,False,False,False,True,False,2026-05-13,22:41:00,3,Null,3 + Null
2026-05-13 22:41:00,S,3.0,,S3,NO,NO,NO,NO,True,3297.81,S3,NO,NO,0,0,101,,0,False,True,True,True,False,2026-05-13,22:41:00,3,Null,3 + Null
2026-05-13 22:41:00,S,,,S,NO,NO,NO,NO,False,,,NO,NO,0,0,22,,0,True,True,True,True,False,2026-05-13,22:41:00,Null,Null,Null + Null
2026-05-13 22:41:00,S,4.0,extragb,S41121,NO,NO,NO,YES,True,-866.84,S41,NO,NO,0,0,148,,0,False,True,True,True,False,2026-05-13,22:41:00,4,extragb,4 + extragb
2026-05-13 22:41:00,S,,,S,NO,NO,NO,NO,False,,,NO,NO,0,0,17,,0,True,True,True,True,False,2026-05-13,22:41:00,Null,Null,Null + Null
2026-05-13 22:41:00,T,,,T,NO,NO,NO,NO,False,,,NO,NO,0,0,32,,0,True,True,True,True,False,2026-05-13,22:41:00,Null,Null,Null + Null
2026-05-13 22:41:00,S,2.0,peotv,S21,NO,NO,NO,NO,True,3078.92,S2,YES,NO,0,0,145,,0,False,True,True,True,False,2026-05-13,22:41:00,2,peotv,2 + peotv
2026-05-13 22:41:00,S,3.0,,S3,NO,NO,NO,NO,True,4509.48,S3,NO,NO,0,0,91,,0,True,True,True,True,False,2026-05-13,22:41:00,3,Null,3 + Null
2026-05-13 22:41:00,S,,,S,NO,NO,NO,NO,False,,,NO,NO,0,0,23,,0,True,True,True,True,False,2026-05-13,22:41:00,Null,Null,Null + Null
2026-05-13 22:41:00,S,2.0,peotv,S21,NO,NO,NO,NO,True,90.56,S2,YES,NO,0,0,152,,0,False,True,True,True,False,2026-05-13,22:41:00,2,peotv,2 + peotv
2026-05-13 22:41:00,T,1.0,,MOBITEL_TLty1,NO,NO,NO,NO,False,,T1,YES,YES,287,72,415,,359,False,False,False,True,False,2026-05-13,22:41:00,1,Null,1 + Null
2026-05-13 22:41:00,S,,,S,NO,NO,NO,NO,False,,,NO,NO,0,0,33,,0,True,True,True,True,False,2026-05-13,22:41:00,Null,Null,Null + Null
2026-05-13 22:41:00,S,2.0,peotv,S211,NO,YES,NO,NO,True,2371.98,S2,YES,YES,888,185,1151,,1073,False,False,False,False,True,2026-05-13,22:41:00,2,peotv,2 + peotv
2026-05-13 22:40:00,S,,,S,NO,NO,NO,NO,False,,,NO,NO,0,0,21,,0,True,True,True,True,False,2026-05-13,22:40:00,Null,Null,Null + Null
2026-05-13 22:40:00,S,7.0,,S7,NO,NO,NO,NO,True,-34.72,S7,YES,NO,0,0,354,,0,False,False,False,True,False,2026-05-13,22:40:00,7,Null,7 + Null
2026-05-13 22:40:00,S,1.0,,S1,NO,NO,NO,NO,True,-37.51,S1,YES,NO,0,0,185,,0,False,True,True,True,False,2026-05-13,22:40:00,1,Null,1 + Null
2026-05-13 22:40:00,S,2.0,voice,S23,NO,NO,NO,NO,True,-36.42,S2,YES,YES,884,108,1137,,992,False,False,False,False,True,2026-05-13,22:40:00,2,voice,2 + voice
2026-05-13 22:40:00,S,4.0,extragb,S4111,NO,NO,NO,YES,True,3735.29,S41,NO,NO,0,0,71,,0,True,True,True,True,False,2026-05-13,22:40:00,4,extragb,4 + extragb
2026-05-13 22:40:00,S,,,S,NO,NO,NO,NO,False,,,NO,NO,0,0,41,,0,True,True,True,True,False,2026-05-13,22:40:00,Null,Null,Null + Null
2026-05-13 22:40:00,S,2.0,peotv,S211,NO,YES,NO,NO,True,2257.85,S2,YES,NO,0,0,426,,0,False,False,False,True,False,2026-05-13,22:40:00,2,peotv,2 + peotv
2026-05-13 22:40:00,S,2.0,peotv,S21,NO,NO,NO,NO,True,-170.94,S2,YES,NO,0,0,228,,0,False,False,True,True,False,2026-05-13,22:40:00,2,peotv,2 + peotv
2026-05-13 22:40:00,S,7.0,,S7,NO,NO,NO,NO,True,750.07,S7,YES,YES,888,249,1241,,1137,False,False,False,False,True,2026-05-13,22:40:00,7,Null,7 + Null
2026-05-13 22:40:00,S,4.0,extragb,S4111,NO,NO,NO,YES,True,14114.69,S41,NO,NO,0,0,43,,0,True,True,True,True,False,2026-05-13,22:40:00,4,extragb,4 + extragb
2026-05-13 22:40:00,S,3.0,,S3,NO,NO,NO,NO,True,2470.01,S3,NO,NO,0,0,54,,0,True,True,True,True,False,2026-05-13,22:40:00,3,Null,3 + Null
2026-05-13 22:40:00,T,2.0,broadband,T22,NO,NO,NO,NO,True,8363.71,T2,YES,NO,0,0,376,,0,False,False,False,True,False,2026-05-13,22:40:00,2,broadband,2 + broadband
2026-05-13 22:40:00,S,,,S,NO,NO,NO,NO,False,,,NO,NO,0,0,22,,0,True,True,True,True,False,2026-05-13,22:40:00,Null,Null,Null + Null
2026-05-13 22:40:00,S,,,S,NO,NO,NO,NO,False,,,NO,NO,0,0,30,,0,True,True,True,True,False,2026-05-13,22:40:00,Null,Null,Null + Null
2026-05-13 22:40:00,S,2.0,peotv,S21,NO,YES,NO,NO,True,2715.09,S2,NO,NO,0,0,103,,0,False,True,True,True,False,2026-05-13,22:40:00,2,peotv,2 + peotv
2026-05-13 22:40:00,S,2.0,peotv,S21,NO,NO,NO,NO,True,-44.93,S2,YES,NO,0,0,369,,0,False,False,False,True,False,2026-05-13,22:40:00,2,peotv,2 + peotv
2026-05-13 22:40:00,S,2.0,peotv,S21,YES,NO,NO,NO,True,-1.44,S2,YES,NO,0,0,339,,0,False,False,False,True,False,2026-05-13,22:40:00,2,peotv,2 + peotv
2026-05-13 22:40:00,S,,,S,NO,NO,NO,NO,False,,,NO,NO,0,0,23,,0,True,True,True,True,False,2026-05-13,22:40:00,Null,Null,Null + Null
2026-05-13 22:40:00,S,2.0,peotv,S211,NO,YES,NO,NO,True,10244.41,S2,YES,YES,887,133,1157,,1020,False,False,False,False,True,2026-05-13,22:40:00,2,peotv,2 + peotv
2026-05-13 22:40:00,S,,,S,NO,NO,NO,NO,False,,,NO,NO,0,0,35,,0,True,True,True,True,False,2026-05-13,22:40:00,Null,Null,Null + Null
2026-05-13 22:40:00,T,,,T,NO,NO,NO,NO,False,,,NO,NO,0,0,34,,0,True,True,True,True,False,2026-05-13,22:40:00,Null,Null,Null + Null
2026-05-13 22:40:00,S,,,S,NO,NO,NO,NO,False,,,NO,NO,0,0,34,,0,True,True,True,True,False,2026-05-13,22:40:00,Null,Null,Null + Null
2026-05-13 22:40:00,S,2.0,peotv,S21,NO,NO,NO,NO,True,-30.84,S2,YES,YES,887,59,1048,,946,False,False,False,False,True,2026-05-13,22:40:00,2,peotv,2 + peotv
2026-05-13 22:40:00,S,,,S,NO,NO,NO,NO,False,,,NO,NO,0,0,24,,0,True,True,True,True,False,2026-05-13,22:40:00,Null,Null,Null + Null
2026-05-13 22:40:00,S,7.0,,S7,NO,NO,NO,NO,True,-743.2,S7,YES,YES,883,68,1028,,951,False,False,False,False,True,2026-05-13,22:40:00,7,Null,7 + Null
2026-05-13 22:40:00,S,5.0,organizational,S51,NO,NO,NO,NO,True,2776.39,S51,YES,NO,0,0,249,,0,False,False,True,True,False,2026-05-13,22:40:00,5,organizational,5 + organizational
2026-05-13 22:40:00,S,2.0,peotv,S21,NO,NO,NO,NO,True,2640.81,S2,YES,NO,0,0,373,,0,False,False,False,True,False,2026-05-13,22:40:00,2,peotv,2 + peotv
2026-05-13 22:40:00,S,2.0,peotv,S21,NO,NO,NO,NO,True,4973.83,S2,YES,YES,887,101,1056,,988,False,False,False,False,True,2026-05-13,22:40:00,2,peotv,2 + peotv
2026-05-13 22:40:00,S,2.0,peotv,S211,NO,YES,NO,NO,True,2019.64,S2,YES,NO,0,0,167,,0,False,True,True,True,False,2026-05-13,22:40:00,2,peotv,2 + peotv
2026-05-13 22:40:00,S,5.0,,S5,NO,NO,NO,NO,False,,S5,NO,NO,0,0,74,,0,True,True,True,True,False,2026-05-13,22:40:00,5,Null,5 + Null
2026-05-13 22:40:00,S,1.0,,S1,NO,NO,NO,NO,True,-313.11,S1,YES,NO,0,0,518,,0,False,False,False,False,True,2026-05-13,22:40:00,1,Null,1 + Null
2026-05-13 22:40:00,S,2.0,peotv,S211,NO,YES,NO,NO,True,5921.54,S2,YES,NO,0,0,256,,0,False,False,True,True,False,2026-05-13,22:40:00,2,peotv,2 + peotv
2026-05-13 22:40:00,S,4.0,extragb,S4111,NO,NO,NO,YES,True,0.0,S41,NO,NO,0,0,81,,0,True,True,True,True,False,2026-05-13,22:40:00,4,extragb,4 + extragb
2026-05-13 22:39:00,S,2.0,peotv,S21,NO,NO,NO,NO,True,-666.18,S2,YES,NO,0,0,159,,0,False,True,True,True,False,2026-05-13,22:39:00,2,peotv,2 + peotv
2026-05-13 22:39:00,S,4.0,extragb,S411,NO,NO,NO,NO,True,12771.02,S41,YES,NO,0,0,247,,0,False,False,True,True,False,2026-05-13,22:39:00,4,extragb,4 + extragb
2026-05-13 22:39:00,S,4.0,extragb,S4112,NO,NO,NO,NO,True,5060.78,S41,NO,NO,0,0,68,,0,True,True,True,True,False,2026-05-13,22:39:00,4,extragb,4 + extragb
2026-05-13 22:39:00,S,2.0,peotv,S21,NO,YES,NO,NO,True,-47.64,S2,YES,NO,0,0,981,,0,False,False,False,False,True,2026-05-13,22:39:00,2,peotv,2 + peotv
2026-05-13 22:39:00,S,4.0,extragb,S4111,NO,NO,NO,YES,True,9006.91,S41,NO,NO,0,0,38,,0,True,True,True,True,False,2026-05-13,22:39:00,4,extragb,4 + extragb
2026-05-13 22:39:00,S,,,S,NO,NO,NO,NO,False,,,NO,NO,0,0,23,,0,True,True,True,True,False,2026-05-13,22:39:00,Null,Null,Null + Null
2026-05-13 22:39:00,S,2.0,peotv,S21,NO,NO,NO,NO,True,4842.35,S2,YES,NO,0,0,133,,0,False,True,True,True,False,2026-05-13,22:39:00,2,peotv,2 + peotv
2026-05-13 22:39:00,S,2.0,peotv,S21,NO,YES,NO,NO,True,1153.07,S2,YES,NO,0,0,344,,0,False,False,False,True,False,2026-05-13,22:39:00,2,peotv,2 + peotv
2026-05-13 22:39:00,S,7.0,,S7,NO,NO,NO,NO,True,-12500.0,S7,YES,NO,0,0,485,,0,False,False,False,True,False,2026-05-13,22:39:00,7,Null,7 + Null
2026-05-13 22:39:00,S,2.0,peotv,S21,YES,NO,NO,NO,True,5262.42,S2,YES,NO,0,0,149,,0,False,True,True,True,False,2026-05-13,22:39:00,2,peotv,2 + peotv
2026-05-13 22:39:00,S,2.0,peotv,S21,NO,YES,NO,NO,True,5914.94,S2,NO,NO,0,0,118,,0,False,True,True,True,False,2026-05-13,22:39:00,2,peotv,2 + peotv
2026-05-13 22:39:00,S,,,S,NO,NO,NO,NO,False,,,NO,NO,0,0,29,,0,True,True,True,True,False,2026-05-13,22:39:00,Null,Null,Null + Null
2026-05-13 22:39:00,S,2.0,peotv,S21,NO,NO,NO,NO,True,2470.01,S2,YES,NO,0,0,339,,0,False,False,False,True,False,2026-05-13,22:39:00,2,peotv,2 + peotv
2026-05-13 22:39:00,S,,,S,NO,NO,NO,NO,False,,,NO,NO,0,0,36,,0,True,True,True,True,False,2026-05-13,22:39:00,Null,Null,Null + Null
2026-05-13 22:39:00,S,4.0,extragb,S4111,NO,NO,NO,YES,True,-382.61,S41,NO,NO,0,0,87,,0,True,True,True,True,False,2026-05-13,22:39:00,4,extragb,4 + extragb
2026-05-13 22:39:00,S,4.0,extragb,S4111,NO,NO,NO,YES,True,58.7,S41,NO,NO,0,0,42,,0,True,True,True,True,False,2026-05-13,22:39:00,4,extragb,4 + extragb
2026-05-13 22:39:00,E,2.0,broadband,E22,YES,NO,NO,NO,True,-55.47,E2,YES,YES,309,165,562,,474,False,False,False,False,True,2026-05-13,22:39:00,2,broadband,2 + broadband
2026-05-13 22:39:00,S,2.0,peotv,S21,NO,NO,NO,NO,True,2633.24,S2,YES,NO,0,0,65,,0,True,True,True,True,False,2026-05-13,22:39:00,2,peotv,2 + peotv
2026-05-13 22:39:00,S,4.0,extragb,S411,NO,NO,NO,NO,True,4589.44,S41,YES,NO,0,0,174,,0,False,True,True,True,False,2026-05-13,22:39:00,4,extragb,4 + extragb
2026-05-13 22:39:00,S,2.0,peotv,S211,NO,YES,NO,NO,True,5993.84,S2,YES,NO,0,0,192,,0,False,True,True,True,False,2026-05-13,22:39:00,2,peotv,2 + peotv
2026-05-13 22:39:00,S,4.0,extragb,S41121,NO,NO,NO,YES,True,2605.89,S41,NO,NO,0,0,105,,0,False,True,True,True,False,2026-05-13,22:39:00,4,extragb,4 + extragb
2026-05-13 22:39:00,S,,,S,NO,NO,NO,NO,False,,,NO,NO,0,0,34,,0,True,True,True,True,False,2026-05-13,22:39:00,Null,Null,Null + Null
2026-05-13 22:39:00,S,2.0,peotv,S211,NO,YES,NO,NO,True,10384.32,S2,YES,NO,0,0,323,,0,False,False,False,True,False,2026-05-13,22:39:00,2,peotv,2 + peotv
2026-05-13 22:39:00,S,,,S,NO,NO,NO,NO,False,,,NO,NO,0,0,30,,0,True,True,True,True,False,2026-05-13,22:39:00,Null,Null,Null + Null
2026-05-13 22:39:00,S,2.0,peotv,S21,NO,NO,NO,NO,True,6235.85,S2,YES,NO,0,0,434,,0,False,False,False,True,False,2026-05-13,22:39:00,2,peotv,2 + peotv
2026-05-13 22:39:00,S,2.0,peotv,S21,NO,NO,NO,NO,True,3535.6,S2,YES,NO,0,0,122,,0,False,True,True,True,False,2026-05-13,22:39:00,2,peotv,2 + peotv
2026-05-13 22:39:00,S,2.0,voice,S23,YES,NO,NO,NO,True,7202.3,S2,YES,NO,0,0,316,,0,False,False,False,True,False,2026-05-13,22:39:00,2,voice,2 + voice
2026-05-13 22:39:00,S,1.0,,SLty1,NO,NO,NO,NO,False,,S1,YES,NO,0,0,288,,0,False,False,True,True,False,2026-05-13,22:39:00,1,Null,1 + Null
2026-05-13 22:39:00,S,2.0,peotv,S211,NO,YES,NO,NO,True,5974.47,S2,YES,YES,897,18,1008,,915,False,False,False,False,True,2026-05-13,22:39:00,2,peotv,2 + peotv
2026-05-13 22:39:00,S,2.0,peotv,S21,NO,NO,NO,NO,True,2515.08,S2,YES,NO,0,0,211,,0,False,False,True,True,False,2026-05-13,22:39:00,2,peotv,2 + peotv
2026-05-13 22:39:00,S,2.0,peotv,S21,NO,YES,NO,NO,True,-15.62,S2,YES,NO,0,0,423,,0,False,False,False,True,False,2026-05-13,22:39:00,2,peotv,2 + peotv
2026-05-13 22:39:00,S,2.0,peotv,MOBITEL_S21,NO,NO,NO,NO,True,221.23,S2,YES,NO,0,0,109,,0,False,True,True,True,False,2026-05-13,22:39:00,2,peotv,2 + peotv
2026-05-13 22:39:00,S,2.0,peotv,S211,NO,YES,NO,NO,True,4558.9,S2,YES,NO,0,0,173,,0,False,True,True,True,False,2026-05-13,22:39:00,2,peotv,2 + peotv
2026-05-13 22:39:00,S,2.0,peotv,S21,NO,NO,NO,NO,True,4447.35,S2,YES,YES,891,34,989,,925,False,False,False,False,True,2026-05-13,22:39:00,2,peotv,2 + peotv
2026-05-13 22:39:00,S,4.0,extragb,S4111,NO,NO,NO,YES,True,-128.07,S41,NO,NO,0,0,31,,0,True,True,True,True,False,2026-05-13,22:39:00,4,extragb,4 + extragb
2026-05-13 22:39:00,S,,,S,NO,NO,NO,NO,False,,,NO,NO,0,0,19,,0,True,True,True,True,False,2026-05-13,22:39:00,Null,Null,Null + Null
2026-05-13 22:39:00,S,3.0,,S3,NO,NO,NO,NO,True,6615.44,S3,YES,YES,888,81,1002,,969,False,False,False,False,True,2026-05-13,22:39:00,3,Null,3 + Null
2026-05-13 22:39:00,T,,,MOBITEL_T,NO,NO,NO,NO,True,6660.6,,NO,NO,0,0,71,,0,True,True,True,True,False,2026-05-13,22:39:00,Null,Null,Null + Null
2026-05-13 22:39:00,S,4.0,extragb,S41121,NO,NO,NO,YES,True,5405.79,S41,NO,NO,0,0,86,,0,True,True,True,True,False,2026-05-13,22:39:00,4,extragb,4 + extragb
2026-05-13 22:38:00,S,,,S,NO,NO,NO,NO,False,,,NO,NO,0,0,24,,0,True,True,True,True,False,2026-05-13,22:38:00,Null,Null,Null + Null
2026-05-13 22:38:00,S,2.0,peotv,S21,NO,NO,NO,NO,True,5172.58,S2,YES,NO,0,0,339,,0,False,False,False,True,False,2026-05-13,22:38:00,2,peotv,2 + peotv
2026-05-13 22:38:00,S,3.0,,S3,NO,NO,NO,NO,True,2998.26,S3,YES,NO,0,0,292,,0,False,False,True,True,False,2026-05-13,22:38:00,3,Null,3 + Null
2026-05-13 22:38:00,S,,,S,NO,NO,NO,NO,False,,,NO,NO,0,0,34,,0,True,True,True,True,False,2026-05-13,22:38:00,Null,Null,Null + Null
2026-05-13 22:38:00,S,4.0,extragb,S41t,NO,NO,NO,NO,True,2941.57,S41,YES,YES,891,56,1020,,947,False,False,False,False,True,2026-05-13,22:38:00,4,extragb,4 + extragb
2026-05-13 22:38:00,S,3.0,,S3,NO,NO,NO,NO,True,-47.51,S3,YES,NO,0,0,861,,0,False,False,False,False,True,2026-05-13,22:38:00,3,Null,3 + Null
2026-05-13 22:38:00,S,2.0,broadband,S222,NO,NO,YES,NO,True,-77.35,S2,YES,NO,0,0,233,,0,False,False,True,True,False,2026-05-13,22:38:00,2,broadband,2 + broadband
2026-05-13 22:38:00,S,2.0,,S2,NO,NO,NO,NO,True,13993.74,S2,NO,NO,0,0,69,,0,True,True,True,True,False,2026-05-13,22:38:00,2,Null,2 + Null
2026-05-13 22:38:00,S,,,S,NO,NO,NO,NO,False,,,NO,NO,0,0,23,,0,True,True,True,True,False,2026-05-13,22:38:00,Null,Null,Null + Null
2026-05-13 22:38:00,S,4.0,extragb,S411,NO,NO,NO,NO,True,2212.22,S41,YES,NO,0,0,47,,0,True,True,True,True,False,2026-05-13,22:38:00,4,extragb,4 + extragb
2026-05-13 22:38:00,S,2.0,peotv,S211,NO,YES,NO,NO,True,6165.7,S2,YES,YES,906,75,1095,,981,False,False,False,False,True,2026-05-13,22:38:00,2,peotv,2 + peotv
2026-05-13 22:38:00,S,1.0,,SLty1,NO,NO,NO,NO,False,,S1,YES,YES,871,175,1109,,1046,False,False,False,False,True,2026-05-13,22:38:00,1,Null,1 + Null
2026-05-13 22:38:00,E,4.0,extragb,E4111,NO,NO,NO,YES,True,5086.44,E41,NO,NO,0,0,46,,0,True,True,True,True,False,2026-05-13,22:38:00,4,extragb,4 + extragb
2026-05-13 22:38:00,S,,,S,NO,NO,NO,NO,False,,,NO,NO,0,0,54,,0,True,True,True,True,False,2026-05-13,22:38:00,Null,Null,Null + Null
2026-05-13 22:38:00,S,4.0,extragb,S4111,NO,NO,NO,YES,True,20100.57,S41,NO,NO,0,0,50,,0,True,True,True,True,False,2026-05-13,22:38:00,4,extragb,4 + extragb
2026-05-13 22:38:00,S,4.0,extragb,S4111,NO,NO,NO,YES,True,6911.89,S41,NO,NO,0,0,29,,0,True,True,True,True,False,2026-05-13,22:38:00,4,extragb,4 + extragb
2026-05-13 22:38:00,S,4.0,extragb,S4111,NO,NO,NO,YES,True,13778.54,S41,NO,NO,0,0,97,,0,True,True,True,True,False,2026-05-13,22:38:00,4,extragb,4 + extragb
2026-05-13 22:38:00,S,2.0,other,S24,NO,NO,NO,NO,True,-3780.79,S2,YES,YES,913,243,1285,,1156,False,False,False,False,True,2026-05-13,22:38:00,2,other,2 + other
2026-05-13 22:38:00,S,2.0,voice,S23,NO,NO,NO,NO,True,4102.13,S2,NO,NO,0,0,157,,0,False,True,True,True,False,2026-05-13,22:38:00,2,voice,2 + voice
2026-05-13 22:38:00,S,2.0,peotv,S21,YES,NO,NO,NO,True,-2.53,S2,NO,NO,0,0,112,,0,False,True,True,True,False,2026-05-13,22:38:00,2,peotv,2 + peotv
2026-05-13 22:38:00,S,2.0,peotv,S21,NO,NO,NO,NO,True,3078.92,S2,YES,NO,0,0,804,,0,False,False,False,False,True,2026-05-13,22:38:00,2,peotv,2 + peotv
2026-05-13 22:38:00,S,2.0,voice,S23,YES,NO,NO,NO,True,20388.89,S2,YES,YES,896,110,1136,,1006,False,False,False,False,True,2026-05-13,22:38:00,2,voice,2 + voice
2026-05-13 22:38:00,S,3.0,,S3,NO,NO,NO,NO,True,3015.28,S3,YES,NO,0,0,188,,0,False,True,True,True,False,2026-05-13,22:38:00,3,Null,3 + Null
2026-05-13 22:38:00,S,2.0,peotv,S21,YES,NO,NO,NO,True,-19.43,S2,YES,NO,0,0,201,,0,False,False,True,True,False,2026-05-13,22:38:00,2,peotv,2 + peotv
2026-05-13 22:38:00,E,2.0,peotv,E21,YES,NO,NO,NO,True,0.0,E2,NO,NO,0,0,45,,0,True,True,True,True,False,2026-05-13,22:38:00,2,peotv,2 + peotv
2026-05-13 22:38:00,S,3.0,,S3,NO,NO,NO,NO,True,2402.31,S3,NO,NO,0,0,94,,0,True,True,True,True,False,2026-05-13,22:38:00,3,Null,3 + Null
2026-05-13 22:38:00,S,3.0,,S3,NO,NO,NO,NO,True,6211.73,S3,NO,NO,0,0,96,,0,True,True,True,True,False,2026-05-13,22:38:00,3,Null,3 + Null
2026-05-13 22:38:00,S,7.0,,S7,NO,NO,NO,NO,True,6148.69,S7,YES,NO,0,0,567,,0,False,False,False,False,True,2026-05-13,22:38:00,7,Null,7 + Null
2026-05-13 22:38:00,S,,,S,NO,NO,NO,NO,False,,,NO,NO,0,0,41,,0,True,True,True,True,False,2026-05-13,22:38:00,Null,Null,Null + Null
2026-05-13 22:38:00,S,2.0,peotv,S21,NO,NO,NO,NO,True,6021.89,S2,YES,YES,903,38,985,,941,False,False,False,False,True,2026-05-13,22:38:00,2,peotv,2 + peotv
2026-05-13 22:38:00,S,2.0,peotv,S21,NO,NO,NO,NO,True,4485.15,S2,YES,NO,0,0,432,,0,False,False,False,True,False,2026-05-13,22:38:00,2,peotv,2 + peotv
2026-05-13 22:38:00,S,,,S,NO,NO,NO,NO,False,,,NO,NO,0,0,137,,0,False,True,True,True,False,2026-05-13,22:38:00,Null,Null,Null + Null
2026-05-13 22:38:00,E,2.0,peotv,E21,NO,NO,NO,NO,True,0.0,E2,YES,NO,0,0,370,,0,False,False,False,True,False,2026-05-13,22:38:00,2,peotv,2 + peotv
2026-05-13 22:38:00,S,2.0,peotv,S211,NO,YES,NO,NO,True,6637.58,S2,YES,NO,0,0,781,,0,False,False,False,False,True,2026-05-13,22:38:00,2,peotv,2 + peotv
2026-05-13 22:38:00,T,,,T,NO,NO,NO,NO,False,,,NO,NO,0,0,37,,0,True,True,True,True,False,2026-05-13,22:38:00,Null,Null,Null + Null
2026-05-13 22:38:00,S,,,S,NO,NO,NO,NO,False,,,NO,NO,0,0,22,,0,True,True,True,True,False,2026-05-13,22:38:00,Null,Null,Null + Null
2026-05-13 22:38:00,S,3.0,,S3,NO,NO,NO,NO,True,-0.55,S3,YES,NO,0,0,213,,0,False,False,True,True,False,2026-05-13,22:38:00,3,Null,3 + Null
2026-05-13 22:38:00,E,3.0,,E3,NO,NO,NO,NO,True,0.28,E3,YES,NO,0,0,437,,0,False,False,False,True,False,2026-05-13,22:38:00,3,Null,3 + Null
2026-05-13 22:38:00,S,2.0,peotv,S21,NO,YES,NO,NO,True,26.86,S2,YES,YES,901,25,1001,,926,False,False,False,False,True,2026-05-13,22:38:00,2,peotv,2 + peotv
2026-05-13 22:38:00,S,3.0,,S3,NO,NO,NO,NO,True,9459.99,S3,YES,NO,0,0,236,,0,False,False,True,True,False,2026-05-13,22:38:00,3,Null,3 + Null
2026-05-13 22:38:00,E,,,E,NO,NO,NO,NO,False,,,NO,NO,0,0,12,,0,True,True,True,True,False,2026-05-13,22:38:00,Null,Null,Null + Null
2026-05-13 22:37:00,S,2.0,peotv,S21,NO,YES,NO,NO,True,-96.27,S2,YES,NO,0,0,227,,0,False,False,True,True,False,2026-05-13,22:37:00,2,peotv,2 + peotv
2026-05-13 22:37:00,S,2.0,peotv,S211,NO,YES,NO,NO,True,3014.49,S2,YES,NO,0,0,445,,0,False,False,False,True,False,2026-05-13,22:37:00,2,peotv,2 + peotv
2026-05-13 22:37:00,T,,,T,NO,NO,NO,NO,False,,,NO,NO,0,0,62,,0,True,True,True,True,False,2026-05-13,22:37:00,Null,Null,Null + Null
2026-05-13 22:37:00,S,2.0,peotv,MOBITEL_S211,NO,YES,NO,NO,True,5055.42,S2,YES,NO,0,0,375,,0,False,False,False,True,False,2026-05-13,22:37:00,2,peotv,2 + peotv
2026-05-13 22:37:00,S,1.0,,SLty1,NO,NO,NO,NO,False,,S1,YES,YES,886,181,1123,,1067,False,False,False,False,True,2026-05-13,22:37:00,1,Null,1 + Null
2026-05-13 22:37:00,S,,,S,NO,NO,NO,NO,False,,,NO,NO,0,0,87,,0,True,True,True,True,False,2026-05-13,22:37:00,Null,Null,Null + Null
2026-05-13 22:37:00,S,2.0,peotv,S211,NO,YES,NO,NO,True,5019.84,S2,YES,YES,902,115,1069,,1017,False,False,False,False,True,2026-05-13,22:37:00,2,peotv,2 + peotv
2026-05-13 22:37:00,S,,,S,NO,NO,NO,NO,False,,,NO,NO,0,0,24,,0,True,True,True,True,False,2026-05-13,22:37:00,Null,Null,Null + Null
2026-05-13 22:37:00,S,2.0,peotv,S211,NO,YES,NO,NO,True,4848.18,S2,YES,NO,0,0,316,,0,False,False,False,True,False,2026-05-13,22:37:00,2,peotv,2 + peotv
2026-05-13 22:37:00,S,2.0,peotv,S21,NO,NO,NO,NO,True,2212.22,S2,NO,NO,0,0,54,,0,True,True,True,True,False,2026-05-13,22:37:00,2,peotv,2 + peotv
2026-05-13 22:37:00,E,2.0,peotv,E21,NO,NO,NO,NO,True,1427.27,E2,YES,NO,0,0,406,,0,False,False,False,True,False,2026-05-13,22:37:00,2,peotv,2 + peotv
2026-05-13 22:37:00,S,2.0,other,S24,NO,NO,NO,NO,True,-37.51,S2,YES,NO,0,0,592,,0,False,False,False,False,True,2026-05-13,22:37:00,2,other,2 + other
2026-05-13 22:37:00,S,,,S,NO,NO,NO,NO,False,,,NO,NO,0,0,36,,0,True,True,True,True,False,2026-05-13,22:37:00,Null,Null,Null + Null
2026-05-13 22:37:00,S,2.0,broadband,S22,NO,NO,YES,NO,True,6229.75,S2,YES,NO,0,0,404,,0,False,False,False,True,False,2026-05-13,22:37:00,2,broadband,2 + broadband
2026-05-13 22:37:00,S,2.0,broadband,S22,YES,NO,NO,NO,True,7168.72,S2,YES,NO,0,0,589,,0,False,False,False,False,True,2026-05-13,22:37:00,2,broadband,2 + broadband
2026-05-13 22:37:00,S,4.0,extragb,S4111,NO,NO,NO,YES,True,-810.52,S41,NO,NO,0,0,95,,0,True,True,True,True,False,2026-05-13,22:37:00,4,extragb,4 + extragb
2026-05-13 22:37:00,S,2.0,peotv,S21,NO,NO,NO,NO,True,4789.33,S2,YES,NO,0,0,526,,0,False,False,False,False,True,2026-05-13,22:37:00,2,peotv,2 + peotv
2026-05-13 22:37:00,S,7.0,,S,NO,NO,NO,NO,False,,S_LTY,YES,YES,36,38,116,,74,False,True,True,True,False,2026-05-13,22:37:00,7,Null,7 + Null
2026-05-13 22:37:00,S,,,S,NO,NO,NO,NO,False,,,NO,NO,0,0,1183,,0,False,False,False,False,True,2026-05-13,22:37:00,Null,Null,Null + Null
2026-05-13 22:37:00,S,1.0,,MOBITEL_SLty1,NO,NO,NO,NO,False,,S1,YES,YES,894,204,1139,,1098,False,False,False,False,True,2026-05-13,22:37:00,1,Null,1 + Null
2026-05-13 22:37:00,S,2.0,peotv,S21,NO,NO,NO,NO,True,6610.05,S2,YES,YES,887,143,1085,,1030,False,False,False,False,True,2026-05-13,22:37:00,2,peotv,2 + peotv
2026-05-13 22:37:00,S,1.0,,S1,NO,NO,NO,NO,False,,S1,YES,NO,0,0,215,,0,False,False,True,True,False,2026-05-13,22:37:00,1,Null,1 + Null
2026-05-13 22:37:00,S,1.0,,S1,NO,NO,NO,NO,True,0.0,S1,YES,YES,887,155,1194,,1042,False,False,False,False,True,2026-05-13,22:37:00,1,Null,1 + Null
2026-05-13 22:37:00,E,2.0,peotv,E21,YES,NO,NO,NO,True,0.0,E2,YES,NO,0,0,424,,0,False,False,False,True,False,2026-05-13,22:37:00,2,peotv,2 + peotv
2026-05-13 22:37:00,E,4.0,extragb,E4111,NO,NO,NO,YES,True,5982.83,E41,NO,NO,0,0,37,,0,True,True,True,True,False,2026-05-13,22:37:00,4,extragb,4 + extragb
2026-05-13 22:37:00,S,,,S,NO,NO,NO,NO,False,,,NO,NO,0,0,29,,0,True,True,True,True,False,2026-05-13,22:37:00,Null,Null,Null + Null
2026-05-13 22:37:00,S,,,S,NO,NO,NO,NO,False,,,NO,NO,0,0,34,,0,True,True,True,True,False,2026-05-13,22:37:00,Null,Null,Null + Null
2026-05-13 22:37:00,S,2.0,peotv,S21,NO,YES,NO,NO,True,-89.13,S2,YES,NO,0,0,415,,0,False,False,False,True,False,2026-05-13,22:37:00,2,peotv,2 + peotv
2026-05-13 22:37:00,S,2.0,peotv,S21,NO,NO,NO,NO,True,4143.03,S2,YES,NO,0,0,181,,0,False,True,True,True,False,2026-05-13,22:37:00,2,peotv,2 + peotv
2026-05-13 22:37:00,S,2.0,peotv,S21,NO,NO,NO,NO,True,2161.74,S2,YES,NO,0,0,865,,0,False,False,False,False,True,2026-05-13,22:37:00,2,peotv,2 + peotv
2026-05-13 22:37:00,S,,,MOBITEL_S,NO,NO,NO,NO,False,,,NO,NO,0,0,26,,0,True,True,True,True,False,2026-05-13,22:37:00,Null,Null,Null + Null
2026-05-13 22:37:00,S,4.0,extragb,S411,NO,NO,NO,NO,True,3792.65,S41,YES,NO,0,0,981,,0,False,False,False,False,True,2026-05-13,22:37:00,4,extragb,4 + extragb
2026-05-13 22:37:00,S,2.0,other,S24,NO,NO,NO,NO,True,7781.89,S2,YES,YES,911,218,1197,,1129,False,False,False,False,True,2026-05-13,22:37:00,2,other,2 + other
2026-05-13 22:37:00,S,2.0,peotv,S211,NO,YES,NO,NO,True,5914.94,S2,YES,YES,898,48,1024,,946,False,False,False,False,True,2026-05-13,22:37:00,2,peotv,2 + peotv
2026-05-13 22:37:00,S,,,S,NO,NO,NO,NO,False,,,NO,NO,0,0,49,,0,True,True,True,True,False,2026-05-13,22:37:00,Null,Null,Null + Null
2026-05-13 22:37:00,S,4.0,extragb,S4111,NO,NO,NO,YES,True,9094.43,S41,NO,NO,0,0,57,,0,True,True,True,True,False,2026-05-13,22:37:00,4,extragb,4 + extragb
2026-05-13 22:37:00,S,2.0,peotv,S21,NO,NO,NO,NO,True,4120.63,S2,YES,NO,0,0,279,,0,False,False,True,True,False,2026-05-13,22:37:00,2,peotv,2 + peotv
2026-05-13 22:37:00,S,3.0,,S3,NO,NO,NO,NO,True,6263.91,S3,YES,NO,0,0,153,,0,False,True,True,True,False,2026-05-13,22:37:00,3,Null,3 + Null
2026-05-13 22:37:00,S,5.0,,S5,NO,NO,NO,NO,True,3429.22,S5,NO,NO,0,0,93,,0,True,True,True,True,False,2026-05-13,22:37:00,5,Null,5 + Null
2026-05-13 22:37:00,S,4.0,extragb,S4112,NO,NO,NO,NO,True,2143459.83,S41,NO,NO,0,0,41,,0,True,True,True,True,False,2026-05-13,22:37:00,4,extragb,4 + extragb
2026-05-13 22:37:00,E,2.0,broadband,E22,NO,NO,NO,NO,True,5088.97,E2,YES,YES,303,233,591,,536,False,False,False,False,True,2026-05-13,22:37:00,2,broadband,2 + broadband
2026-05-13 22:37:00,S,2.0,voice,S23,NO,NO,NO,NO,True,546.57,S2,NO,NO,0,0,144,,0,False,True,True,True,False,2026-05-13,22:37:00,2,voice,2 + voice
2026-05-13 22:37:00,S,4.0,extragb,S4111,NO,NO,NO,YES,True,14796.19,S41,NO,NO,0,0,77,,0,True,True,True,True,False,2026-05-13,22:37:00,4,extragb,4 + extragb
2026-05-13 22:37:00,S,2.0,peotv,S211,NO,YES,NO,NO,True,3597.48,S2,YES,NO,0,0,720,,0,False,False,False,False,True,2026-05-13,22:37:00,2,peotv,2 + peotv
2026-05-13 22:37:00,S,,,S,NO,NO,NO,NO,False,,,NO,NO,0,0,23,,0,True,True,True,True,False,2026-05-13,22:37:00,Null,Null,Null + Null
2026-05-13 22:37:00,S,2.0,broadband,S221,NO,NO,YES,NO,True,13778.54,S2,YES,NO,0,0,461,,0,False,False,False,True,False,2026-05-13,22:37:00,2,broadband,2 + broadband
2026-05-13 22:37:00,S,2.0,peotv,S21,YES,NO,NO,NO,True,4860.09,S2,YES,NO,0,0,131,,0,False,True,True,True,False,2026-05-13,22:37:00,2,peotv,2 + peotv
2026-05-13 22:37:00,S,2.0,peotv,S21,NO,NO,NO,NO,True,5673.7,S2,YES,NO,0,0,334,,0,False,False,False,True,False,2026-05-13,22:37:00,2,peotv,2 + peotv
2026-05-13 22:36:00,S,,,S,NO,NO,NO,NO,False,,,NO,NO,0,0,7,,0,True,True,True,True,False,2026-05-13,22:36:00,Null,Null,Null + Null
2026-05-13 22:36:00,S,2.0,peotv,S211,NO,YES,NO,NO,True,4961.65,S2,YES,YES,909,58,1076,,967,False,False,False,False,True,2026-05-13,22:36:00,2,peotv,2 + peotv
2026-05-13 22:36:00,S,2.0,peotv,S21,NO,NO,NO,NO,True,-472.74,S2,YES,NO,0,0,662,,0,False,False,False,False,True,2026-05-13,22:36:00,2,peotv,2 + peotv
2026-05-13 22:36:00,S,,,S,NO,NO,NO,NO,False,,,NO,NO,0,0,69,,0,True,True,True,True,False,2026-05-13,22:36:00,Null,Null,Null + Null
2026-05-13 22:36:00,E,1.0,,MOBITEL_ELty1,NO,NO,NO,NO,False,,E1,YES,YES,417,63,517,,480,False,False,False,False,True,2026-05-13,22:36:00,1,Null,1 + Null
2026-05-13 22:36:00,S,2.0,peotv,S21,NO,NO,NO,NO,True,2212.22,S2,YES,NO,0,0,178,,0,False,True,True,True,False,2026-05-13,22:36:00,2,peotv,2 + peotv
2026-05-13 22:36:00,S,2.0,peotv,S21,NO,NO,NO,NO,True,6921.88,S2,YES,NO,0,0,163,,0,False,True,True,True,False,2026-05-13,22:36:00,2,peotv,2 + peotv
2026-05-13 22:36:00,S,2.0,peotv,S21,NO,NO,NO,NO,True,24039.02,S2,YES,NO,0,0,304,,0,False,False,False,True,False,2026-05-13,22:36:00,2,peotv,2 + peotv
2026-05-13 22:36:00,S,2.0,peotv,S21,NO,YES,NO,NO,True,514.74,S2,YES,NO,0,0,426,,0,False,False,False,True,False,2026-05-13,22:36:00,2,peotv,2 + peotv
2026-05-13 22:36:00,S,,,S,NO,NO,NO,NO,False,,,NO,NO,0,0,27,,0,True,True,True,True,False,2026-05-13,22:36:00,Null,Null,Null + Null
2026-05-13 22:36:00,S,2.0,peotv,S211,NO,YES,NO,NO,True,5921.76,S2,YES,NO,0,0,684,,0,False,False,False,False,True,2026-05-13,22:36:00,2,peotv,2 + peotv
2026-05-13 22:36:00,S,2.0,other,S24,NO,NO,NO,NO,True,14212.61,S2,YES,NO,0,0,519,,0,False,False,False,False,True,2026-05-13,22:36:00,2,other,2 + other
2026-05-13 22:36:00,S,,,S,NO,NO,NO,NO,False,,,NO,NO,0,0,34,,0,True,True,True,True,False,2026-05-13,22:36:00,Null,Null,Null + Null
2026-05-13 22:36:00,S,2.0,peotv,S21,NO,NO,NO,NO,True,4623.81,S2,YES,NO,0,0,119,,0,False,True,True,True,False,2026-05-13,22:36:00,2,peotv,2 + peotv
2026-05-13 22:36:00,S,4.0,extragb,S41121,NO,NO,NO,YES,True,0.0,S41,NO,NO,0,0,60,,0,True,True,True,True,False,2026-05-13,22:36:00,4,extragb,4 + extragb
2026-05-13 22:36:00,S,3.0,,S3,NO,NO,NO,NO,True,221.23,S3,NO,NO,0,0,81,,0,True,True,True,True,False,2026-05-13,22:36:00,3,Null,3 + Null
2026-05-13 22:36:00,S,4.0,extragb,S4111,NO,NO,NO,YES,True,12489.07,S41,NO,NO,0,0,39,,0,True,True,True,True,False,2026-05-13,22:36:00,4,extragb,4 + extragb
2026-05-13 22:36:00,S,2.0,other,S24,NO,NO,NO,NO,True,1596.7,S2,YES,YES,950,307,1342,,1257,False,False,False,False,True,2026-05-13,22:36:00,2,other,2 + other
2026-05-13 22:36:00,S,,,S,NO,NO,NO,NO,False,,,NO,NO,0,0,26,,0,True,True,True,True,False,2026-05-13,22:36:00,Null,Null,Null + Null
2026-05-13 22:36:00,S,2.0,peotv,S21,NO,NO,NO,NO,True,2658.8,S2,YES,YES,917,104,1115,,1021,False,False,False,False,True,2026-05-13,22:36:00,2,peotv,2 + peotv
2026-05-13 22:36:00,S,,,S,NO,NO,NO,NO,False,,,NO,NO,0,0,41,,0,True,True,True,True,False,2026-05-13,22:36:00,Null,Null,Null + Null
2026-05-13 22:36:00,S,4.0,extragb,S4111,NO,NO,NO,NO,True,10403.72,S41,NO,NO,0,0,98,,0,True,True,True,True,False,2026-05-13,22:36:00,4,extragb,4 + extragb
2026-05-13 22:36:00,S,2.0,peotv,S21,NO,NO,NO,NO,True,2024.97,S2,YES,NO,0,0,114,,0,False,True,True,True,False,2026-05-13,22:36:00,2,peotv,2 + peotv
2026-05-13 22:36:00,S,,,S,NO,NO,NO,NO,False,,,NO,NO,0,0,51,,0,True,True,True,True,False,2026-05-13,22:36:00,Null,Null,Null + Null
2026-05-13 22:36:00,S,,,S,NO,NO,NO,NO,False,,,NO,NO,0,0,46,,0,True,True,True,True,False,2026-05-13,22:36:00,Null,Null,Null + Null
2026-05-13 22:36:00,S,3.0,,S3,NO,NO,NO,NO,True,-19.5,S3,NO,NO,0,0,76,,0,True,True,True,True,False,2026-05-13,22:36:00,3,Null,3 + Null
2026-05-13 22:36:00,S,3.0,,S3,NO,NO,NO,NO,True,8944.07,S3,NO,NO,0,0,96,,0,True,True,True,True,False,2026-05-13,22:36:00,3,Null,3 + Null
2026-05-13 22:36:00,S,3.0,,S3,NO,NO,NO,NO,True,11930.25,S3,NO,NO,0,0,52,,0,True,True,True,True,False,2026-05-13,22:36:00,3,Null,3 + Null
2026-05-13 22:36:00,S,2.0,peotv,S21,NO,NO,NO,NO,True,6393.92,S2,YES,YES,914,152,1152,,1066,False,False,False,False,True,2026-05-13,22:36:00,2,peotv,2 + peotv
2026-05-13 22:36:00,S,2.0,peotv,S21,NO,YES,NO,NO,True,848.2,S2,YES,NO,0,0,371,,0,False,False,False,True,False,2026-05-13,22:36:00,2,peotv,2 + peotv
2026-05-13 22:36:00,S,,,S,NO,NO,NO,NO,False,,,NO,NO,0,0,24,,0,True,True,True,True,False,2026-05-13,22:36:00,Null,Null,Null + Null
2026-05-13 22:36:00,S,,,S,NO,NO,NO,NO,False,,,NO,NO,0,0,22,,0,True,True,True,True,False,2026-05-13,22:36:00,Null,Null,Null + Null
2026-05-13 22:36:00,S,3.0,,S3,NO,NO,NO,NO,True,4558.9,S3,NO,NO,0,0,125,,0,False,True,True,True,False,2026-05-13,22:36:00,3,Null,3 + Null
2026-05-13 22:36:00,S,,,S,NO,NO,NO,NO,False,,,NO,NO,0,0,28,,0,True,True,True,True,False,2026-05-13,22:36:00,Null,Null,Null + Null
2026-05-13 22:35:00,S,2.0,peotv,S21,NO,NO,NO,NO,True,-297.82,S2,YES,NO,0,0,236,,0,False,False,True,True,False,2026-05-13,22:35:00,2,peotv,2 + peotv
2026-05-13 22:35:00,S,,,S,NO,NO,NO,NO,False,,,NO,NO,0,0,70,,0,True,True,True,True,False,2026-05-13,22:35:00,Null,Null,Null + Null
2026-05-13 22:35:00,S,2.0,peotv,S21,NO,NO,NO,NO,True,-0.18,S2,YES,NO,0,0,404,,0,False,False,False,True,False,2026-05-13,22:35:00,2,peotv,2 + peotv
2026-05-13 22:35:00,S,3.0,,S3,NO,NO,NO,NO,True,9102.58,S3,YES,NO,0,0,426,,0,False,False,False,True,False,2026-05-13,22:35:00,3,Null,3 + Null
2026-05-13 22:35:00,S,3.0,,S3,NO,NO,NO,NO,True,0.0,S3,YES,NO,0,0,221,,0,False,False,True,True,False,2026-05-13,22:35:00,3,Null,3 + Null
2026-05-13 22:35:00,S,7.0,,S7,NO,NO,NO,NO,True,-762.45,S7,YES,NO,0,0,901,,0,False,False,False,False,True,2026-05-13,22:35:00,7,Null,7 + Null
2026-05-13 22:35:00,S,7.0,,S7,NO,NO,NO,NO,True,8005.7,S7,YES,YES,867,40,987,,907,False,False,False,False,True,2026-05-13,22:35:00,7,Null,7 + Null
2026-05-13 22:35:00,S,1.0,,S1,NO,NO,NO,NO,True,6309.25,S1,YES,NO,0,0,151,,0,False,True,True,True,False,2026-05-13,22:35:00,1,Null,1 + Null
2026-05-13 22:35:00,S,,,S,NO,NO,NO,NO,False,,,NO,NO,0,0,34,,0,True,True,True,True,False,2026-05-13,22:35:00,Null,Null,Null + Null
2026-05-13 22:35:00,S,2.0,peotv,S21,YES,NO,NO,NO,True,4382.3,S2,YES,NO,0,0,544,,0,False,False,False,False,True,2026-05-13,22:35:00,2,peotv,2 + peotv
2026-05-13 22:35:00,S,3.0,,S3,NO,NO,NO,NO,True,10282.65,S3,YES,YES,904,85,1086,,989,False,False,False,False,True,2026-05-13,22:35:00,3,Null,3 + Null
2026-05-13 22:35:00,S,3.0,,S3,NO,NO,NO,NO,True,19568.83,S3,YES,NO,0,0,179,,0,False,True,True,True,False,2026-05-13,22:35:00,3,Null,3 + Null
2026-05-13 22:35:00,S,2.0,voice,S23,NO,NO,NO,NO,True,4102.13,S2,NO,NO,0,0,126,,0,False,True,True,True,False,2026-05-13,22:35:00,2,voice,2 + voice
2026-05-13 22:35:00,S,2.0,peotv,S211,NO,YES,NO,NO,True,5039.0,S2,YES,NO,0,0,803,,0,False,False,False,False,True,2026-05-13,22:35:00,2,peotv,2 + peotv
2026-05-13 22:35:00,S,2.0,peotv,S211,NO,YES,NO,NO,True,8224.76,S2,YES,NO,0,0,223,,0,False,False,True,True,False,2026-05-13,22:35:00,2,peotv,2 + peotv
2026-05-13 22:35:00,S,2.0,other,S24,NO,NO,NO,NO,True,12771.02,S2,YES,NO,0,0,645,,0,False,False,False,False,True,2026-05-13,22:35:00,2,other,2 + other
2026-05-13 22:35:00,S,2.0,peotv,S21,NO,NO,NO,NO,True,7860.78,S2,YES,YES,889,48,1013,,937,False,False,False,False,True,2026-05-13,22:35:00,2,peotv,2 + peotv
2026-05-13 22:35:00,S,2.0,peotv,S21,NO,NO,NO,NO,True,3084.63,S2,YES,NO,0,0,264,,0,False,False,True,True,False,2026-05-13,22:35:00,2,peotv,2 + peotv
2026-05-13 22:35:00,S,2.0,voice,S23,NO,NO,NO,NO,True,2063.16,S2,YES,NO,0,0,353,,0,False,False,False,True,False,2026-05-13,22:35:00,2,voice,2 + voice
2026-05-13 22:35:00,S,2.0,peotv,S21,NO,NO,NO,NO,True,-2618.6,S2,YES,NO,0,0,252,,0,False,False,True,True,False,2026-05-13,22:35:00,2,peotv,2 + peotv
2026-05-13 22:35:00,S,7.0,,S7,NO,NO,NO,NO,True,10424.36,S7,YES,NO,0,0,266,,0,False,False,True,True,False,2026-05-13,22:35:00,7,Null,7 + Null
2026-05-13 22:35:00,S,,,S,NO,NO,NO,NO,False,,,NO,NO,0,0,23,,0,True,True,True,True,False,2026-05-13,22:35:00,Null,Null,Null + Null
2026-05-13 22:35:00,S,2.0,peotv,S21,NO,YES,NO,NO,True,518.52,S2,YES,NO,0,0,427,,0,False,False,False,True,False,2026-05-13,22:35:00,2,peotv,2 + peotv
2026-05-13 22:35:00,S,2.0,voice,S23,NO,NO,NO,NO,True,5921.54,S2,YES,NO,0,0,404,,0,False,False,False,True,False,2026-05-13,22:35:00,2,voice,2 + voice
2026-05-13 22:35:00,S,3.0,,S3,NO,NO,NO,NO,True,8848.64,S3,YES,NO,0,0,759,,0,False,False,False,False,True,2026-05-13,22:35:00,3,Null,3 + Null
2026-05-13 22:35:00,S,,,S,NO,NO,NO,NO,False,,,NO,NO,0,0,6,,0,True,True,True,True,False,2026-05-13,22:35:00,Null,Null,Null + Null
2026-05-13 22:35:00,S,2.0,peotv,S211,NO,YES,NO,NO,True,10366.44,S2,YES,NO,0,0,185,,0,False,True,True,True,False,2026-05-13,22:35:00,2,peotv,2 + peotv
2026-05-13 22:35:00,E,4.0,extragb,E4112,NO,NO,NO,NO,True,2679.23,E41,NO,NO,0,0,57,,0,True,True,True,True,False,2026-05-13,22:35:00,4,extragb,4 + extragb
2026-05-13 22:35:00,S,1.0,,S1,NO,NO,NO,NO,True,6174.81,S1,YES,NO,0,0,221,,0,False,False,True,True,False,2026-05-13,22:35:00,1,Null,1 + Null
2026-05-13 22:35:00,S,3.0,,S3,NO,NO,NO,NO,True,7622.99,S3,NO,NO,0,0,74,,0,True,True,True,True,False,2026-05-13,22:35:00,3,Null,3 + Null
2026-05-13 22:35:00,T,,,T,NO,NO,NO,NO,False,,,NO,NO,0,0,30,,0,True,True,True,True,False,2026-05-13,22:35:00,Null,Null,Null + Null
2026-05-13 22:35:00,S,4.0,extragb,S4111,NO,NO,NO,YES,True,5927.37,S41,NO,NO,0,0,28,,0,True,True,True,True,False,2026-05-13,22:35:00,4,extragb,4 + extragb
2026-05-13 22:35:00,S,3.0,,S3,NO,NO,NO,NO,True,43.09,S3,NO,NO,0,0,66,,0,True,True,True,True,False,2026-05-13,22:35:00,3,Null,3 + Null
2026-05-13 22:35:00,S,2.0,peotv,S211,NO,YES,NO,NO,True,5711.8,S2,YES,NO,0,0,243,,0,False,False,True,True,False,2026-05-13,22:35:00,2,peotv,2 + peotv
2026-05-13 22:35:00,S,1.0,,SLty1,NO,NO,NO,NO,False,,S1,YES,YES,915,25,995,,940,False,False,False,False,True,2026-05-13,22:35:00,1,Null,1 + Null
2026-05-13 22:35:00,S,2.0,peotv,S211,NO,YES,NO,NO,True,2715.09,S2,YES,NO,0,0,300,,0,False,False,False,True,False,2026-05-13,22:35:00,2,peotv,2 + peotv
2026-05-13 22:35:00,S,4.0,extragb,S41121,NO,NO,NO,YES,True,15778.05,S41,NO,NO,0,0,132,,0,False,True,True,True,False,2026-05-13,22:35:00,4,extragb,4 + extragb
2026-05-13 22:35:00,S,3.0,,S3,NO,NO,NO,NO,True,2185.89,S3,YES,YES,948,274,1287,,1222,False,False,False,False,True,2026-05-13,22:35:00,3,Null,3 + Null
2026-05-13 22:35:00,S,3.0,,S3,NO,NO,NO,NO,True,9584.03,S3,YES,NO,0,0,404,,0,False,False,False,True,False,2026-05-13,22:35:00,3,Null,3 + Null
2026-05-13 22:34:00,S,,,S,NO,NO,NO,NO,False,,,NO,NO,0,0,23,,0,True,True,True,True,False,2026-05-13,22:34:00,Null,Null,Null + Null
2026-05-13 22:34:00,S,2.0,peotv,S21,NO,NO,NO,NO,True,14517.54,S2,YES,NO,0,0,891,,0,False,False,False,False,True,2026-05-13,22:34:00,2,peotv,2 + peotv
2026-05-13 22:34:00,S,,,S,NO,NO,NO,NO,False,,,NO,NO,0,0,25,,0,True,True,True,True,False,2026-05-13,22:34:00,Null,Null,Null + Null
2026-05-13 22:34:00,S,3.0,,S3,NO,NO,NO,NO,True,18330.69,S3,YES,NO,0,0,635,,0,False,False,False,False,True,2026-05-13,22:34:00,3,Null,3 + Null
2026-05-13 22:34:00,S,3.0,,S3,NO,NO,NO,NO,True,3015.28,S3,YES,NO,0,0,518,,0,False,False,False,False,True,2026-05-13,22:34:00,3,Null,3 + Null
2026-05-13 22:34:00,S,2.0,peotv,S21,YES,NO,NO,NO,True,3447.81,S2,YES,YES,960,190,1253,,1150,False,False,False,False,True,2026-05-13,22:34:00,2,peotv,2 + peotv
2026-05-13 22:34:00,S,2.0,peotv,S21,NO,NO,NO,NO,True,8348.24,S2,YES,YES,906,102,1104,,1008,False,False,False,False,True,2026-05-13,22:34:00,2,peotv,2 + peotv
2026-05-13 22:34:00,S,2.0,voice,S23,NO,NO,NO,NO,True,6454.34,S2,YES,NO,0,0,350,,0,False,False,False,True,False,2026-05-13,22:34:00,2,voice,2 + voice
2026-05-13 22:34:00,S,2.0,peotv,S211,NO,YES,NO,NO,True,11604.24,S2,YES,YES,928,117,1160,,1045,False,False,False,False,True,2026-05-13,22:34:00,2,peotv,2 + peotv
2026-05-13 22:34:00,S,7.0,,S7,NO,NO,NO,NO,True,-109.55,S7,YES,YES,901,41,1027,,942,False,False,False,False,True,2026-05-13,22:34:00,7,Null,7 + Null
2026-05-13 22:34:00,S,7.0,,S7,NO,NO,NO,NO,True,-96.08,S7,YES,NO,0,0,160,,0,False,True,True,True,False,2026-05-13,22:34:00,7,Null,7 + Null
2026-05-13 22:34:00,S,1.0,,SLty1,NO,NO,NO,NO,False,,S1,YES,NO,0,0,241,,0,False,False,True,True,False,2026-05-13,22:34:00,1,Null,1 + Null
2026-05-13 22:34:00,S,7.0,,S,NO,NO,NO,NO,False,,S_LTY,YES,YES,28,175,246,,203,False,False,True,True,False,2026-05-13,22:34:00,7,Null,7 + Null
2026-05-13 22:34:00,S,4.0,extragb,S4111,NO,NO,NO,YES,True,6358.69,S41,NO,NO,0,0,89,,0,True,True,True,True,False,2026-05-13,22:34:00,4,extragb,4 + extragb
2026-05-13 22:34:00,S,3.0,,S3,NO,NO,NO,NO,True,4687.08,S3,YES,YES,914,40,1025,,954,False,False,False,False,True,2026-05-13,22:34:00,3,Null,3 + Null
2026-05-13 22:34:00,E,2.0,broadband,E222,NO,NO,YES,NO,True,9667.41,E2,YES,NO,0,0,226,,0,False,False,True,True,False,2026-05-13,22:34:00,2,broadband,2 + broadband
2026-05-13 22:34:00,S,3.0,,S3,NO,NO,NO,NO,True,6263.91,S3,NO,NO,0,0,81,,0,True,True,True,True,False,2026-05-13,22:34:00,3,Null,3 + Null
2026-05-13 22:34:00,T,2.0,peotv,T21,NO,NO,NO,NO,True,5825.54,T2,YES,NO,0,0,372,,0,False,False,False,True,False,2026-05-13,22:34:00,2,peotv,2 + peotv
2026-05-13 22:34:00,S,2.0,peotv,S21,NO,NO,NO,NO,True,20972.45,S2,YES,NO,0,0,453,,0,False,False,False,True,False,2026-05-13,22:34:00,2,peotv,2 + peotv
2026-05-13 22:34:00,S,2.0,broadband,S22,NO,NO,NO,NO,True,-0.55,S2,YES,NO,0,0,210,,0,False,False,True,True,False,2026-05-13,22:34:00,2,broadband,2 + broadband
2026-05-13 22:34:00,S,,,S,NO,NO,NO,NO,False,,,NO,NO,0,0,34,,0,True,True,True,True,False,2026-05-13,22:34:00,Null,Null,Null + Null
2026-05-13 22:34:00,S,2.0,peotv,S21,NO,NO,NO,NO,True,10457.1,S2,YES,NO,0,0,649,,0,False,False,False,False,True,2026-05-13,22:34:00,2,peotv,2 + peotv
2026-05-13 22:34:00,S,4.0,,S41,NO,NO,NO,NO,True,4143.03,S41,NO,NO,0,0,17,,0,True,True,True,True,False,2026-05-13,22:34:00,4,Null,4 + Null
2026-05-13 22:34:00,S,4.0,extragb,S41t,NO,NO,NO,NO,True,-77.35,S41,YES,NO,0,0,415,,0,False,False,False,True,False,2026-05-13,22:34:00,4,extragb,4 + extragb
2026-05-13 22:34:00,S,2.0,voice,S23,NO,NO,NO,NO,True,-389.81,S2,YES,NO,0,0,217,,0,False,False,True,True,False,2026-05-13,22:34:00,2,voice,2 + voice
2026-05-13 22:34:00,S,3.0,,S3,NO,NO,NO,NO,True,10348.39,S3,YES,NO,0,0,987,,0,False,False,False,False,True,2026-05-13,22:34:00,3,Null,3 + Null
2026-05-13 22:34:00,S,,,S,NO,NO,NO,NO,False,,,NO,NO,0,0,26,,0,True,True,True,True,False,2026-05-13,22:34:00,Null,Null,Null + Null
2026-05-13 22:34:00,S,4.0,extragb,S4111,NO,NO,NO,NO,True,12456.18,S41,NO,NO,0,0,98,,0,True,True,True,True,False,2026-05-13,22:34:00,4,extragb,4 + extragb
2026-05-13 22:34:00,S,2.0,peotv,S21,NO,NO,NO,NO,True,2801.58,S2,YES,YES,913,77,1053,,990,False,False,False,False,True,2026-05-13,22:34:00,2,peotv,2 + peotv
2026-05-13 22:34:00,S,,,S,NO,NO,NO,NO,False,,,NO,NO,0,0,24,,0,True,True,True,True,False,2026-05-13,22:34:00,Null,Null,Null + Null
2026-05-13 22:34:00,S,2.0,peotv,S21,NO,NO,NO,NO,True,-41.84,S2,YES,NO,0,0,504,,0,False,False,False,False,True,2026-05-13,22:34:00,2,peotv,2 + peotv
2026-05-13 22:34:00,S,7.0,,S7,NO,NO,NO,NO,True,-3257.25,S7,YES,NO,0,0,109,,0,False,True,True,True,False,2026-05-13,22:34:00,7,Null,7 + Null
2026-05-13 22:34:00,S,7.0,,S7,NO,NO,NO,NO,False,,S7,YES,NO,0,0,699,,0,False,False,False,False,True,2026-05-13,22:34:00,7,Null,7 + Null
2026-05-13 22:34:00,S,7.0,,S7,NO,NO,NO,NO,True,3640.18,S7,YES,NO,0,0,300,,0,False,False,False,True,False,2026-05-13,22:34:00,7,Null,7 + Null
2026-05-13 22:34:00,S,,,S,NO,NO,NO,NO,False,,,NO,NO,0,0,37,,0,True,True,True,True,False,2026-05-13,22:34:00,Null,Null,Null + Null
2026-05-13 22:33:00,S,2.0,peotv,S211,NO,YES,NO,NO,True,2998.26,S2,YES,YES,887,46,1004,,933,False,False,False,False,True,2026-05-13,22:33:00,2,peotv,2 + peotv
2026-05-13 22:33:00,T,,,T,NO,NO,NO,NO,False,,,NO,NO,0,0,50,,0,True,True,True,True,False,2026-05-13,22:33:00,Null,Null,Null + Null
2026-05-13 22:33:00,S,4.0,extragb,S4111,NO,NO,NO,YES,True,27601.54,S41,NO,NO,0,0,106,,0,False,True,True,True,False,2026-05-13,22:33:00,4,extragb,4 + extragb
2026-05-13 22:33:00,S,7.0,,S7,NO,NO,NO,NO,True,4485.09,S7,YES,YES,891,46,997,,937,False,False,False,False,True,2026-05-13,22:33:00,7,Null,7 + Null
2026-05-13 22:33:00,S,4.0,extragb,S4111,NO,NO,NO,YES,True,0.0,S41,NO,NO,0,0,90,,0,True,True,True,True,False,2026-05-13,22:33:00,4,extragb,4 + extragb
2026-05-13 22:33:00,S,2.0,peotv,S21,NO,YES,NO,NO,True,405.61,S2,YES,YES,923,102,1186,,1025,False,False,False,False,True,2026-05-13,22:33:00,2,peotv,2 + peotv
2026-05-13 22:33:00,S,5.0,tele_rainbow,S53,NO,NO,NO,NO,True,10384.32,S53,YES,NO,0,0,534,,0,False,False,False,False,True,2026-05-13,22:33:00,5,tele_rainbow,5 + tele_rainbow
2026-05-13 22:33:00,S,,,S,NO,NO,NO,NO,False,,,NO,NO,0,0,24,,0,True,True,True,True,False,2026-05-13,22:33:00,Null,Null,Null + Null
2026-05-13 22:33:00,S,,,S,NO,NO,NO,NO,False,,,NO,NO,0,0,21,,0,True,True,True,True,False,2026-05-13,22:33:00,Null,Null,Null + Null
2026-05-13 22:33:00,S,1.0,,S1,NO,NO,NO,NO,True,7244.42,S1,YES,NO,0,0,275,,0,False,False,True,True,False,2026-05-13,22:33:00,1,Null,1 + Null
2026-05-13 22:33:00,S,,,S,NO,NO,NO,NO,False,,,NO,NO,0,0,26,,0,True,True,True,True,False,2026-05-13,22:33:00,Null,Null,Null + Null
2026-05-13 22:33:00,S,,,S,NO,NO,NO,NO,False,,,NO,NO,0,0,34,,0,True,True,True,True,False,2026-05-13,22:33:00,Null,Null,Null + Null
2026-05-13 22:33:00,S,2.0,peotv,S21,NO,NO,NO,NO,True,2052.99,S2,YES,NO,0,0,227,,0,False,False,True,True,False,2026-05-13,22:33:00,2,peotv,2 + peotv
2026-05-13 22:33:00,S,2.0,peotv,S21,NO,YES,NO,NO,True,-51.16,S2,YES,YES,913,46,995,,959,False,False,False,False,True,2026-05-13,22:33:00,2,peotv,2 + peotv
2026-05-13 22:33:00,E,3.0,,E3,NO,NO,NO,NO,True,-81.37,E3,YES,NO,0,0,351,,0,False,False,False,True,False,2026-05-13,22:33:00,3,Null,3 + Null
2026-05-13 22:33:00,S,7.0,,S7,NO,NO,NO,NO,True,11458.5,S7,YES,YES,1042,370,1513,,1412,False,False,False,False,True,2026-05-13,22:33:00,7,Null,7 + Null
2026-05-13 22:33:00,S,3.0,,S3,NO,NO,NO,NO,True,15408.82,S3,NO,NO,0,0,61,,0,True,True,True,True,False,2026-05-13,22:33:00,3,Null,3 + Null
2026-05-13 22:33:00,S,,,S,NO,NO,NO,NO,False,,,NO,NO,0,0,27,,0,True,True,True,True,False,2026-05-13,22:33:00,Null,Null,Null + Null
2026-05-13 22:33:00,S,3.0,,S3,NO,NO,NO,NO,True,3822.81,S3,NO,NO,0,0,144,,0,False,True,True,True,False,2026-05-13,22:33:00,3,Null,3 + Null
2026-05-13 22:33:00,S,,,S,NO,NO,NO,NO,False,,,NO,NO,0,0,54,,0,True,True,True,True,False,2026-05-13,22:33:00,Null,Null,Null + Null
2026-05-13 22:33:00,S,2.0,broadband,S221,NO,YES,NO,NO,True,11002.36,S2,YES,NO,0,0,284,,0,False,False,True,True,False,2026-05-13,22:33:00,2,broadband,2 + broadband
2026-05-13 22:33:00,S,7.0,,MOBITEL_S7,NO,NO,NO,NO,True,3021.8,S7,YES,NO,0,0,428,,0,False,False,False,True,False,2026-05-13,22:33:00,7,Null,7 + Null
2026-05-13 22:33:00,S,2.0,peotv,S21,NO,YES,NO,NO,True,-6.46,S2,YES,NO,0,0,165,,0,False,True,True,True,False,2026-05-13,22:33:00,2,peotv,2 + peotv
2026-05-13 22:33:00,S,2.0,voice,S23,NO,NO,NO,NO,True,0.0,S2,NO,NO,0,0,155,,0,False,True,True,True,False,2026-05-13,22:33:00,2,voice,2 + voice
2026-05-13 22:33:00,S,2.0,peotv,S21,NO,NO,NO,NO,True,15772.86,S2,YES,NO,0,0,619,,0,False,False,False,False,True,2026-05-13,22:33:00,2,peotv,2 + peotv
2026-05-13 22:33:00,S,1.0,,S1,NO,NO,NO,NO,True,3464.74,S1,YES,NO,0,0,194,,0,False,True,True,True,False,2026-05-13,22:33:00,1,Null,1 + Null
2026-05-13 22:33:00,S,2.0,peotv,S21,NO,NO,NO,NO,True,6386.17,S2,YES,NO,0,0,118,,0,False,True,True,True,False,2026-05-13,22:33:00,2,peotv,2 + peotv
2026-05-13 22:33:00,S,1.0,,MOBITEL_SLty1,NO,NO,NO,NO,False,,S1,YES,NO,0,0,491,,0,False,False,False,True,False,2026-05-13,22:33:00,1,Null,1 + Null
2026-05-13 22:33:00,S,7.0,,S7,NO,NO,NO,NO,False,,S7,YES,YES,967,71,1158,,1038,False,False,False,False,True,2026-05-13,22:33:00,7,Null,7 + Null
2026-05-13 22:33:00,T,1.0,,TLty1,NO,NO,NO,NO,False,,T1,YES,YES,450,220,710,,670,False,False,False,False,True,2026-05-13,22:33:00,1,Null,1 + Null
2026-05-13 22:33:00,S,2.0,peotv,S21,NO,NO,NO,NO,True,15143.3,S2,YES,NO,0,0,379,,0,False,False,False,True,False,2026-05-13,22:33:00,2,peotv,2 + peotv
2026-05-13 22:33:00,S,3.0,,S3,NO,NO,NO,NO,True,-96.27,S3,YES,NO,0,0,361,,0,False,False,False,True,False,2026-05-13,22:33:00,3,Null,3 + Null
2026-05-13 22:33:00,S,2.0,peotv,S21,NO,YES,NO,NO,True,-37.58,S2,YES,NO,0,0,215,,0,False,False,True,True,False,2026-05-13,22:33:00,2,peotv,2 + peotv
2026-05-13 22:32:00,S,2.0,peotv,S21,NO,NO,NO,NO,True,3658.32,S2,YES,NO,0,0,375,,0,False,False,False,True,False,2026-05-13,22:32:00,2,peotv,2 + peotv
2026-05-13 22:32:00,S,3.0,,S3,NO,NO,NO,NO,True,-244.87,S3,YES,YES,1021,170,1285,,1191,False,False,False,False,True,2026-05-13,22:32:00,3,Null,3 + Null
2026-05-13 22:32:00,S,2.0,peotv,S21,NO,NO,NO,NO,True,10859.15,S2,YES,NO,0,0,472,,0,False,False,False,True,False,2026-05-13,22:32:00,2,peotv,2 + peotv
2026-05-13 22:32:00,T,2.0,peotv,T21,NO,NO,NO,NO,True,677.49,T2,YES,YES,325,207,712,,532,False,False,False,False,True,2026-05-13,22:32:00,2,peotv,2 + peotv
2026-05-13 22:32:00,S,2.0,peotv,S21,NO,NO,NO,NO,True,4708.38,S2,YES,NO,0,0,180,,0,False,True,True,True,False,2026-05-13,22:32:00,2,peotv,2 + peotv
2026-05-13 22:32:00,S,1.0,,S1,NO,NO,NO,NO,True,2895.6,S1,YES,YES,939,164,1171,,1103,False,False,False,False,True,2026-05-13,22:32:00,1,Null,1 + Null
2026-05-13 22:32:00,S,,,S,NO,NO,NO,NO,False,,,NO,NO,0,0,25,,0,True,True,True,True,False,2026-05-13,22:32:00,Null,Null,Null + Null
2026-05-13 22:32:00,S,7.0,,S7,NO,NO,NO,NO,True,3237.54,S7,YES,NO,0,0,834,,0,False,False,False,False,True,2026-05-13,22:32:00,7,Null,7 + Null
2026-05-13 22:32:00,S,,,S,NO,NO,NO,NO,False,,,NO,NO,0,0,23,,0,True,True,True,True,False,2026-05-13,22:32:00,Null,Null,Null + Null
2026-05-13 22:32:00,S,3.0,,S3,NO,NO,NO,NO,True,3191.57,S3,YES,NO,0,0,395,,0,False,False,False,True,False,2026-05-13,22:32:00,3,Null,3 + Null
2026-05-13 22:32:00,S,7.0,,S7,NO,NO,NO,NO,True,2019.64,S7,YES,NO,0,0,906,,0,False,False,False,False,True,2026-05-13,22:32:00,7,Null,7 + Null
2026-05-13 22:32:00,S,3.0,,S3,NO,NO,NO,NO,True,7368.83,S3,YES,NO,0,0,146,,0,False,True,True,True,False,2026-05-13,22:32:00,3,Null,3 + Null
2026-05-13 22:32:00,S,2.0,peotv,S211,NO,YES,NO,NO,True,10092.3,S2,YES,NO,0,0,535,,0,False,False,False,False,True,2026-05-13,22:32:00,2,peotv,2 + peotv
2026-05-13 22:32:00,S,,,S,NO,NO,NO,NO,False,,,NO,NO,0,0,26,,0,True,True,True,True,False,2026-05-13,22:32:00,Null,Null,Null + Null
2026-05-13 22:32:00,S,7.0,,S7,NO,NO,NO,NO,True,5833.34,S7,YES,YES,923,44,1069,,967,False,False,False,False,True,2026-05-13,22:32:00,7,Null,7 + Null
2026-05-13 22:32:00,S,2.0,peotv,S21,NO,NO,NO,NO,True,5657.89,S2,YES,NO,0,0,700,,0,False,False,False,False,True,2026-05-13,22:32:00,2,peotv,2 + peotv
2026-05-13 22:32:00,S,2.0,peotv,S21,NO,NO,NO,NO,True,-4.29,S2,YES,NO,0,0,365,,0,False,False,False,True,False,2026-05-13,22:32:00,2,peotv,2 + peotv
2026-05-13 22:32:00,S,7.0,,S7,NO,NO,NO,NO,True,2648.64,S7,YES,NO,0,0,499,,0,False,False,False,True,False,2026-05-13,22:32:00,7,Null,7 + Null
2026-05-13 22:32:00,S,7.0,,S7,NO,NO,NO,NO,True,-466.57,S7,YES,NO,0,0,547,,0,False,False,False,False,True,2026-05-13,22:32:00,7,Null,7 + Null
2026-05-13 22:32:00,S,3.0,,S3,NO,NO,NO,NO,True,-135.85,S3,NO,NO,0,0,80,,0,True,True,True,True,False,2026-05-13,22:32:00,3,Null,3 + Null
2026-05-13 22:32:00,S,1.0,,SLty1,NO,NO,NO,NO,False,,S1,YES,YES,919,15,978,,934,False,False,False,False,True,2026-05-13,22:32:00,1,Null,1 + Null
2026-05-13 22:32:00,S,2.0,voice,S23,NO,NO,NO,NO,True,1153.07,S2,YES,NO,0,0,289,,0,False,False,True,True,False,2026-05-13,22:32:00,2,voice,2 + voice
2026-05-13 22:32:00,S,2.0,peotv,S21,NO,NO,NO,NO,True,5530.08,S2,YES,NO,0,0,107,,0,False,True,True,True,False,2026-05-13,22:32:00,2,peotv,2 + peotv
2026-05-13 22:32:00,S,3.0,,S3,NO,NO,NO,NO,True,19568.83,S3,NO,NO,0,0,69,,0,True,True,True,True,False,2026-05-13,22:32:00,3,Null,3 + Null
2026-05-13 22:32:00,S,2.0,other,S2t,NO,NO,NO,NO,True,6301.22,S2,YES,NO,0,0,302,,0,False,False,False,True,False,2026-05-13,22:32:00,2,other,2 + other
2026-05-13 22:32:00,S,2.0,peotv,S211,NO,YES,NO,NO,True,3608.46,S2,YES,NO,0,0,448,,0,False,False,False,True,False,2026-05-13,22:32:00,2,peotv,2 + peotv
2026-05-13 22:32:00,S,1.0,,MOBITEL_SLty1,NO,NO,NO,NO,False,,S1,YES,NO,0,0,416,,0,False,False,False,True,False,2026-05-13,22:32:00,1,Null,1 + Null
2026-05-13 22:32:00,S,,,S,NO,NO,NO,NO,False,,,NO,NO,0,0,452,,0,False,False,False,True,False,2026-05-13,22:32:00,Null,Null,Null + Null
2026-05-13 22:32:00,S,,,S,NO,NO,NO,NO,False,,,NO,NO,0,0,33,,0,True,True,True,True,False,2026-05-13,22:32:00,Null,Null,Null + Null
2026-05-13 22:32:00,S,2.0,peotv,S21,NO,NO,NO,NO,True,599.21,S2,YES,YES,960,95,1130,,1055,False,False,False,False,True,2026-05-13,22:32:00,2,peotv,2 + peotv
2026-05-13 22:32:00,S,2.0,peotv,S21,NO,NO,NO,NO,True,5104.91,S2,YES,NO,0,0,103,,0,False,True,True,True,False,2026-05-13,22:32:00,2,peotv,2 + peotv
2026-05-13 22:32:00,S,2.0,peotv,S21,NO,NO,NO,NO,True,2640.81,S2,YES,YES,964,33,1069,,997,False,False,False,False,True,2026-05-13,22:32:00,2,peotv,2 + peotv
2026-05-13 22:32:00,S,,,S,NO,NO,NO,NO,False,,,NO,NO,0,0,28,,0,True,True,True,True,False,2026-05-13,22:32:00,Null,Null,Null + Null
2026-05-13 22:32:00,S,2.0,peotv,S211,NO,YES,NO,NO,True,3890.56,S2,YES,NO,0,0,557,,0,False,False,False,False,True,2026-05-13,22:32:00,2,peotv,2 + peotv
2026-05-13 22:32:00,S,,,S,NO,NO,NO,NO,False,,,NO,NO,0,0,83,,0,True,True,True,True,False,2026-05-13,22:32:00,Null,Null,Null + Null
2026-05-13 22:32:00,S,2.0,peotv,S21,NO,YES,NO,NO,True,8531.47,S2,NO,NO,0,0,73,,0,True,True,True,True,False,2026-05-13,22:32:00,2,peotv,2 + peotv
2026-05-13 22:32:00,S,2.0,peotv,S21,NO,NO,NO,NO,True,6301.09,S2,YES,NO,0,0,187,,0,False,True,True,True,False,2026-05-13,22:32:00,2,peotv,2 + peotv
2026-05-13 22:32:00,S,4.0,,S41,NO,NO,NO,NO,True,-3257.25,S41,NO,NO,0,0,25,,0,True,True,True,True,False,2026-05-13,22:32:00,4,Null,4 + Null
2026-05-13 22:32:00,S,3.0,,S3,NO,NO,NO,NO,True,6711.98,S3,YES,YES,1050,478,1672,,1528,False,False,False,False,True,2026-05-13,22:32:00,3,Null,3 + Null
2026-05-13 22:32:00,S,2.0,peotv,S21,NO,NO,NO,NO,True,13480.21,S2,YES,NO,0,0,239,,0,False,False,True,True,False,2026-05-13,22:32:00,2,peotv,2 + peotv
2026-05-13 22:32:00,S,,,S,NO,NO,NO,NO,False,,,NO,NO,0,0,34,,0,True,True,True,True,False,2026-05-13,22:32:00,Null,Null,Null + Null
2026-05-13 22:32:00,S,3.0,,S3,NO,NO,NO,NO,True,6169.52,S3,NO,NO,0,0,76,,0,True,True,True,True,False,2026-05-13,22:32:00,3,Null,3 + Null
2026-05-13 22:32:00,S,3.0,,S3,NO,NO,NO,NO,True,5865.06,S3,NO,NO,0,0,82,,0,True,True,True,True,False,2026-05-13,22:32:00,3,Null,3 + Null
2026-05-13 22:31:00,S,,,S,NO,NO,NO,NO,False,,,NO,NO,0,0,44,,0,True,True,True,True,False,2026-05-13,22:31:00,Null,Null,Null + Null
2026-05-13 22:31:00,S,,,S,NO,NO,NO,NO,False,,,NO,NO,0,0,43,,0,True,True,True,True,False,2026-05-13,22:31:00,Null,Null,Null + Null
2026-05-13 22:31:00,S,,,S,NO,NO,NO,NO,False,,,NO,NO,0,0,24,,0,True,True,True,True,False,2026-05-13,22:31:00,Null,Null,Null + Null
2026-05-13 22:31:00,S,2.0,broadband,S222,NO,NO,YES,NO,True,0.0,S2,YES,NO,0,0,621,,0,False,False,False,False,True,2026-05-13,22:31:00,2,broadband,2 + broadband
2026-05-13 22:31:00,S,4.0,extragb,S4112,NO,NO,NO,NO,True,10649.44,S41,NO,NO,0,0,53,,0,True,True,True,True,False,2026-05-13,22:31:00,4,extragb,4 + extragb
2026-05-13 22:31:00,S,4.0,extragb,S41t,NO,NO,NO,NO,True,-72.28,S41,YES,NO,0,0,108,,0,False,True,True,True,False,2026-05-13,22:31:00,4,extragb,4 + extragb
2026-05-13 22:31:00,E,7.0,,E7,NO,NO,NO,NO,True,-96.08,E7,YES,NO,0,0,181,,0,False,True,True,True,False,2026-05-13,22:31:00,7,Null,7 + Null
2026-05-13 22:31:00,S,2.0,peotv,S21,NO,NO,NO,NO,True,-124.14,S2,YES,NO,0,0,238,,0,False,False,True,True,False,2026-05-13,22:31:00,2,peotv,2 + peotv
2026-05-13 22:31:00,S,,,S,NO,NO,NO,NO,False,,,NO,NO,0,0,29,,0,True,True,True,True,False,2026-05-13,22:31:00,Null,Null,Null + Null
2026-05-13 22:31:00,S,2.0,broadband,S22,NO,NO,NO,NO,True,6275.85,S2,YES,NO,0,0,258,,0,False,False,True,True,False,2026-05-13,22:31:00,2,broadband,2 + broadband
2026-05-13 22:31:00,S,,,S,NO,NO,NO,NO,False,,,NO,NO,0,0,20,,0,True,True,True,True,False,2026-05-13,22:31:00,Null,Null,Null + Null
2026-05-13 22:31:00,S,3.0,,S3,NO,NO,NO,NO,True,103.79,S3,YES,NO,0,0,129,,0,False,True,True,True,False,2026-05-13,22:31:00,3,Null,3 + Null
2026-05-13 22:31:00,S,3.0,,S3,NO,NO,NO,NO,True,683.7,S3,NO,NO,0,0,58,,0,True,True,True,True,False,2026-05-13,22:31:00,3,Null,3 + Null
2026-05-13 22:31:00,S,,,S,NO,NO,NO,NO,False,,,NO,NO,0,0,34,,0,True,True,True,True,False,2026-05-13,22:31:00,Null,Null,Null + Null
2026-05-13 22:31:00,S,3.0,,S3,NO,NO,NO,NO,True,14671.15,S3,YES,YES,960,30,1073,,990,False,False,False,False,True,2026-05-13,22:31:00,3,Null,3 + Null
2026-05-13 22:31:00,S,2.0,peotv,S21,NO,NO,NO,NO,True,5460.61,S2,YES,YES,960,48,1125,,1008,False,False,False,False,True,2026-05-13,22:31:00,2,peotv,2 + peotv
2026-05-13 22:31:00,S,1.0,,S1,NO,NO,NO,NO,True,-3257.25,S1,YES,NO,0,0,75,,0,True,True,True,True,False,2026-05-13,22:31:00,1,Null,1 + Null
2026-05-13 22:31:00,S,2.0,other,S24,NO,NO,NO,NO,True,7205.9,S2,YES,NO,0,0,585,,0,False,False,False,False,True,2026-05-13,22:31:00,2,other,2 + other
2026-05-13 22:31:00,S,4.0,,S41,NO,NO,NO,NO,True,6174.81,S41,NO,NO,0,0,37,,0,True,True,True,True,False,2026-05-13,22:31:00,4,Null,4 + Null
2026-05-13 22:31:00,S,2.0,peotv,S21,NO,NO,NO,NO,True,10559.06,S2,YES,YES,960,48,1074,,1008,False,False,False,False,True,2026-05-13,22:31:00,2,peotv,2 + peotv
2026-05-13 22:31:00,S,2.0,peotv,S21,NO,NO,NO,NO,True,0.05,S2,YES,NO,0,0,307,,0,False,False,False,True,False,2026-05-13,22:31:00,2,peotv,2 + peotv
2026-05-13 22:31:00,S,2.0,peotv,S21,NO,NO,NO,NO,True,2830.89,S2,YES,NO,0,0,611,,0,False,False,False,False,True,2026-05-13,22:31:00,2,peotv,2 + peotv
2026-05-13 22:31:00,S,2.0,peotv,MOBITEL_S211,NO,YES,NO,NO,True,3865.08,S2,YES,YES,1041,126,1240,,1167,False,False,False,False,True,2026-05-13,22:31:00,2,peotv,2 + peotv
2026-05-13 22:31:00,S,,,S,NO,NO,NO,NO,False,,,NO,NO,0,0,1300,,0,False,False,False,False,True,2026-05-13,22:31:00,Null,Null,Null + Null
2026-05-13 22:31:00,S,2.0,peotv,S21,NO,NO,NO,NO,True,7654.42,S2,YES,NO,0,0,207,,0,False,False,True,True,False,2026-05-13,22:31:00,2,peotv,2 + peotv
2026-05-13 22:31:00,S,4.0,extragb,S4112,NO,NO,NO,NO,True,1770522.97,S41,NO,NO,0,0,57,,0,True,True,True,True,False,2026-05-13,22:31:00,4,extragb,4 + extragb
2026-05-13 22:31:00,S,2.0,peotv,S21,NO,YES,NO,NO,True,-198.78,S2,YES,YES,1042,92,1180,,1134,False,False,False,False,True,2026-05-13,22:31:00,2,peotv,2 + peotv
2026-05-13 22:31:00,S,2.0,peotv,S21,NO,NO,NO,NO,True,221.23,S2,YES,NO,0,0,594,,0,False,False,False,False,True,2026-05-13,22:31:00,2,peotv,2 + peotv
2026-05-13 22:31:00,S,2.0,peotv,S21,NO,NO,NO,NO,True,6399.02,S2,YES,NO,0,0,223,,0,False,False,True,True,False,2026-05-13,22:31:00,2,peotv,2 + peotv
2026-05-13 22:31:00,S,,,S,NO,NO,NO,NO,False,,,NO,NO,0,0,23,,0,True,True,True,True,False,2026-05-13,22:31:00,Null,Null,Null + Null
2026-05-13 22:31:00,S,3.0,,S3,NO,NO,NO,NO,True,19568.83,S3,YES,NO,0,0,273,,0,False,False,True,True,False,2026-05-13,22:31:00,3,Null,3 + Null
2026-05-13 22:31:00,S,,,S,NO,NO,NO,NO,False,,,NO,NO,0,0,31,,0,True,True,True,True,False,2026-05-13,22:31:00,Null,Null,Null + Null
2026-05-13 22:31:00,S,4.0,extragb,S4111,NO,NO,NO,YES,True,4237.07,S41,NO,NO,0,0,51,,0,True,True,True,True,False,2026-05-13,22:31:00,4,extragb,4 + extragb
2026-05-13 22:31:00,S,3.0,,S3,NO,NO,NO,NO,True,3696.53,S3,NO,NO,0,0,91,,0,True,True,True,True,False,2026-05-13,22:31:00,3,Null,3 + Null
2026-05-13 22:31:00,S,,,S,NO,NO,NO,NO,False,,,NO,NO,0,0,27,,0,True,True,True,True,False,2026-05-13,22:31:00,Null,Null,Null + Null
2026-05-13 22:31:00,S,4.0,addon,S412,NO,NO,NO,NO,True,0.0,S41,YES,NO,0,0,357,,0,False,False,False,True,False,2026-05-13,22:31:00,4,addon,4 + addon
2026-05-13 22:31:00,S,2.0,peotv,S211,NO,YES,NO,NO,True,4299.09,S2,YES,YES,1055,83,1213,,1138,False,False,False,False,True,2026-05-13,22:31:00,2,peotv,2 + peotv
2026-05-13 22:31:00,S,2.0,broadband,S222,NO,NO,YES,NO,True,3928.03,S2,YES,NO,0,0,1015,,0,False,False,False,False,True,2026-05-13,22:31:00,2,broadband,2 + broadband
2026-05-13 22:31:00,S,4.0,extragb,S4111,NO,NO,NO,YES,True,3795.36,S41,NO,NO,0,0,83,,0,True,True,True,True,False,2026-05-13,22:31:00,4,extragb,4 + extragb
2026-05-13 22:31:00,S,2.0,peotv,S21,NO,NO,NO,NO,True,3195.9,S2,YES,YES,959,24,1045,,983,False,False,False,False,True,2026-05-13,22:31:00,2,peotv,2 + peotv
2026-05-13 22:31:00,S,3.0,,S3,NO,NO,NO,NO,True,-150.25,S3,NO,NO,0,0,103,,0,False,True,True,True,False,2026-05-13,22:31:00,3,Null,3 + Null
2026-05-13 22:31:00,S,3.0,,S3,NO,NO,NO,NO,True,5055.42,S3,YES,NO,0,0,399,,0,False,False,False,True,False,2026-05-13,22:31:00,3,Null,3 + Null
2026-05-13 22:31:00,S,2.0,peotv,S211,NO,YES,NO,NO,True,6051.74,S2,YES,NO,0,0,910,,0,False,False,False,False,True,2026-05-13,22:31:00,2,peotv,2 + peotv
2026-05-13 22:31:00,S,,,S,NO,NO,NO,NO,True,10424.36,ING_SINHALA,YES,NO,0,0,30,,0,True,True,True,True,False,2026-05-13,22:31:00,Null,Null,Null + Null
2026-05-13 22:30:00,S,3.0,,S3,NO,NO,NO,NO,True,6822.81,S3,YES,NO,0,0,900,,0,False,False,False,False,True,2026-05-13,22:30:00,3,Null,3 + Null
2026-05-13 22:30:00,S,2.0,peotv,S21,NO,YES,NO,NO,True,-68.04,S2,YES,NO,0,0,919,,0,False,False,False,False,True,2026-05-13,22:30:00,2,peotv,2 + peotv
2026-05-13 22:30:00,S,,,S,NO,NO,NO,NO,False,,,NO,NO,0,0,33,,0,True,True,True,True,False,2026-05-13,22:30:00,Null,Null,Null + Null
2026-05-13 22:30:00,S,1.0,,S1,NO,NO,NO,NO,True,9584.03,S1,YES,NO,0,0,390,,0,False,False,False,True,False,2026-05-13,22:30:00,1,Null,1 + Null
2026-05-13 22:30:00,S,7.0,,S7,NO,NO,NO,NO,True,-109.55,S7,YES,NO,0,0,291,,0,False,False,True,True,False,2026-05-13,22:30:00,7,Null,7 + Null
2026-05-13 22:30:00,S,2.0,peotv,S21,YES,NO,NO,NO,True,2676.88,S2,YES,NO,0,0,423,,0,False,False,False,True,False,2026-05-13,22:30:00,2,peotv,2 + peotv
2026-05-13 22:30:00,S,,,S,NO,NO,NO,NO,False,,,NO,NO,0,0,59,,0,True,True,True,True,False,2026-05-13,22:30:00,Null,Null,Null + Null
2026-05-13 22:30:00,S,,,S,NO,NO,NO,NO,False,,,NO,NO,0,0,34,,0,True,True,True,True,False,2026-05-13,22:30:00,Null,Null,Null + Null
2026-05-13 22:30:00,S,2.0,peotv,S21,NO,YES,NO,NO,True,0.28,S2,YES,NO,0,0,368,,0,False,False,False,True,False,2026-05-13,22:30:00,2,peotv,2 + peotv
2026-05-13 22:30:00,S,2.0,peotv,MOBITEL_S21,NO,YES,NO,NO,True,-806.29,S2,YES,NO,0,0,315,,0,False,False,False,True,False,2026-05-13,22:30:00,2,peotv,2 + peotv
2026-05-13 22:30:00,S,,,S,NO,NO,NO,NO,False,,,NO,NO,0,0,375,,0,False,False,False,True,False,2026-05-13,22:30:00,Null,Null,Null + Null
2026-05-13 22:30:00,S,2.0,peotv,S21,NO,NO,NO,NO,True,5530.08,S2,YES,NO,0,0,444,,0,False,False,False,True,False,2026-05-13,22:30:00,2,peotv,2 + peotv
2026-05-13 22:30:00,S,1.0,,SLty1,NO,NO,NO,NO,False,,S1,YES,NO,0,0,359,,0,False,False,False,True,False,2026-05-13,22:30:00,1,Null,1 + Null
2026-05-13 22:30:00,S,2.0,peotv,S21,YES,NO,NO,NO,True,2208.5,S2,YES,NO,0,0,205,,0,False,False,True,True,False,2026-05-13,22:30:00,2,peotv,2 + peotv
2026-05-13 22:30:00,S,4.0,extragb,S4111,NO,NO,NO,YES,True,9706.47,S41,NO,NO,0,0,52,,0,True,True,True,True,False,2026-05-13,22:30:00,4,extragb,4 + extragb
2026-05-13 22:30:00,S,,,S,NO,NO,NO,NO,False,,,NO,NO,0,0,51,,0,True,True,True,True,False,2026-05-13,22:30:00,Null,Null,Null + Null
2026-05-13 22:30:00,E,,,E,NO,NO,NO,NO,False,,,NO,NO,0,0,30,,0,True,True,True,True,False,2026-05-13,22:30:00,Null,Null,Null + Null
2026-05-13 22:30:00,S,,,S,NO,NO,NO,NO,False,,,NO,NO,0,0,25,,0,True,True,True,True,False,2026-05-13,22:30:00,Null,Null,Null + Null
2026-05-13 22:30:00,S,2.0,peotv,S211,NO,YES,NO,NO,True,6904.83,S2,YES,NO,0,0,133,,0,False,True,True,True,False,2026-05-13,22:30:00,2,peotv,2 + peotv
2026-05-13 22:30:00,S,3.0,,S3,NO,NO,NO,NO,True,0.0,S3,YES,YES,1082,82,1273,,1164,False,False,False,False,True,2026-05-13,22:30:00,3,Null,3 + Null
2026-05-13 22:30:00,S,3.0,,S3,NO,NO,NO,NO,True,4436.73,S3,YES,YES,1046,51,1161,,1097,False,False,False,False,True,2026-05-13,22:30:00,3,Null,3 + Null
2026-05-13 22:30:00,S,2.0,peotv,S211,NO,YES,NO,NO,True,5158.42,S2,YES,YES,1031,176,1323,,1207,False,False,False,False,True,2026-05-13,22:30:00,2,peotv,2 + peotv
2026-05-13 22:30:00,S,2.0,peotv,S21,NO,NO,NO,NO,True,780.99,S2,YES,NO,0,0,195,,0,False,True,True,True,False,2026-05-13,22:30:00,2,peotv,2 + peotv
2026-05-13 22:30:00,S,,,S,NO,NO,NO,NO,False,,,NO,NO,0,0,27,,0,True,True,True,True,False,2026-05-13,22:30:00,Null,Null,Null + Null
2026-05-13 22:30:00,S,2.0,other,S24,NO,NO,NO,NO,False,,S2,YES,NO,0,0,360,,0,False,False,False,True,False,2026-05-13,22:30:00,2,other,2 + other
2026-05-13 22:30:00,S,2.0,peotv,S21,NO,NO,NO,NO,True,-4.27,S2,YES,NO,0,0,311,,0,False,False,False,True,False,2026-05-13,22:30:00,2,peotv,2 + peotv
2026-05-13 22:30:00,S,2.0,peotv,S211,NO,YES,NO,NO,True,2748.85,S2,YES,NO,0,0,581,,0,False,False,False,False,True,2026-05-13,22:30:00,2,peotv,2 + peotv
2026-05-13 22:30:00,S,2.0,peotv,S21,NO,YES,NO,NO,True,13951.68,S2,NO,NO,0,0,119,,0,False,True,True,True,False,2026-05-13,22:30:00,2,peotv,2 + peotv
2026-05-13 22:30:00,S,7.0,,S7,NO,NO,NO,NO,True,6919.94,S7,YES,YES,1040,60,1216,,1100,False,False,False,False,True,2026-05-13,22:30:00,7,Null,7 + Null
2026-05-13 22:30:00,S,2.0,peotv,S21,NO,NO,NO,NO,True,-313.11,S2,YES,YES,1044,46,1165,,1090,False,False,False,False,True,2026-05-13,22:30:00,2,peotv,2 + peotv
2026-05-13 22:30:00,S,2.0,peotv,S21,NO,YES,NO,NO,True,-3257.25,S2,YES,NO,0,0,97,,0,True,True,True,True,False,2026-05-13,22:30:00,2,peotv,2 + peotv
2026-05-13 22:30:00,S,7.0,,S7,NO,NO,NO,NO,True,-89.13,S7,NO,NO,0,0,56,,0,True,True,True,True,False,2026-05-13,22:30:00,7,Null,7 + Null
2026-05-13 22:30:00,S,4.0,extragb,S411,NO,NO,NO,NO,True,-3.12,S41,YES,NO,0,0,450,,0,False,False,False,True,False,2026-05-13,22:30:00,4,extragb,4 + extragb
2026-05-13 22:30:00,S,2.0,peotv,S21,NO,NO,NO,NO,True,4952.93,S2,YES,NO,0,0,617,,0,False,False,False,False,True,2026-05-13,22:30:00,2,peotv,2 + peotv
2026-05-13 22:30:00,S,3.0,,S3,NO,NO,NO,NO,True,-18.76,S3,YES,NO,0,0,373,,0,False,False,False,True,False,2026-05-13,22:30:00,3,Null,3 + Null
2026-05-13 22:30:00,S,,,S,NO,NO,NO,NO,False,,,NO,NO,0,0,23,,0,True,True,True,True,False,2026-05-13,22:30:00,Null,Null,Null + Null
2026-05-13 22:30:00,S,2.0,peotv,S21,NO,NO,NO,NO,True,-516.38,S2,YES,NO,0,0,844,,0,False,False,False,False,True,2026-05-13,22:30:00,2,peotv,2 + peotv
2026-05-13 22:30:00,S,3.0,,S3,NO,NO,NO,NO,True,-115.12,S3,NO,NO,0,0,74,,0,True,True,True,True,False,2026-05-13,22:30:00,3,Null,3 + Null
2026-05-13 22:30:00,S,2.0,peotv,S21,NO,NO,NO,NO,True,3607.43,S2,YES,YES,1073,222,1354,,1295,False,False,False,False,True,2026-05-13,22:30:00,2,peotv,2 + peotv
2026-05-13 22:30:00,S,3.0,,S3,NO,NO,NO,NO,True,7368.83,S3,YES,NO,0,0,358,,0,False,False,False,True,False,2026-05-13,22:30:00,3,Null,3 + Null
2026-05-13 22:30:00,S,2.0,peotv,S21,NO,NO,NO,NO,True,18371.36,S2,YES,NO,0,0,156,,0,False,True,True,True,False,2026-05-13,22:30:00,2,peotv,2 + peotv
2026-05-13 22:30:00,S,2.0,peotv,S21,NO,NO,NO,NO,True,10213.08,S2,YES,NO,0,0,312,,0,False,False,False,True,False,2026-05-13,22:30:00,2,peotv,2 + peotv
2026-05-13 22:29:00,E,3.0,,E3,NO,NO,NO,NO,True,6952.07,E3,YES,NO,0,0,146,,0,False,True,True,True,False,2026-05-13,22:29:00,3,Null,3 + Null
2026-05-13 22:29:00,S,2.0,other,S2t,NO,NO,NO,NO,False,,S2,YES,YES,1082,183,1429,,1265,False,False,False,False,True,2026-05-13,22:29:00,2,other,2 + other
2026-05-13 22:29:00,S,,,S,NO,NO,NO,NO,False,,,NO,NO,0,0,23,,0,True,True,True,True,False,2026-05-13,22:29:00,Null,Null,Null + Null
2026-05-13 22:29:00,S,2.0,peotv,S21,NO,NO,NO,NO,True,4946.63,S2,YES,YES,1115,220,1449,,1335,False,False,False,False,True,2026-05-13,22:29:00,2,peotv,2 + peotv
2026-05-13 22:29:00,S,2.0,voice,S23,YES,NO,NO,NO,True,7202.3,S2,YES,NO,0,0,732,,0,False,False,False,False,True,2026-05-13,22:29:00,2,voice,2 + voice
2026-05-13 22:29:00,S,2.0,peotv,S21,NO,NO,NO,NO,True,2492.3,S2,YES,YES,1055,76,1213,,1131,False,False,False,False,True,2026-05-13,22:29:00,2,peotv,2 + peotv
2026-05-13 22:29:00,S,,,S,NO,NO,NO,NO,False,,,NO,NO,0,0,26,,0,True,True,True,True,False,2026-05-13,22:29:00,Null,Null,Null + Null
2026-05-13 22:29:00,S,3.0,,S3,NO,NO,NO,NO,True,3170.38,S3,YES,NO,0,0,428,,0,False,False,False,True,False,2026-05-13,22:29:00,3,Null,3 + Null
2026-05-13 22:29:00,S,2.0,peotv,S21,NO,NO,NO,NO,True,812.75,S2,YES,NO,0,0,519,,0,False,False,False,False,True,2026-05-13,22:29:00,2,peotv,2 + peotv
2026-05-13 22:29:00,S,2.0,peotv,S21,NO,NO,NO,NO,True,2779.6,S2,YES,NO,0,0,306,,0,False,False,False,True,False,2026-05-13,22:29:00,2,peotv,2 + peotv
2026-05-13 22:29:00,S,,,S,NO,NO,NO,NO,False,,,NO,NO,0,0,28,,0,True,True,True,True,False,2026-05-13,22:29:00,Null,Null,Null + Null
2026-05-13 22:29:00,T,2.0,peotv,T21,NO,YES,NO,NO,True,1894.96,T2,YES,NO,0,0,314,,0,False,False,False,True,False,2026-05-13,22:29:00,2,peotv,2 + peotv
2026-05-13 22:29:00,S,1.0,,S1,NO,NO,NO,NO,True,3464.74,S1,YES,NO,0,0,452,,0,False,False,False,True,False,2026-05-13,22:29:00,1,Null,1 + Null
2026-05-13 22:29:00,S,,,S,NO,NO,NO,NO,False,,,NO,NO,0,0,40,,0,True,True,True,True,False,2026-05-13,22:29:00,Null,Null,Null + Null
2026-05-13 22:29:00,S,2.0,peotv,S21,NO,NO,NO,NO,True,10687.69,S2,YES,NO,0,0,75,,0,True,True,True,True,False,2026-05-13,22:29:00,2,peotv,2 + peotv
2026-05-13 22:29:00,S,3.0,,S3,NO,NO,NO,NO,True,2965.28,S3,YES,YES,1064,42,1146,,1106,False,False,False,False,True,2026-05-13,22:29:00,3,Null,3 + Null
2026-05-13 22:29:00,S,3.0,,S3,NO,NO,NO,NO,True,103.79,S3,YES,NO,0,0,246,,0,False,False,True,True,False,2026-05-13,22:29:00,3,Null,3 + Null
2026-05-13 22:29:00,S,3.0,,S3,NO,NO,NO,NO,True,-391.95,S3,YES,YES,1064,51,1209,,1115,False,False,False,False,True,2026-05-13,22:29:00,3,Null,3 + Null
2026-05-13 22:29:00,S,,,S,NO,NO,NO,NO,False,,,NO,NO,0,0,24,,0,True,True,True,True,False,2026-05-13,22:29:00,Null,Null,Null + Null
2026-05-13 22:29:00,S,4.0,extragb,S4111,NO,NO,NO,YES,True,2727.52,S41,NO,NO,0,0,73,,0,True,True,True,True,False,2026-05-13,22:29:00,4,extragb,4 + extragb
2026-05-13 22:29:00,S,2.0,other,S2i,NO,NO,NO,NO,True,13850.65,S2,YES,NO,0,0,341,,0,False,False,False,True,False,2026-05-13,22:29:00,2,other,2 + other
2026-05-13 22:29:00,S,2.0,peotv,S21,NO,NO,NO,NO,True,8750.15,S2,YES,YES,1072,141,1292,,1213,False,False,False,False,True,2026-05-13,22:29:00,2,peotv,2 + peotv
2026-05-13 22:29:00,E,3.0,,E3,NO,NO,NO,NO,True,9667.41,E3,NO,NO,0,0,78,,0,True,True,True,True,False,2026-05-13,22:29:00,3,Null,3 + Null
2026-05-13 22:29:00,S,,,S,NO,NO,NO,NO,False,,,NO,NO,0,0,21,,0,True,True,True,True,False,2026-05-13,22:29:00,Null,Null,Null + Null
2026-05-13 22:29:00,S,2.0,peotv,S21,NO,NO,NO,NO,True,4977.03,S2,YES,NO,0,0,65,,0,True,True,True,True,False,2026-05-13,22:29:00,2,peotv,2 + peotv
2026-05-13 22:29:00,S,2.0,peotv,S21,NO,YES,NO,NO,True,1348.57,S2,YES,NO,0,0,161,,0,False,True,True,True,False,2026-05-13,22:29:00,2,peotv,2 + peotv
2026-05-13 22:29:00,S,2.0,peotv,S21,NO,NO,NO,NO,True,5180.44,S2,YES,NO,0,0,598,,0,False,False,False,False,True,2026-05-13,22:29:00,2,peotv,2 + peotv
2026-05-13 22:29:00,S,7.0,,S,NO,NO,NO,NO,False,,S_LTY,YES,YES,18,80,133,,98,False,True,True,True,False,2026-05-13,22:29:00,7,Null,7 + Null
2026-05-13 22:29:00,S,7.0,,S7,NO,NO,NO,NO,True,-89.13,S7,YES,NO,0,0,81,,0,True,True,True,True,False,2026-05-13,22:29:00,7,Null,7 + Null
2026-05-13 22:29:00,S,3.0,,S3,NO,NO,NO,NO,True,9685.58,S3,YES,NO,0,0,1006,,0,False,False,False,False,True,2026-05-13,22:29:00,3,Null,3 + Null
2026-05-13 22:29:00,S,,,S,NO,NO,NO,NO,False,,,NO,NO,0,0,34,,0,True,True,True,True,False,2026-05-13,22:29:00,Null,Null,Null + Null
2026-05-13 22:29:00,S,2.0,peotv,S21,NO,NO,NO,NO,True,-30.33,S2,YES,NO,0,0,1023,,0,False,False,False,False,True,2026-05-13,22:29:00,2,peotv,2 + peotv
2026-05-13 22:29:00,S,2.0,peotv,S211,NO,YES,NO,NO,True,5738.67,S2,YES,NO,0,0,263,,0,False,False,True,True,False,2026-05-13,22:29:00,2,peotv,2 + peotv
2026-05-13 22:29:00,S,2.0,peotv,S21,NO,YES,NO,NO,True,-37.58,S2,YES,NO,0,0,572,,0,False,False,False,False,True,2026-05-13,22:29:00,2,peotv,2 + peotv
2026-05-13 22:29:00,E,2.0,broadband,E22,YES,NO,NO,NO,True,-71.93,E2,YES,YES,425,104,620,,529,False,False,False,False,True,2026-05-13,22:29:00,2,broadband,2 + broadband
2026-05-13 22:29:00,S,1.0,,SLty1,NO,NO,NO,NO,False,,S1,YES,NO,0,0,548,,0,False,False,False,False,True,2026-05-13,22:29:00,1,Null,1 + Null
2026-05-13 22:29:00,S,7.0,,MOBITEL_S7,NO,NO,NO,NO,False,,S7,YES,NO,0,0,1156,,0,False,False,False,False,True,2026-05-13,22:29:00,7,Null,7 + Null
2026-05-13 22:29:00,S,2.0,peotv,S21,NO,YES,NO,NO,True,-135.85,S2,YES,NO,0,0,513,,0,False,False,False,False,True,2026-05-13,22:29:00,2,peotv,2 + peotv
2026-05-13 22:29:00,E,2.0,peotv,E21,NO,YES,NO,NO,True,-35.73,E2,YES,YES,499,157,753,,656,False,False,False,False,True,2026-05-13,22:29:00,2,peotv,2 + peotv
2026-05-13 22:28:00,S,2.0,peotv,S21,NO,NO,NO,NO,True,0.0,S2,YES,NO,0,0,410,,0,False,False,False,True,False,2026-05-13,22:28:00,2,peotv,2 + peotv
2026-05-13 22:28:00,S,2.0,peotv,S21,NO,NO,NO,NO,True,-197.65,S2,YES,NO,0,0,118,,0,False,True,True,True,False,2026-05-13,22:28:00,2,peotv,2 + peotv
2026-05-13 22:28:00,S,,,S,NO,NO,NO,NO,True,8219.15,,NO,NO,0,0,86,,0,True,True,True,True,False,2026-05-13,22:28:00,Null,Null,Null + Null
2026-05-13 22:28:00,S,2.0,peotv,S21,NO,YES,NO,NO,True,-537.92,S2,YES,YES,1053,40,1143,,1093,False,False,False,False,True,2026-05-13,22:28:00,2,peotv,2 + peotv
2026-05-13 22:28:00,S,2.0,peotv,S21,NO,NO,NO,NO,True,7190.39,S2,YES,NO,0,0,179,,0,False,True,True,True,False,2026-05-13,22:28:00,2,peotv,2 + peotv
2026-05-13 22:28:00,S,2.0,peotv,S21,NO,NO,NO,NO,True,-234.32,S2,YES,NO,0,0,243,,0,False,False,True,True,False,2026-05-13,22:28:00,2,peotv,2 + peotv
2026-05-13 22:28:00,S,3.0,,S3,NO,NO,NO,NO,True,5874.47,S3,YES,NO,0,0,198,,0,False,True,True,True,False,2026-05-13,22:28:00,3,Null,3 + Null
2026-05-13 22:28:00,S,4.0,extragb,S4111,NO,NO,NO,YES,True,-27.4,S41,NO,NO,0,0,78,,0,True,True,True,True,False,2026-05-13,22:28:00,4,extragb,4 + extragb
2026-05-13 22:28:00,S,3.0,,S3,NO,NO,NO,NO,True,-15.62,S3,NO,NO,0,0,130,,0,False,True,True,True,False,2026-05-13,22:28:00,3,Null,3 + Null
2026-05-13 22:28:00,S,,,MOBITEL_S,NO,NO,NO,NO,False,,,NO,NO,0,0,11,,0,True,True,True,True,False,2026-05-13,22:28:00,Null,Null,Null + Null
2026-05-13 22:28:00,S,,,S,NO,NO,NO,NO,False,,,NO,NO,0,0,73,,0,True,True,True,True,False,2026-05-13,22:28:00,Null,Null,Null + Null
2026-05-13 22:28:00,S,2.0,peotv,S211,NO,YES,NO,NO,True,5921.54,S2,YES,NO,0,0,483,,0,False,False,False,True,False,2026-05-13,22:28:00,2,peotv,2 + peotv
2026-05-13 22:28:00,S,2.0,peotv,S211,NO,YES,NO,NO,True,6454.34,S2,YES,NO,0,0,238,,0,False,False,True,True,False,2026-05-13,22:28:00,2,peotv,2 + peotv
2026-05-13 22:28:00,S,2.0,peotv,S21,NO,NO,NO,NO,True,2397.73,S2,YES,NO,0,0,208,,0,False,False,True,True,False,2026-05-13,22:28:00,2,peotv,2 + peotv
2026-05-13 22:28:00,S,2.0,peotv,S21,NO,NO,NO,NO,True,12299.15,S2,YES,NO,0,0,388,,0,False,False,False,True,False,2026-05-13,22:28:00,2,peotv,2 + peotv
2026-05-13 22:28:00,S,,,S,NO,NO,NO,NO,False,,,NO,NO,0,0,39,,0,True,True,True,True,False,2026-05-13,22:28:00,Null,Null,Null + Null
2026-05-13 22:28:00,S,3.0,,S3,NO,NO,NO,NO,True,1202.45,S3,YES,NO,0,0,585,,0,False,False,False,False,True,2026-05-13,22:28:00,3,Null,3 + Null
2026-05-13 22:28:00,S,2.0,peotv,S211,NO,YES,NO,NO,True,3231.07,S2,YES,YES,1094,102,1309,,1196,False,False,False,False,True,2026-05-13,22:28:00,2,peotv,2 + peotv
2026-05-13 22:28:00,S,2.0,peotv,S21,NO,YES,NO,NO,True,3640.18,S2,NO,NO,0,0,78,,0,True,True,True,True,False,2026-05-13,22:28:00,2,peotv,2 + peotv
2026-05-13 22:28:00,S,,,S,NO,NO,NO,NO,False,,,NO,NO,0,0,36,,0,True,True,True,True,False,2026-05-13,22:28:00,Null,Null,Null + Null
2026-05-13 22:28:00,S,4.0,extragb,S4111,NO,NO,NO,YES,True,6718.41,S41,NO,NO,0,0,42,,0,True,True,True,True,False,2026-05-13,22:28:00,4,extragb,4 + extragb
2026-05-13 22:28:00,S,2.0,broadband,S221,NO,YES,NO,NO,True,11002.36,S2,YES,NO,0,0,239,,0,False,False,True,True,False,2026-05-13,22:28:00,2,broadband,2 + broadband
2026-05-13 22:28:00,S,7.0,,S7,NO,NO,NO,NO,True,-96.08,S7,YES,NO,0,0,347,,0,False,False,False,True,False,2026-05-13,22:28:00,7,Null,7 + Null
2026-05-13 22:28:00,S,4.0,extragb,S41131,NO,NO,NO,YES,True,12225.7,S41,NO,NO,0,0,182,,0,False,True,True,True,False,2026-05-13,22:28:00,4,extragb,4 + extragb
2026-05-13 22:28:00,S,2.0,broadband,S22,NO,NO,NO,NO,True,4529.63,S2,YES,NO,0,0,64,,0,True,True,True,True,False,2026-05-13,22:28:00,2,broadband,2 + broadband
2026-05-13 22:28:00,S,1.0,,S1,NO,NO,NO,NO,True,4977.58,S1,YES,NO,0,0,647,,0,False,False,False,False,True,2026-05-13,22:28:00,1,Null,1 + Null
2026-05-13 22:28:00,S,7.0,,S7,NO,NO,NO,NO,True,5643.23,S7,YES,YES,1048,70,1186,,1118,False,False,False,False,True,2026-05-13,22:28:00,7,Null,7 + Null
2026-05-13 22:28:00,S,3.0,,S3,NO,NO,NO,NO,True,1017.07,S3,NO,NO,0,0,43,,0,True,True,True,True,False,2026-05-13,22:28:00,3,Null,3 + Null
2026-05-13 22:28:00,S,4.0,extragb,S4112,NO,NO,NO,NO,True,5579.94,S41,NO,NO,0,0,96,,0,True,True,True,True,False,2026-05-13,22:28:00,4,extragb,4 + extragb
2026-05-13 22:28:00,S,2.0,peotv,S211,NO,YES,NO,NO,True,3245.5,S2,YES,NO,0,0,1075,,0,False,False,False,False,True,2026-05-13,22:28:00,2,peotv,2 + peotv
2026-05-13 22:28:00,E,3.0,,E3,NO,NO,NO,NO,True,4881.14,E3,NO,NO,0,0,82,,0,True,True,True,True,False,2026-05-13,22:28:00,3,Null,3 + Null
2026-05-13 22:28:00,S,,,S,NO,NO,NO,NO,True,848.2,,NO,NO,0,0,153,,0,False,True,True,True,False,2026-05-13,22:28:00,Null,Null,Null + Null
2026-05-13 22:28:00,S,2.0,peotv,S21,NO,NO,NO,NO,True,5865.06,S2,YES,NO,0,0,661,,0,False,False,False,False,True,2026-05-13,22:28:00,2,peotv,2 + peotv
2026-05-13 22:28:00,S,3.0,,S3,NO,NO,NO,NO,True,-55.02,S3,NO,NO,0,0,67,,0,True,True,True,True,False,2026-05-13,22:28:00,3,Null,3 + Null
2026-05-13 22:28:00,S,,,S,NO,NO,NO,NO,False,,,NO,NO,0,0,30,,0,True,True,True,True,False,2026-05-13,22:28:00,Null,Null,Null + Null
2026-05-13 22:28:00,S,2.0,peotv,S211,NO,YES,NO,NO,True,4808.72,S2,YES,NO,0,0,239,,0,False,False,True,True,False,2026-05-13,22:28:00,2,peotv,2 + peotv
2026-05-13 22:28:00,S,2.0,peotv,S21,NO,YES,NO,NO,True,1071.72,S2,YES,NO,0,0,199,,0,False,True,True,True,False,2026-05-13,22:28:00,2,peotv,2 + peotv
2026-05-13 22:28:00,S,1.0,,S1,NO,NO,NO,NO,True,8150.02,S1,YES,YES,1034,47,1136,,1081,False,False,False,False,True,2026-05-13,22:28:00,1,Null,1 + Null
2026-05-13 22:28:00,E,,,E,NO,NO,NO,NO,False,,,NO,NO,0,0,23,,0,True,True,True,True,False,2026-05-13,22:28:00,Null,Null,Null + Null
2026-05-13 22:27:00,S,2.0,peotv,S21,NO,NO,NO,NO,True,-17.25,S2,YES,NO,0,0,130,,0,False,True,True,True,False,2026-05-13,22:27:00,2,peotv,2 + peotv
2026-05-13 22:27:00,S,4.0,extragb,S4111,NO,NO,NO,YES,True,11868.41,S41,NO,NO,0,0,65,,0,True,True,True,True,False,2026-05-13,22:27:00,4,extragb,4 + extragb
2026-05-13 22:27:00,S,4.0,extragb,S4112,NO,NO,NO,NO,True,1439.21,S41,NO,NO,0,0,26,,0,True,True,True,True,False,2026-05-13,22:27:00,4,extragb,4 + extragb
2026-05-13 22:27:00,S,2.0,peotv,S21,NO,NO,NO,NO,True,1640.56,S2,YES,NO,0,0,864,,0,False,False,False,False,True,2026-05-13,22:27:00,2,peotv,2 + peotv
2026-05-13 22:27:00,S,7.0,,S7,NO,NO,NO,NO,True,0.0,S7,YES,NO,0,0,570,,0,False,False,False,False,True,2026-05-13,22:27:00,7,Null,7 + Null
2026-05-13 22:27:00,S,4.0,extragb,S4111,NO,NO,NO,NO,True,-0.58,S41,NO,NO,0,0,83,,0,True,True,True,True,False,2026-05-13,22:27:00,4,extragb,4 + extragb
2026-05-13 22:27:00,S,,,S,NO,NO,NO,NO,False,,,NO,NO,0,0,29,,0,True,True,True,True,False,2026-05-13,22:27:00,Null,Null,Null + Null
2026-05-13 22:27:00,S,2.0,peotv,S21,NO,YES,NO,NO,True,6418.68,S2,NO,NO,0,0,77,,0,True,True,True,True,False,2026-05-13,22:27:00,2,peotv,2 + peotv
2026-05-13 22:27:00,S,1.0,,SLty1,NO,NO,NO,NO,False,,S1,YES,NO,0,0,275,,0,False,False,True,True,False,2026-05-13,22:27:00,1,Null,1 + Null
2026-05-13 22:27:00,S,4.0,extragb,S41t,NO,NO,NO,NO,True,-18.52,S41,YES,NO,0,0,625,,0,False,False,False,False,True,2026-05-13,22:27:00,4,extragb,4 + extragb
2026-05-13 22:27:00,S,2.0,peotv,S21,NO,YES,NO,NO,True,-14.56,S2,YES,YES,1064,46,1200,,1110,False,False,False,False,True,2026-05-13,22:27:00,2,peotv,2 + peotv
2026-05-13 22:27:00,S,7.0,,S7,NO,NO,NO,NO,True,18142.01,S7,YES,NO,0,0,253,,0,False,False,True,True,False,2026-05-13,22:27:00,7,Null,7 + Null
2026-05-13 22:27:00,S,,,S,NO,NO,NO,NO,True,-5.41,,NO,NO,0,0,104,,0,False,True,True,True,False,2026-05-13,22:27:00,Null,Null,Null + Null
2026-05-13 22:27:00,S,2.0,broadband,S22,NO,NO,NO,NO,True,5755.54,S2,YES,NO,0,0,710,,0,False,False,False,False,True,2026-05-13,22:27:00,2,broadband,2 + broadband
2026-05-13 22:27:00,S,2.0,peotv,S21,NO,YES,NO,NO,True,-16.01,S2,YES,NO,0,0,296,,0,False,False,True,True,False,2026-05-13,22:27:00,2,peotv,2 + peotv
2026-05-13 22:27:00,S,3.0,,S3,NO,NO,NO,NO,True,-81.37,S3,YES,NO,0,0,260,,0,False,False,True,True,False,2026-05-13,22:27:00,3,Null,3 + Null
2026-05-13 22:27:00,S,7.0,,S7,NO,NO,NO,NO,True,-443.09,S7,YES,NO,0,0,527,,0,False,False,False,False,True,2026-05-13,22:27:00,7,Null,7 + Null
2026-05-13 22:27:00,S,1.0,,SLty1,NO,NO,NO,NO,False,,S1,YES,NO,0,0,305,,0,False,False,False,True,False,2026-05-13,22:27:00,1,Null,1 + Null
2026-05-13 22:27:00,S,,,S,NO,NO,NO,NO,False,,,NO,NO,0,0,31,,0,True,True,True,True,False,2026-05-13,22:27:00,Null,Null,Null + Null
2026-05-13 22:27:00,S,3.0,,S3,NO,NO,NO,NO,True,681.45,S3,YES,NO,0,0,338,,0,False,False,False,True,False,2026-05-13,22:27:00,3,Null,3 + Null
2026-05-13 22:27:00,E,7.0,,E7,NO,NO,NO,NO,True,5711.8,E7,YES,NO,0,0,197,,0,False,True,True,True,False,2026-05-13,22:27:00,7,Null,7 + Null
2026-05-13 22:27:00,S,4.0,extragb,MOBITEL_S4112,NO,NO,NO,NO,True,17835.42,S41,NO,NO,0,0,69,,0,True,True,True,True,False,2026-05-13,22:27:00,4,extragb,4 + extragb
2026-05-13 22:27:00,S,7.0,,S7,NO,NO,NO,NO,True,2720.53,S7,YES,YES,1070,34,1177,,1104,False,False,False,False,True,2026-05-13,22:27:00,7,Null,7 + Null
2026-05-13 22:27:00,S,4.0,extragb,S4112,NO,NO,NO,NO,True,2030.21,S41,NO,NO,0,0,53,,0,True,True,True,True,False,2026-05-13,22:27:00,4,extragb,4 + extragb
2026-05-13 22:27:00,S,3.0,,S3,NO,NO,NO,NO,True,6952.07,S3,YES,NO,0,0,322,,0,False,False,False,True,False,2026-05-13,22:27:00,3,Null,3 + Null
2026-05-13 22:27:00,S,2.0,peotv,S21,NO,NO,NO,NO,True,-0.18,S2,YES,NO,0,0,144,,0,False,True,True,True,False,2026-05-13,22:27:00,2,peotv,2 + peotv
2026-05-13 22:27:00,S,4.0,extragb,S4112,NO,NO,NO,NO,True,-6.17,S41,NO,NO,0,0,24,,0,True,True,True,True,False,2026-05-13,22:27:00,4,extragb,4 + extragb
2026-05-13 22:27:00,S,2.0,peotv,S21,NO,YES,NO,NO,True,28.13,S2,YES,NO,0,0,428,,0,False,False,False,True,False,2026-05-13,22:27:00,2,peotv,2 + peotv
2026-05-13 22:27:00,E,3.0,,E3,NO,NO,NO,NO,True,15924.2,E3,YES,YES,437,238,810,,675,False,False,False,False,True,2026-05-13,22:27:00,3,Null,3 + Null
2026-05-13 22:27:00,S,7.0,,S7,NO,NO,NO,NO,True,0.0,S7,YES,NO,0,0,265,,0,False,False,True,True,False,2026-05-13,22:27:00,7,Null,7 + Null
2026-05-13 22:27:00,S,7.0,,S7,NO,NO,NO,NO,True,12109.87,S7,YES,NO,0,0,374,,0,False,False,False,True,False,2026-05-13,22:27:00,7,Null,7 + Null
2026-05-13 22:27:00,S,,,S,NO,NO,NO,NO,False,,,NO,NO,0,0,37,,0,True,True,True,True,False,2026-05-13,22:27:00,Null,Null,Null + Null
2026-05-13 22:27:00,T,3.0,,T3,NO,NO,NO,NO,True,766.75,T3,YES,NO,0,0,312,,0,False,False,False,True,False,2026-05-13,22:27:00,3,Null,3 + Null
2026-05-13 22:27:00,S,,,S,NO,NO,NO,NO,False,,,NO,NO,0,0,42,,0,True,True,True,True,False,2026-05-13,22:27:00,Null,Null,Null + Null
2026-05-13 22:27:00,S,4.0,extragb,S41t,NO,NO,NO,NO,True,-43.31,S41,NO,NO,0,0,95,,0,True,True,True,True,False,2026-05-13,22:27:00,4,extragb,4 + extragb
2026-05-13 22:27:00,S,2.0,broadband,S22,NO,NO,NO,NO,True,4529.63,S2,YES,NO,0,0,442,,0,False,False,False,True,False,2026-05-13,22:27:00,2,broadband,2 + broadband
2026-05-13 22:27:00,S,,,MOBITEL_S,NO,NO,NO,NO,False,,,NO,NO,0,0,14,,0,True,True,True,True,False,2026-05-13,22:27:00,Null,Null,Null + Null
2026-05-13 22:27:00,S,,,S,NO,NO,NO,NO,False,,,NO,NO,0,0,41,,0,True,True,True,True,False,2026-05-13,22:27:00,Null,Null,Null + Null
2026-05-13 22:27:00,S,2.0,peotv,S21,NO,NO,NO,NO,True,2264.2,S2,YES,YES,1133,90,1319,,1223,False,False,False,False,True,2026-05-13,22:27:00,2,peotv,2 + peotv
2026-05-13 22:27:00,S,7.0,,S7,NO,NO,NO,NO,True,4912.13,S7,YES,NO,0,0,211,,0,False,False,True,True,False,2026-05-13,22:27:00,7,Null,7 + Null
2026-05-13 22:27:00,S,,,S,NO,NO,NO,NO,False,,,NO,NO,0,0,344,,0,False,False,False,True,False,2026-05-13,22:27:00,Null,Null,Null + Null
2026-05-13 22:27:00,S,2.0,peotv,S211,NO,YES,NO,NO,True,3043.32,S2,YES,YES,1075,44,1188,,1119,False,False,False,False,True,2026-05-13,22:27:00,2,peotv,2 + peotv
2026-05-13 22:27:00,S,,,S,NO,NO,NO,NO,False,,,NO,NO,0,0,33,,0,True,True,True,True,False,2026-05-13,22:27:00,Null,Null,Null + Null
2026-05-13 22:27:00,S,2.0,peotv,S21,NO,YES,NO,NO,True,-250.22,S2,YES,NO,0,0,240,,0,False,False,True,True,False,2026-05-13,22:27:00,2,peotv,2 + peotv
2026-05-13 22:27:00,S,4.0,extragb,S4112,NO,NO,NO,NO,True,6718.41,S41,NO,NO,0,0,31,,0,True,True,True,True,False,2026-05-13,22:27:00,4,extragb,4 + extragb
2026-05-13 22:27:00,S,4.0,extragb,S4111,NO,NO,NO,YES,True,1474.37,S41,NO,NO,0,0,156,,0,False,True,True,True,False,2026-05-13,22:27:00,4,extragb,4 + extragb
2026-05-13 22:27:00,S,,,S,NO,NO,NO,NO,False,,,NO,NO,0,0,257,,0,False,False,True,True,False,2026-05-13,22:27:00,Null,Null,Null + Null
2026-05-13 22:27:00,S,7.0,,MOBITEL_S7,NO,NO,NO,NO,False,,S7,YES,YES,1053,175,1313,,1228,False,False,False,False,True,2026-05-13,22:27:00,7,Null,7 + Null
2026-05-13 22:26:00,S,,,S,NO,NO,NO,NO,False,,,NO,NO,0,0,1211,,0,False,False,False,False,True,2026-05-13,22:26:00,Null,Null,Null + Null
2026-05-13 22:26:00,S,3.0,,MOBITEL_S3,NO,NO,NO,NO,True,11568.52,S3,YES,YES,1078,32,1159,,1110,False,False,False,False,True,2026-05-13,22:26:00,3,Null,3 + Null
2026-05-13 22:26:00,S,,,S,NO,NO,NO,NO,False,,,NO,NO,0,0,25,,0,True,True,True,True,False,2026-05-13,22:26:00,Null,Null,Null + Null
2026-05-13 22:26:00,S,2.0,peotv,S21,NO,NO,NO,NO,True,3978.59,S2,YES,NO,0,0,1132,,0,False,False,False,False,True,2026-05-13,22:26:00,2,peotv,2 + peotv
2026-05-13 22:26:00,S,2.0,peotv,S21,NO,NO,NO,NO,True,2225.62,S2,YES,YES,1109,37,1196,,1146,False,False,False,False,True,2026-05-13,22:26:00,2,peotv,2 + peotv
2026-05-13 22:26:00,S,2.0,peotv,S21,NO,NO,NO,NO,True,2676.63,S2,YES,NO,0,0,675,,0,False,False,False,False,True,2026-05-13,22:26:00,2,peotv,2 + peotv
2026-05-13 22:26:00,S,2.0,peotv,S21,NO,NO,NO,NO,True,2526.06,S2,YES,YES,1117,43,1215,,1160,False,False,False,False,True,2026-05-13,22:26:00,2,peotv,2 + peotv
2026-05-13 22:26:00,S,2.0,peotv,S21,NO,NO,NO,NO,True,-40.75,S2,YES,NO,0,0,96,,0,True,True,True,True,False,2026-05-13,22:26:00,2,peotv,2 + peotv
2026-05-13 22:26:00,S,2.0,peotv,S21,NO,NO,NO,NO,True,1793.05,S2,YES,NO,0,0,372,,0,False,False,False,True,False,2026-05-13,22:26:00,2,peotv,2 + peotv
2026-05-13 22:26:00,S,,,S,NO,NO,NO,NO,False,,,NO,NO,0,0,56,,0,True,True,True,True,False,2026-05-13,22:26:00,Null,Null,Null + Null
2026-05-13 22:26:00,S,,,S,NO,NO,NO,NO,False,,,NO,NO,0,0,78,,0,True,True,True,True,False,2026-05-13,22:26:00,Null,Null,Null + Null
2026-05-13 22:26:00,S,,,S,NO,NO,NO,NO,False,,,NO,NO,0,0,14,,0,True,True,True,True,False,2026-05-13,22:26:00,Null,Null,Null + Null
2026-05-13 22:26:00,S,2.0,peotv,S21,NO,YES,NO,NO,True,-1493.38,S2,YES,NO,0,0,93,,0,True,True,True,True,False,2026-05-13,22:26:00,2,peotv,2 + peotv
2026-05-13 22:26:00,S,,,S,NO,NO,NO,NO,False,,,NO,NO,0,0,35,,0,True,True,True,True,False,2026-05-13,22:26:00,Null,Null,Null + Null
2026-05-13 22:26:00,S,2.0,peotv,S21,NO,NO,NO,NO,True,4572.77,S2,YES,NO,0,0,379,,0,False,False,False,True,False,2026-05-13,22:26:00,2,peotv,2 + peotv
2026-05-13 22:26:00,S,2.0,peotv,S21,YES,NO,NO,NO,True,0.0,S2,YES,NO,0,0,393,,0,False,False,False,True,False,2026-05-13,22:26:00,2,peotv,2 + peotv
2026-05-13 22:26:00,S,,,S,NO,NO,NO,NO,False,,,NO,NO,0,0,28,,0,True,True,True,True,False,2026-05-13,22:26:00,Null,Null,Null + Null
2026-05-13 22:26:00,S,3.0,,S3,NO,NO,NO,NO,True,3532.69,S3,NO,NO,0,0,36,,0,True,True,True,True,False,2026-05-13,22:26:00,3,Null,3 + Null
2026-05-13 22:26:00,S,3.0,,S3,NO,NO,NO,NO,True,9510.76,S3,YES,YES,1107,45,1230,,1152,False,False,False,False,True,2026-05-13,22:26:00,3,Null,3 + Null
2026-05-13 22:26:00,S,,,S,NO,NO,NO,NO,False,,,NO,NO,0,0,38,,0,True,True,True,True,False,2026-05-13,22:26:00,Null,Null,Null + Null
2026-05-13 22:26:00,S,2.0,peotv,S211,NO,YES,NO,NO,True,4466.59,S2,YES,YES,1076,125,1305,,1201,False,False,False,False,True,2026-05-13,22:26:00,2,peotv,2 + peotv
2026-05-13 22:26:00,S,,,S,NO,NO,NO,NO,False,,,NO,NO,0,0,23,,0,True,True,True,True,False,2026-05-13,22:26:00,Null,Null,Null + Null
2026-05-13 22:26:00,S,2.0,other,S2t,NO,NO,NO,NO,True,4206.03,S2,YES,NO,0,0,677,,0,False,False,False,False,True,2026-05-13,22:26:00,2,other,2 + other
2026-05-13 22:26:00,S,2.0,peotv,S211,NO,YES,NO,NO,True,6904.83,S2,YES,NO,0,0,154,,0,False,True,True,True,False,2026-05-13,22:26:00,2,peotv,2 + peotv
2026-05-13 22:26:00,S,2.0,peotv,S21,NO,NO,NO,NO,True,-277.49,S2,YES,NO,0,0,850,,0,False,False,False,False,True,2026-05-13,22:26:00,2,peotv,2 + peotv
2026-05-13 22:26:00,S,3.0,,S3,NO,NO,NO,NO,True,-5000.0,S3,NO,NO,0,0,88,,0,True,True,True,True,False,2026-05-13,22:26:00,3,Null,3 + Null
2026-05-13 22:26:00,S,2.0,peotv,S211,NO,YES,NO,NO,True,2818.71,S2,YES,NO,0,0,843,,0,False,False,False,False,True,2026-05-13,22:26:00,2,peotv,2 + peotv
2026-05-13 22:26:00,S,4.0,extragb,S41t,NO,NO,NO,NO,True,4366.97,S41,YES,YES,1113,28,1225,,1141,False,False,False,False,True,2026-05-13,22:26:00,4,extragb,4 + extragb
2026-05-13 22:26:00,E,1.0,,ELty1,NO,NO,NO,NO,False,,E1,YES,YES,377,278,714,,655,False,False,False,False,True,2026-05-13,22:26:00,1,Null,1 + Null
2026-05-13 22:26:00,S,2.0,peotv,S21,NO,NO,NO,NO,True,6321.94,S2,YES,YES,1106,145,1343,,1251,False,False,False,False,True,2026-05-13,22:26:00,2,peotv,2 + peotv
2026-05-13 22:26:00,S,,,S,NO,NO,NO,NO,True,-0.58,,NO,NO,0,0,20,,0,True,True,True,True,False,2026-05-13,22:26:00,Null,Null,Null + Null
2026-05-13 22:26:00,S,2.0,peotv,S21,NO,NO,NO,NO,True,10689.76,S2,YES,NO,0,0,296,,0,False,False,True,True,False,2026-05-13,22:26:00,2,peotv,2 + peotv
2026-05-13 22:26:00,S,7.0,,S,NO,NO,NO,NO,False,,S_LTY,YES,YES,60,35,132,,95,False,True,True,True,False,2026-05-13,22:26:00,7,Null,7 + Null
2026-05-13 22:26:00,S,,,S,NO,NO,NO,NO,False,,,NO,NO,0,0,32,,0,True,True,True,True,False,2026-05-13,22:26:00,Null,Null,Null + Null
2026-05-13 22:26:00,S,2.0,voice,S23,NO,NO,NO,NO,True,18371.36,S2,YES,NO,0,0,1124,,0,False,False,False,False,True,2026-05-13,22:26:00,2,voice,2 + voice
2026-05-13 22:26:00,S,7.0,,S7,NO,NO,NO,NO,True,5586.85,S7,YES,YES,1092,205,1400,,1297,False,False,False,False,True,2026-05-13,22:26:00,7,Null,7 + Null
2026-05-13 22:26:00,S,3.0,,S3,NO,NO,NO,NO,True,3247.86,S3,YES,NO,0,0,735,,0,False,False,False,False,True,2026-05-13,22:26:00,3,Null,3 + Null
2026-05-13 22:26:00,S,2.0,peotv,S211,NO,YES,NO,NO,True,5382.74,S2,YES,NO,0,0,928,,0,False,False,False,False,True,2026-05-13,22:26:00,2,peotv,2 + peotv
2026-05-13 22:26:00,S,2.0,broadband,S22,NO,NO,NO,NO,True,8098.8,S2,YES,YES,1110,24,1238,,1134,False,False,False,False,True,2026-05-13,22:26:00,2,broadband,2 + broadband
2026-05-13 22:26:00,S,,,S,NO,NO,NO,NO,False,,,NO,NO,0,0,24,,0,True,True,True,True,False,2026-05-13,22:26:00,Null,Null,Null + Null
2026-05-13 22:26:00,T,5.0,tele_rainbow,T53,NO,NO,NO,NO,True,140.24,T53,YES,NO,0,0,484,,0,False,False,False,True,False,2026-05-13,22:26:00,5,tele_rainbow,5 + tele_rainbow
2026-05-13 22:26:00,S,4.0,extragb,S4111,NO,NO,NO,YES,True,12492.29,S41,NO,NO,0,0,65,,0,True,True,True,True,False,2026-05-13,22:26:00,4,extragb,4 + extragb
2026-05-13 22:26:00,S,3.0,,S3,NO,NO,NO,NO,True,7138.83,S3,NO,NO,0,0,65,,0,True,True,True,True,False,2026-05-13,22:26:00,3,Null,3 + Null
2026-05-13 22:26:00,S,2.0,peotv,S21,NO,NO,NO,NO,True,5846.3,S2,YES,NO,0,0,121,,0,False,True,True,True,False,2026-05-13,22:26:00,2,peotv,2 + peotv
2026-05-13 22:26:00,S,3.0,,S3,NO,NO,NO,NO,True,-107.59,S3,YES,NO,0,0,153,,0,False,True,True,True,False,2026-05-13,22:26:00,3,Null,3 + Null
2026-05-13 22:26:00,S,4.0,extragb,S41121,NO,NO,NO,NO,True,3532.69,S41,NO,NO,0,0,63,,0,True,True,True,True,False,2026-05-13,22:26:00,4,extragb,4 + extragb
2026-05-13 22:26:00,S,2.0,peotv,S21,NO,NO,NO,NO,True,373.0,S2,YES,YES,1074,123,1294,,1197,False,False,False,False,True,2026-05-13,22:26:00,2,peotv,2 + peotv
2026-05-13 22:26:00,S,2.0,peotv,S21,NO,YES,NO,NO,True,956.06,S2,YES,NO,0,0,1141,,0,False,False,False,False,True,2026-05-13,22:26:00,2,peotv,2 + peotv
2026-05-13 22:26:00,S,1.0,,MOBITEL_S1,NO,NO,NO,NO,True,5870.99,S1,YES,NO,0,0,640,,0,False,False,False,False,True,2026-05-13,22:26:00,1,Null,1 + Null
2026-05-13 22:26:00,S,,,S,NO,NO,NO,NO,False,,,NO,NO,0,0,704,,0,False,False,False,False,True,2026-05-13,22:26:00,Null,Null,Null + Null
2026-05-13 22:25:00,S,2.0,peotv,S21,NO,YES,NO,NO,True,-10386.25,S2,YES,NO,0,0,335,,0,False,False,False,True,False,2026-05-13,22:25:00,2,peotv,2 + peotv
2026-05-13 22:25:00,S,2.0,peotv,S21,NO,NO,NO,NO,True,5071.52,S2,YES,NO,0,0,403,,0,False,False,False,True,False,2026-05-13,22:25:00,2,peotv,2 + peotv
2026-05-13 22:25:00,S,4.0,extragb,S41t,NO,NO,NO,NO,True,3009.88,S41,YES,NO,0,0,186,,0,False,True,True,True,False,2026-05-13,22:25:00,4,extragb,4 + extragb
2026-05-13 22:25:00,S,,,S,NO,NO,NO,NO,False,,,NO,NO,0,0,28,,0,True,True,True,True,False,2026-05-13,22:25:00,Null,Null,Null + Null
2026-05-13 22:25:00,S,2.0,peotv,S21,NO,NO,NO,NO,True,4143.03,S2,YES,NO,0,0,182,,0,False,True,True,True,False,2026-05-13,22:25:00,2,peotv,2 + peotv
2026-05-13 22:25:00,S,3.0,,S3,NO,NO,NO,NO,True,-109.55,S3,NO,NO,0,0,72,,0,True,True,True,True,False,2026-05-13,22:25:00,3,Null,3 + Null
2026-05-13 22:25:00,S,3.0,,S3,NO,NO,NO,NO,True,10583.57,S3,YES,NO,0,0,231,,0,False,False,True,True,False,2026-05-13,22:25:00,3,Null,3 + Null
2026-05-13 22:25:00,S,7.0,,S7,NO,NO,NO,NO,True,7573.31,S7,YES,YES,1063,112,1267,,1175,False,False,False,False,True,2026-05-13,22:25:00,7,Null,7 + Null
2026-05-13 22:25:00,S,2.0,peotv,S211,NO,YES,NO,NO,True,6459.39,S2,YES,YES,1065,109,1350,,1174,False,False,False,False,True,2026-05-13,22:25:00,2,peotv,2 + peotv
2026-05-13 22:25:00,S,3.0,,S3,NO,NO,NO,NO,True,2740.53,S3,NO,NO,0,0,84,,0,True,True,True,True,False,2026-05-13,22:25:00,3,Null,3 + Null
2026-05-13 22:25:00,S,2.0,peotv,S21,NO,NO,NO,NO,True,-1152.45,S2,YES,NO,0,0,134,,0,False,True,True,True,False,2026-05-13,22:25:00,2,peotv,2 + peotv
2026-05-13 22:25:00,S,2.0,peotv,S211,NO,YES,NO,NO,True,4473.93,S2,YES,YES,1155,305,1533,,1460,False,False,False,False,True,2026-05-13,22:25:00,2,peotv,2 + peotv
2026-05-13 22:25:00,S,,,S,NO,NO,NO,NO,False,,,NO,NO,0,0,26,,0,True,True,True,True,False,2026-05-13,22:25:00,Null,Null,Null + Null
2026-05-13 22:25:00,S,2.0,peotv,S21,NO,NO,NO,NO,True,9569.16,S2,YES,NO,0,0,450,,0,False,False,False,True,False,2026-05-13,22:25:00,2,peotv,2 + peotv
2026-05-13 22:25:00,S,4.0,extragb,S41t,NO,NO,NO,NO,True,4601.96,S41,YES,NO,0,0,472,,0,False,False,False,True,False,2026-05-13,22:25:00,4,extragb,4 + extragb
2026-05-13 22:25:00,S,7.0,,S,NO,NO,NO,NO,False,,S_LTY,YES,YES,9,159,221,,168,False,False,True,True,False,2026-05-13,22:25:00,7,Null,7 + Null
2026-05-13 22:25:00,S,4.0,extragb,S4111,NO,NO,NO,YES,True,13631.07,S41,NO,NO,0,0,31,,0,True,True,True,True,False,2026-05-13,22:25:00,4,extragb,4 + extragb
2026-05-13 22:25:00,S,,,S,NO,NO,NO,NO,False,,,NO,NO,0,0,24,,0,True,True,True,True,False,2026-05-13,22:25:00,Null,Null,Null + Null
2026-05-13 22:25:00,S,,,S,NO,NO,NO,NO,False,,,NO,NO,0,0,27,,0,True,True,True,True,False,2026-05-13,22:25:00,Null,Null,Null + Null
2026-05-13 22:25:00,S,2.0,peotv,S21,NO,YES,NO,NO,True,-36.81,S2,YES,NO,0,0,539,,0,False,False,False,False,True,2026-05-13,22:25:00,2,peotv,2 + peotv
2026-05-13 22:25:00,T,,,T,NO,NO,NO,NO,False,,,NO,NO,0,0,57,,0,True,True,True,True,False,2026-05-13,22:25:00,Null,Null,Null + Null
2026-05-13 22:25:00,S,7.0,,S7,NO,NO,NO,NO,True,5396.27,S7,YES,YES,1149,307,1528,,1456,False,False,False,False,True,2026-05-13,22:25:00,7,Null,7 + Null
2026-05-13 22:25:00,S,,,S,NO,NO,NO,NO,False,,,NO,NO,0,0,25,,0,True,True,True,True,False,2026-05-13,22:25:00,Null,Null,Null + Null
2026-05-13 22:25:00,S,2.0,peotv,S21,NO,NO,NO,NO,True,6410.57,S2,YES,NO,0,0,349,,0,False,False,False,True,False,2026-05-13,22:25:00,2,peotv,2 + peotv
2026-05-13 22:25:00,S,3.0,,S3,NO,NO,NO,NO,True,1966.43,S3,NO,NO,0,0,39,,0,True,True,True,True,False,2026-05-13,22:25:00,3,Null,3 + Null
2026-05-13 22:25:00,S,4.0,extragb,S411,NO,NO,NO,NO,True,2075.76,S41,YES,NO,0,0,159,,0,False,True,True,True,False,2026-05-13,22:25:00,4,extragb,4 + extragb
2026-05-13 22:25:00,S,4.0,extragb,S41t,NO,NO,NO,NO,True,6459.39,S41,YES,NO,0,0,143,,0,False,True,True,True,False,2026-05-13,22:25:00,4,extragb,4 + extragb
2026-05-13 22:25:00,S,,,S,NO,NO,NO,NO,False,,,NO,NO,0,0,684,,0,False,False,False,False,True,2026-05-13,22:25:00,Null,Null,Null + Null
2026-05-13 22:25:00,S,3.0,,S3,NO,NO,NO,NO,True,-43.31,S3,NO,NO,0,0,99,,0,True,True,True,True,False,2026-05-13,22:25:00,3,Null,3 + Null
2026-05-13 22:25:00,S,4.0,extragb,S4111,NO,NO,NO,YES,True,5613.94,S41,NO,NO,0,0,86,,0,True,True,True,True,False,2026-05-13,22:25:00,4,extragb,4 + extragb
2026-05-13 22:25:00,S,2.0,peotv,S21,NO,NO,NO,NO,True,9732.27,S2,YES,NO,0,0,74,,0,True,True,True,True,False,2026-05-13,22:25:00,2,peotv,2 + peotv
2026-05-13 22:25:00,S,7.0,,MOBITEL_S7,NO,NO,NO,NO,True,3021.8,S7,YES,NO,0,0,557,,0,False,False,False,False,True,2026-05-13,22:25:00,7,Null,7 + Null
2026-05-13 22:25:00,S,2.0,broadband,S22,NO,NO,NO,NO,True,5541.88,S2,YES,NO,0,0,403,,0,False,False,False,True,False,2026-05-13,22:25:00,2,broadband,2 + broadband
2026-05-13 22:25:00,S,,,S,NO,NO,NO,NO,False,,,NO,NO,0,0,74,,0,True,True,True,True,False,2026-05-13,22:25:00,Null,Null,Null + Null
2026-05-13 22:25:00,S,3.0,,S3,NO,NO,NO,NO,True,393.54,S3,NO,NO,0,0,82,,0,True,True,True,True,False,2026-05-13,22:25:00,3,Null,3 + Null
2026-05-13 22:25:00,S,2.0,peotv,S21,NO,NO,NO,NO,True,22.31,S2,YES,NO,0,0,662,,0,False,False,False,False,True,2026-05-13,22:25:00,2,peotv,2 + peotv
2026-05-13 22:25:00,S,2.0,peotv,S211,NO,YES,NO,NO,True,7421.21,S2,YES,NO,0,0,971,,0,False,False,False,False,True,2026-05-13,22:25:00,2,peotv,2 + peotv
2026-05-13 22:25:00,S,,,S,NO,NO,NO,NO,True,10275.58,,NO,NO,0,0,97,,0,True,True,True,True,False,2026-05-13,22:25:00,Null,Null,Null + Null
2026-05-13 22:25:00,S,4.0,addon,S41211,NO,NO,NO,NO,True,6418.68,S41,NO,NO,0,0,114,,0,False,True,True,True,False,2026-05-13,22:25:00,4,addon,4 + addon
2026-05-13 22:25:00,S,2.0,peotv,S21,NO,NO,NO,NO,True,3535.6,S2,YES,NO,0,0,232,,0,False,False,True,True,False,2026-05-13,22:25:00,2,peotv,2 + peotv
2026-05-13 22:25:00,S,2.0,peotv,S21,NO,YES,NO,NO,True,487.12,S2,YES,NO,0,0,213,,0,False,False,True,True,False,2026-05-13,22:25:00,2,peotv,2 + peotv
2026-05-13 22:25:00,S,,,S,NO,NO,NO,NO,False,,,NO,NO,0,0,23,,0,True,True,True,True,False,2026-05-13,22:25:00,Null,Null,Null + Null
2026-05-13 22:25:00,S,3.0,,S3,NO,NO,NO,NO,True,-1493.38,S3,NO,NO,0,0,36,,0,True,True,True,True,False,2026-05-13,22:25:00,3,Null,3 + Null
2026-05-13 22:25:00,S,3.0,,S3,NO,NO,NO,NO,True,0.0,S3,YES,NO,0,0,323,,0,False,False,False,True,False,2026-05-13,22:25:00,3,Null,3 + Null
2026-05-13 22:25:00,S,7.0,,S7,NO,NO,NO,NO,True,25261.8,S7,YES,NO,0,0,316,,0,False,False,False,True,False,2026-05-13,22:25:00,7,Null,7 + Null
2026-05-13 22:25:00,S,4.0,extragb,S4111,NO,NO,NO,YES,True,-30.08,S41,NO,NO,0,0,77,,0,True,True,True,True,False,2026-05-13,22:25:00,4,extragb,4 + extragb
2026-05-13 22:25:00,S,2.0,peotv,S21,NO,YES,NO,NO,True,6637.58,S2,NO,NO,0,0,91,,0,True,True,True,True,False,2026-05-13,22:25:00,2,peotv,2 + peotv
2026-05-13 22:24:00,S,2.0,peotv,S21,NO,NO,NO,NO,True,-197.65,S2,YES,NO,0,0,715,,0,False,False,False,False,True,2026-05-13,22:24:00,2,peotv,2 + peotv
2026-05-13 22:24:00,S,2.0,peotv,S211,NO,YES,NO,NO,True,3608.46,S2,YES,NO,0,0,375,,0,False,False,False,True,False,2026-05-13,22:24:00,2,peotv,2 + peotv
2026-05-13 22:24:00,S,2.0,peotv,S21,NO,NO,NO,NO,True,366.07,S2,YES,NO,0,0,275,,0,False,False,True,True,False,2026-05-13,22:24:00,2,peotv,2 + peotv
2026-05-13 22:24:00,S,,,S,NO,NO,NO,NO,False,,,NO,NO,0,0,27,,0,True,True,True,True,False,2026-05-13,22:24:00,Null,Null,Null + Null
2026-05-13 22:24:00,S,7.0,,S7,NO,NO,NO,NO,True,4744.79,S7,YES,NO,0,0,71,,0,True,True,True,True,False,2026-05-13,22:24:00,7,Null,7 + Null
2026-05-13 22:24:00,S,,,S,NO,NO,NO,NO,False,,,NO,NO,0,0,23,,0,True,True,True,True,False,2026-05-13,22:24:00,Null,Null,Null + Null
2026-05-13 22:24:00,S,2.0,peotv,S21,YES,NO,NO,NO,True,5396.64,S2,YES,YES,1079,93,1253,,1172,False,False,False,False,True,2026-05-13,22:24:00,2,peotv,2 + peotv
2026-05-13 22:24:00,S,4.0,extragb,S4111,NO,NO,NO,YES,True,3935.95,S41,NO,NO,0,0,82,,0,True,True,True,True,False,2026-05-13,22:24:00,4,extragb,4 + extragb
2026-05-13 22:24:00,S,,,S,NO,NO,NO,NO,False,,,NO,NO,0,0,24,,0,True,True,True,True,False,2026-05-13,22:24:00,Null,Null,Null + Null
2026-05-13 22:24:00,S,,,S,NO,NO,NO,NO,False,,,NO,NO,0,0,41,,0,True,True,True,True,False,2026-05-13,22:24:00,Null,Null,Null + Null
2026-05-13 22:24:00,S,2.0,broadband,S22,NO,NO,NO,NO,True,5293.23,S2,YES,NO,0,0,332,,0,False,False,False,True,False,2026-05-13,22:24:00,2,broadband,2 + broadband
2026-05-13 22:24:00,S,2.0,peotv,S211,NO,YES,NO,NO,True,5738.67,S2,YES,NO,0,0,856,,0,False,False,False,False,True,2026-05-13,22:24:00,2,peotv,2 + peotv
2026-05-13 22:24:00,S,2.0,peotv,S21,NO,NO,NO,NO,True,5870.8,S2,YES,NO,0,0,146,,0,False,True,True,True,False,2026-05-13,22:24:00,2,peotv,2 + peotv
2026-05-13 22:24:00,S,4.0,extragb,S4111,NO,NO,NO,YES,True,7443.07,S41,NO,NO,0,0,25,,0,True,True,True,True,False,2026-05-13,22:24:00,4,extragb,4 + extragb
2026-05-13 22:24:00,S,,,S,NO,NO,NO,NO,False,,,NO,NO,0,0,34,,0,True,True,True,True,False,2026-05-13,22:24:00,Null,Null,Null + Null
2026-05-13 22:24:00,S,4.0,extragb,S4111,NO,NO,NO,YES,True,3369.7,S41,NO,NO,0,0,83,,0,True,True,True,True,False,2026-05-13,22:24:00,4,extragb,4 + extragb
2026-05-13 22:24:00,S,,,S,NO,NO,NO,NO,False,,,NO,NO,0,0,47,,0,True,True,True,True,False,2026-05-13,22:24:00,Null,Null,Null + Null
2026-05-13 22:24:00,S,2.0,peotv,S21,NO,NO,NO,NO,True,3451.66,S2,YES,NO,0,0,392,,0,False,False,False,True,False,2026-05-13,22:24:00,2,peotv,2 + peotv
2026-05-13 22:24:00,S,3.0,,S3,NO,NO,NO,NO,True,1071.72,S3,NO,NO,0,0,101,,0,False,True,True,True,False,2026-05-13,22:24:00,3,Null,3 + Null
2026-05-13 22:24:00,S,2.0,peotv,S21,NO,NO,NO,NO,True,-52.64,S2,YES,NO,0,0,271,,0,False,False,True,True,False,2026-05-13,22:24:00,2,peotv,2 + peotv
2026-05-13 22:24:00,S,2.0,peotv,S211,NO,YES,NO,NO,True,5142.85,S2,YES,NO,0,0,310,,0,False,False,False,True,False,2026-05-13,22:24:00,2,peotv,2 + peotv
2026-05-13 22:24:00,S,2.0,peotv,S211,NO,YES,NO,NO,True,4278.44,S2,YES,YES,1140,198,1425,,1338,False,False,False,False,True,2026-05-13,22:24:00,2,peotv,2 + peotv
2026-05-13 22:24:00,T,,,T,NO,NO,NO,NO,False,,,NO,NO,0,0,28,,0,True,True,True,True,False,2026-05-13,22:24:00,Null,Null,Null + Null
2026-05-13 22:24:00,S,,,S,NO,NO,NO,NO,False,,,NO,NO,0,0,30,,0,True,True,True,True,False,2026-05-13,22:24:00,Null,Null,Null + Null
2026-05-13 22:24:00,S,,,MOBITEL_S,NO,NO,NO,NO,False,,,NO,NO,0,0,31,,0,True,True,True,True,False,2026-05-13,22:24:00,Null,Null,Null + Null
2026-05-13 22:24:00,S,3.0,,S3,NO,NO,NO,NO,True,3191.57,S3,NO,NO,0,0,104,,0,False,True,True,True,False,2026-05-13,22:24:00,3,Null,3 + Null
2026-05-13 22:24:00,S,,,S,NO,NO,NO,NO,False,,,NO,NO,0,0,28,,0,True,True,True,True,False,2026-05-13,22:24:00,Null,Null,Null + Null
2026-05-13 22:24:00,S,2.0,peotv,S21,NO,NO,NO,NO,True,3400.87,S2,YES,NO,0,0,672,,0,False,False,False,False,True,2026-05-13,22:24:00,2,peotv,2 + peotv
2026-05-13 22:24:00,E,1.0,,ELty1,NO,NO,NO,NO,False,,E1,YES,NO,0,0,112,,0,False,True,True,True,False,2026-05-13,22:24:00,1,Null,1 + Null
2026-05-13 22:24:00,S,2.0,peotv,S211,NO,YES,NO,NO,True,2578.93,S2,YES,YES,1083,58,1227,,1141,False,False,False,False,True,2026-05-13,22:24:00,2,peotv,2 + peotv
2026-05-13 22:24:00,S,,,S,NO,NO,NO,NO,False,,,NO,NO,0,0,11,,0,True,True,True,True,False,2026-05-13,22:24:00,Null,Null,Null + Null
2026-05-13 22:24:00,S,3.0,,S3,NO,NO,NO,NO,True,3597.48,S3,YES,NO,0,0,140,,0,False,True,True,True,False,2026-05-13,22:24:00,3,Null,3 + Null
2026-05-13 22:24:00,S,2.0,peotv,S21,NO,NO,NO,NO,True,-234.32,S2,YES,NO,0,0,911,,0,False,False,False,False,True,2026-05-13,22:24:00,2,peotv,2 + peotv
2026-05-13 22:24:00,S,4.0,extragb,S41i,NO,NO,NO,NO,True,4808.72,S41,YES,NO,0,0,248,,0,False,False,True,True,False,2026-05-13,22:24:00,4,extragb,4 + extragb
2026-05-13 22:23:00,S,4.0,extragb,S41t,NO,NO,NO,NO,True,-18.76,S41,YES,NO,0,0,108,,0,False,True,True,True,False,2026-05-13,22:23:00,4,extragb,4 + extragb
2026-05-13 22:23:00,S,,,S,NO,NO,NO,NO,False,,,NO,NO,0,0,189,,0,False,True,True,True,False,2026-05-13,22:23:00,Null,Null,Null + Null
2026-05-13 22:23:00,S,2.0,peotv,S211,NO,YES,NO,NO,True,5874.47,S2,YES,NO,0,0,346,,0,False,False,False,True,False,2026-05-13,22:23:00,2,peotv,2 + peotv
2026-05-13 22:23:00,S,3.0,,S3,NO,NO,NO,NO,True,-96.27,S3,YES,NO,0,0,257,,0,False,False,True,True,False,2026-05-13,22:23:00,3,Null,3 + Null
2026-05-13 22:23:00,S,2.0,peotv,S21,NO,NO,NO,NO,True,5030.85,S2,YES,NO,0,0,207,,0,False,False,True,True,False,2026-05-13,22:23:00,2,peotv,2 + peotv
2026-05-13 22:23:00,S,6.0,1,S1,NO,NO,NO,NO,,,ECS,YES,NO,0,0,58,,0,True,True,True,True,False,2026-05-13,22:23:00,6,1,6 + 1
2026-05-13 22:23:00,S,7.0,,S7,NO,NO,NO,NO,True,1549.24,S7,YES,YES,1137,186,1459,,1323,False,False,False,False,True,2026-05-13,22:23:00,7,Null,7 + Null
2026-05-13 22:23:00,S,2.0,peotv,S21,NO,NO,NO,NO,True,2403.93,S2,YES,YES,1168,230,1503,,1398,False,False,False,False,True,2026-05-13,22:23:00,2,peotv,2 + peotv
2026-05-13 22:23:00,S,,,S,NO,NO,NO,NO,False,,,NO,NO,0,0,24,,0,True,True,True,True,False,2026-05-13,22:23:00,Null,Null,Null + Null
2026-05-13 22:23:00,S,2.0,peotv,S21,NO,NO,NO,NO,True,2762.45,S2,YES,NO,0,0,554,,0,False,False,False,False,True,2026-05-13,22:23:00,2,peotv,2 + peotv
2026-05-13 22:23:00,S,4.0,extragb,S41t,NO,NO,NO,NO,True,5769.95,S41,YES,YES,1093,45,1194,,1138,False,False,False,False,True,2026-05-13,22:23:00,4,extragb,4 + extragb
2026-05-13 22:23:00,S,1.0,,SLty1,NO,NO,NO,NO,False,,S1,YES,NO,0,0,711,,0,False,False,False,False,True,2026-05-13,22:23:00,1,Null,1 + Null
2026-05-13 22:23:00,S,2.0,peotv,S211,NO,YES,NO,NO,True,5596.29,S2,YES,YES,1151,179,1416,,1330,False,False,False,False,True,2026-05-13,22:23:00,2,peotv,2 + peotv
2026-05-13 22:23:00,T,,,T,NO,NO,NO,NO,False,,,NO,NO,0,0,32,,0,True,True,True,True,False,2026-05-13,22:23:00,Null,Null,Null + Null
2026-05-13 22:23:00,S,7.0,,S7,NO,NO,NO,NO,True,2641.77,S7,YES,YES,1144,103,1281,,1247,False,False,False,False,True,2026-05-13,22:23:00,7,Null,7 + Null
2026-05-13 22:23:00,S,2.0,voice,S23,NO,NO,NO,NO,True,4744.79,S2,NO,NO,0,0,94,,0,True,True,True,True,False,2026-05-13,22:23:00,2,voice,2 + voice
2026-05-13 22:23:00,S,3.0,,S3,NO,NO,NO,NO,True,8224.76,S3,YES,NO,0,0,601,,0,False,False,False,False,True,2026-05-13,22:23:00,3,Null,3 + Null
2026-05-13 22:23:00,S,3.0,,S3,NO,NO,NO,NO,True,5790.62,S3,YES,NO,0,0,771,,0,False,False,False,False,True,2026-05-13,22:23:00,3,Null,3 + Null
2026-05-13 22:23:00,S,,,S,NO,NO,NO,NO,False,,,NO,NO,0,0,27,,0,True,True,True,True,False,2026-05-13,22:23:00,Null,Null,Null + Null
2026-05-13 22:23:00,S,,,S,NO,NO,NO,NO,False,,,NO,NO,0,0,20,,0,True,True,True,True,False,2026-05-13,22:23:00,Null,Null,Null + Null
2026-05-13 22:23:00,S,,,S,NO,NO,NO,NO,False,,,NO,NO,0,0,34,,0,True,True,True,True,False,2026-05-13,22:23:00,Null,Null,Null + Null
2026-05-13 22:23:00,S,3.0,,S3,NO,NO,NO,NO,True,3626.52,S3,YES,NO,0,0,396,,0,False,False,False,True,False,2026-05-13,22:23:00,3,Null,3 + Null
2026-05-13 22:23:00,S,1.0,,MOBITEL_SLty1,NO,NO,NO,NO,False,,S1,YES,NO,0,0,38,,0,True,True,True,True,False,2026-05-13,22:23:00,1,Null,1 + Null
2026-05-13 22:23:00,S,,,S,NO,NO,NO,NO,False,,,NO,NO,0,0,222,,0,False,False,True,True,False,2026-05-13,22:23:00,Null,Null,Null + Null
2026-05-13 22:23:00,S,3.0,,S3,NO,NO,NO,NO,True,5061.26,S3,NO,NO,0,0,60,,0,True,True,True,True,False,2026-05-13,22:23:00,3,Null,3 + Null
2026-05-13 22:23:00,S,7.0,,S7,NO,NO,NO,NO,True,3382.15,S7,YES,NO,0,0,360,,0,False,False,False,True,False,2026-05-13,22:23:00,7,Null,7 + Null
2026-05-13 22:23:00,S,2.0,peotv,MOBITEL_S21,NO,NO,NO,NO,True,-247.24,S2,YES,NO,0,0,525,,0,False,False,False,False,True,2026-05-13,22:23:00,2,peotv,2 + peotv
2026-05-13 22:23:00,S,,,S,NO,NO,NO,NO,False,,,NO,NO,0,0,579,,0,False,False,False,False,True,2026-05-13,22:23:00,Null,Null,Null + Null
2026-05-13 22:23:00,S,3.0,,S3,NO,NO,NO,NO,True,1958.16,S3,NO,NO,0,0,94,,0,True,True,True,True,False,2026-05-13,22:23:00,3,Null,3 + Null
2026-05-13 22:23:00,S,7.0,,S7,NO,NO,NO,NO,True,-4640.37,S7,YES,NO,0,0,303,,0,False,False,False,True,False,2026-05-13,22:23:00,7,Null,7 + Null
2026-05-13 22:23:00,E,2.0,voice,E23,NO,NO,NO,NO,True,6372.72,E2,NO,NO,0,0,134,,0,False,True,True,True,False,2026-05-13,22:23:00,2,voice,2 + voice
2026-05-13 22:23:00,E,2.0,voice,E23,YES,NO,NO,NO,True,120682.14,E2,YES,YES,314,152,595,,466,False,False,False,False,True,2026-05-13,22:23:00,2,voice,2 + voice
2026-05-13 22:23:00,S,4.0,extragb,S4111,NO,NO,NO,YES,True,4075.45,S41,NO,NO,0,0,30,,0,True,True,True,True,False,2026-05-13,22:23:00,4,extragb,4 + extragb
2026-05-13 22:23:00,S,2.0,broadband,S22,NO,NO,NO,NO,True,1691.98,S2,YES,NO,0,0,530,,0,False,False,False,False,True,2026-05-13,22:23:00,2,broadband,2 + broadband
2026-05-13 22:23:00,S,2.0,peotv,S21,NO,NO,NO,NO,True,18254.23,S2,YES,NO,0,0,479,,0,False,False,False,True,False,2026-05-13,22:23:00,2,peotv,2 + peotv
2026-05-13 22:23:00,S,2.0,peotv,S21,NO,NO,NO,NO,True,4382.3,S2,YES,NO,0,0,1001,,0,False,False,False,False,True,2026-05-13,22:23:00,2,peotv,2 + peotv
2026-05-13 22:23:00,S,1.0,,S1,NO,NO,NO,NO,True,-398.05,S1,YES,NO,0,0,292,,0,False,False,True,True,False,2026-05-13,22:23:00,1,Null,1 + Null
2026-05-13 22:23:00,S,2.0,broadband,S22,NO,NO,NO,NO,True,-0.02,S2,YES,NO,0,0,363,,0,False,False,False,True,False,2026-05-13,22:23:00,2,broadband,2 + broadband
2026-05-13 22:23:00,S,7.0,,S7,NO,NO,NO,NO,True,3590.45,S7,YES,YES,1099,45,1191,,1144,False,False,False,False,True,2026-05-13,22:23:00,7,Null,7 + Null
2026-05-13 22:23:00,S,,,S,NO,NO,NO,NO,False,,,NO,NO,0,0,30,,0,True,True,True,True,False,2026-05-13,22:23:00,Null,Null,Null + Null
2026-05-13 22:22:00,S,2.0,peotv,S211,NO,YES,NO,NO,True,12038.08,S2,YES,NO,0,0,83,,0,True,True,True,True,False,2026-05-13,22:22:00,2,peotv,2 + peotv
2026-05-13 22:22:00,S,4.0,extragb,S41t,NO,NO,NO,NO,True,4206.57,S41,YES,YES,1111,46,1238,,1157,False,False,False,False,True,2026-05-13,22:22:00,4,extragb,4 + extragb
2026-05-13 22:22:00,S,3.0,,S3,NO,NO,NO,NO,True,5513.4,S3,YES,NO,0,0,374,,0,False,False,False,True,False,2026-05-13,22:22:00,3,Null,3 + Null
2026-05-13 22:22:00,T,,,T,NO,NO,NO,NO,False,,,NO,NO,0,0,484,,0,False,False,False,True,False,2026-05-13,22:22:00,Null,Null,Null + Null
2026-05-13 22:22:00,S,7.0,,S7,NO,NO,NO,NO,True,9036.15,S7,YES,NO,0,0,359,,0,False,False,False,True,False,2026-05-13,22:22:00,7,Null,7 + Null
2026-05-13 22:22:00,S,2.0,peotv,MOBITEL_S211,NO,YES,NO,NO,True,10303.93,S2,YES,NO,0,0,204,,0,False,False,True,True,False,2026-05-13,22:22:00,2,peotv,2 + peotv
2026-05-13 22:22:00,S,,,S,NO,NO,NO,NO,False,,,NO,NO,0,0,266,,0,False,False,True,True,False,2026-05-13,22:22:00,Null,Null,Null + Null
2026-05-13 22:22:00,S,7.0,,S7,NO,NO,NO,NO,True,621.95,S7,YES,NO,0,0,569,,0,False,False,False,False,True,2026-05-13,22:22:00,7,Null,7 + Null
2026-05-13 22:22:00,S,2.0,peotv,S211,NO,YES,NO,NO,True,2913.69,S2,YES,YES,1071,35,1209,,1106,False,False,False,False,True,2026-05-13,22:22:00,2,peotv,2 + peotv
2026-05-13 22:22:00,S,2.0,peotv,S21,NO,NO,NO,NO,True,4671.67,S2,YES,NO,0,0,70,,0,True,True,True,True,False,2026-05-13,22:22:00,2,peotv,2 + peotv
2026-05-13 22:22:00,S,2.0,peotv,S211,NO,YES,NO,NO,True,6948.91,S2,YES,NO,0,0,810,,0,False,False,False,False,True,2026-05-13,22:22:00,2,peotv,2 + peotv
2026-05-13 22:22:00,S,4.0,extragb,S4111,NO,NO,NO,NO,True,15772.86,S41,NO,NO,0,0,92,,0,True,True,True,True,False,2026-05-13,22:22:00,4,extragb,4 + extragb
2026-05-13 22:22:00,E,2.0,peotv,E21,NO,NO,NO,NO,True,-1.16,E2,YES,NO,0,0,132,,0,False,True,True,True,False,2026-05-13,22:22:00,2,peotv,2 + peotv
2026-05-13 22:22:00,S,2.0,peotv,S211,NO,YES,NO,NO,True,3934.19,S2,YES,YES,1145,89,1325,,1234,False,False,False,False,True,2026-05-13,22:22:00,2,peotv,2 + peotv
2026-05-13 22:22:00,S,2.0,peotv,S21,NO,NO,NO,NO,True,5390.22,S2,YES,NO,0,0,230,,0,False,False,True,True,False,2026-05-13,22:22:00,2,peotv,2 + peotv
2026-05-13 22:22:00,S,2.0,peotv,S21,NO,YES,NO,NO,True,1071.72,S2,YES,NO,0,0,267,,0,False,False,True,True,False,2026-05-13,22:22:00,2,peotv,2 + peotv
2026-05-13 22:22:00,S,2.0,peotv,S21,NO,YES,NO,NO,True,-18.99,S2,YES,NO,0,0,392,,0,False,False,False,True,False,2026-05-13,22:22:00,2,peotv,2 + peotv
2026-05-13 22:22:00,S,2.0,peotv,MOBITEL_S211,NO,YES,NO,NO,True,6885.45,S2,YES,NO,0,0,124,,0,False,True,True,True,False,2026-05-13,22:22:00,2,peotv,2 + peotv
2026-05-13 22:22:00,S,,,S,NO,NO,NO,NO,False,,,NO,NO,0,0,229,,0,False,False,True,True,False,2026-05-13,22:22:00,Null,Null,Null + Null
2026-05-13 22:22:00,S,2.0,peotv,S211,NO,YES,NO,NO,True,3009.88,S2,YES,NO,0,0,316,,0,False,False,False,True,False,2026-05-13,22:22:00,2,peotv,2 + peotv
2026-05-13 22:22:00,S,1.0,,S1,NO,NO,NO,NO,True,5837.02,S1,YES,NO,0,0,427,,0,False,False,False,True,False,2026-05-13,22:22:00,1,Null,1 + Null
2026-05-13 22:22:00,S,2.0,peotv,S21,NO,YES,NO,NO,True,4577.59,S2,NO,NO,0,0,99,,0,True,True,True,True,False,2026-05-13,22:22:00,2,peotv,2 + peotv
2026-05-13 22:22:00,S,2.0,peotv,S21,NO,NO,NO,NO,True,3184.11,S2,YES,NO,0,0,206,,0,False,False,True,True,False,2026-05-13,22:22:00,2,peotv,2 + peotv
2026-05-13 22:22:00,S,2.0,voice,S23,NO,NO,NO,NO,True,-376.82,S2,YES,NO,0,0,379,,0,False,False,False,True,False,2026-05-13,22:22:00,2,voice,2 + voice
2026-05-13 22:22:00,S,4.0,extragb,S4111,NO,NO,NO,YES,True,-423.56,S41,NO,NO,0,0,101,,0,False,True,True,True,False,2026-05-13,22:22:00,4,extragb,4 + extragb
2026-05-13 22:22:00,S,3.0,,S3,NO,NO,NO,NO,True,-250.22,S3,NO,NO,0,0,97,,0,True,True,True,True,False,2026-05-13,22:22:00,3,Null,3 + Null
2026-05-13 22:22:00,S,2.0,peotv,S21,NO,NO,NO,NO,True,5228.05,S2,YES,NO,0,0,365,,0,False,False,False,True,False,2026-05-13,22:22:00,2,peotv,2 + peotv
2026-05-13 22:22:00,S,7.0,,S7,NO,NO,NO,NO,True,2792.67,S7,YES,YES,1121,23,1282,,1144,False,False,False,False,True,2026-05-13,22:22:00,7,Null,7 + Null
2026-05-13 22:22:00,S,,,S,NO,NO,NO,NO,False,,,NO,NO,0,0,39,,0,True,True,True,True,False,2026-05-13,22:22:00,Null,Null,Null + Null
2026-05-13 22:22:00,S,2.0,peotv,S21,NO,NO,NO,NO,True,-1152.45,S2,YES,NO,0,0,236,,0,False,False,True,True,False,2026-05-13,22:22:00,2,peotv,2 + peotv
2026-05-13 22:22:00,S,2.0,broadband,S22,NO,NO,NO,NO,True,10275.58,S2,YES,NO,0,0,369,,0,False,False,False,True,False,2026-05-13,22:22:00,2,broadband,2 + broadband
2026-05-13 22:22:00,S,2.0,other,S2i,NO,NO,NO,NO,False,,S2,YES,NO,0,0,237,,0,False,False,True,True,False,2026-05-13,22:22:00,2,other,2 + other
2026-05-13 22:22:00,S,4.0,extragb,S411,NO,NO,NO,NO,True,4075.45,S41,NO,NO,0,0,63,,0,True,True,True,True,False,2026-05-13,22:22:00,4,extragb,4 + extragb
2026-05-13 22:22:00,S,4.0,extragb,S41t,NO,NO,NO,NO,True,4927.02,S41,YES,NO,0,0,456,,0,False,False,False,True,False,2026-05-13,22:22:00,4,extragb,4 + extragb
2026-05-13 22:22:00,S,1.0,,SLty1,NO,NO,NO,NO,False,,S1,YES,YES,1023,0,1094,,1023,False,False,False,False,True,2026-05-13,22:22:00,1,Null,1 + Null
2026-05-13 22:22:00,S,2.0,peotv,MOBITEL_S21,NO,NO,NO,NO,True,3745.34,S2,YES,NO,0,0,400,,0,False,False,False,True,False,2026-05-13,22:22:00,2,peotv,2 + peotv
2026-05-13 22:22:00,S,,,S,NO,NO,NO,NO,False,,,NO,NO,0,0,453,,0,False,False,False,True,False,2026-05-13,22:22:00,Null,Null,Null + Null
2026-05-13 22:22:00,S,4.0,addon,S412,NO,NO,NO,NO,True,7481.51,S41,YES,NO,0,0,358,,0,False,False,False,True,False,2026-05-13,22:22:00,4,addon,4 + addon
2026-05-13 22:22:00,S,2.0,peotv,MOBITEL_S21,NO,NO,NO,NO,True,3571.53,S2,YES,NO,0,0,185,,0,False,True,True,True,False,2026-05-13,22:22:00,2,peotv,2 + peotv
2026-05-13 22:22:00,S,,,S,NO,NO,NO,NO,False,,,NO,NO,0,0,224,,0,False,False,True,True,False,2026-05-13,22:22:00,Null,Null,Null + Null
2026-05-13 22:22:00,S,4.0,extragb,S41121,NO,NO,NO,YES,True,17231.76,S41,NO,NO,0,0,82,,0,True,True,True,True,False,2026-05-13,22:22:00,4,extragb,4 + extragb
2026-05-13 22:22:00,S,2.0,peotv,S21,NO,NO,NO,NO,True,4115.75,S2,YES,NO,0,0,331,,0,False,False,False,True,False,2026-05-13,22:22:00,2,peotv,2 + peotv
2026-05-13 22:22:00,S,2.0,peotv,S21,NO,YES,NO,NO,True,3591.47,S2,NO,NO,0,0,75,,0,True,True,True,True,False,2026-05-13,22:22:00,2,peotv,2 + peotv
2026-05-13 22:22:00,S,7.0,,S7,NO,NO,NO,NO,False,,S7,YES,YES,1148,107,1359,,1255,False,False,False,False,True,2026-05-13,22:22:00,7,Null,7 + Null
2026-05-13 22:22:00,S,3.0,,S3,NO,NO,NO,NO,True,-107.59,S3,YES,NO,0,0,135,,0,False,True,True,True,False,2026-05-13,22:22:00,3,Null,3 + Null
2026-05-13 22:22:00,S,3.0,,S3,NO,NO,NO,NO,True,6615.44,S3,YES,NO,0,0,244,,0,False,False,True,True,False,2026-05-13,22:22:00,3,Null,3 + Null
2026-05-13 22:22:00,S,2.0,peotv,S21,NO,YES,NO,NO,True,2715.09,S2,NO,NO,0,0,91,,0,True,True,True,True,False,2026-05-13,22:22:00,2,peotv,2 + peotv
2026-05-13 22:22:00,S,,,S,NO,NO,NO,NO,False,,,NO,NO,0,0,21,,0,True,True,True,True,False,2026-05-13,22:22:00,Null,Null,Null + Null
2026-05-13 22:22:00,S,2.0,peotv,S211,NO,YES,NO,NO,True,5176.39,S2,YES,YES,1146,5,1255,,1151,False,False,False,False,True,2026-05-13,22:22:00,2,peotv,2 + peotv
2026-05-13 22:22:00,S,2.0,peotv,S21,NO,NO,NO,NO,True,1575.03,S2,YES,YES,1127,30,1223,,1157,False,False,False,False,True,2026-05-13,22:22:00,2,peotv,2 + peotv
2026-05-13 22:22:00,S,2.0,peotv,S21,NO,NO,NO,NO,True,0.05,S2,YES,NO,0,0,493,,0,False,False,False,True,False,2026-05-13,22:22:00,2,peotv,2 + peotv
2026-05-13 22:22:00,S,2.0,broadband,S222,NO,NO,YES,NO,True,1289.24,S2,YES,YES,1159,26,1261,,1185,False,False,False,False,True,2026-05-13,22:22:00,2,broadband,2 + broadband
2026-05-13 22:22:00,S,2.0,peotv,S21,NO,YES,NO,NO,True,4744.79,S2,NO,NO,0,0,57,,0,True,True,True,True,False,2026-05-13,22:22:00,2,peotv,2 + peotv
2026-05-13 22:21:00,T,2.0,peotv,T21,NO,NO,NO,NO,True,5766.75,T2,YES,NO,0,0,322,,0,False,False,False,True,False,2026-05-13,22:21:00,2,peotv,2 + peotv
2026-05-13 22:21:00,T,,,T,NO,NO,NO,NO,False,,,NO,NO,0,0,166,,0,False,True,True,True,False,2026-05-13,22:21:00,Null,Null,Null + Null
2026-05-13 22:21:00,S,,,S,NO,NO,NO,NO,False,,,NO,NO,0,0,28,,0,True,True,True,True,False,2026-05-13,22:21:00,Null,Null,Null + Null
2026-05-13 22:21:00,S,2.0,other,S2t,NO,NO,NO,NO,True,557.03,S2,YES,YES,1134,112,1359,,1246,False,False,False,False,True,2026-05-13,22:21:00,2,other,2 + other
2026-05-13 22:21:00,S,2.0,peotv,S211,NO,YES,NO,NO,True,2007.24,S2,YES,YES,1191,264,1543,,1455,False,False,False,False,True,2026-05-13,22:21:00,2,peotv,2 + peotv
2026-05-13 22:21:00,S,2.0,peotv,S21,NO,YES,NO,NO,True,3464.64,S2,NO,NO,0,0,74,,0,True,True,True,True,False,2026-05-13,22:21:00,2,peotv,2 + peotv
2026-05-13 22:21:00,S,7.0,,S7,NO,NO,NO,NO,True,7044.08,S7,YES,NO,0,0,453,,0,False,False,False,True,False,2026-05-13,22:21:00,7,Null,7 + Null
2026-05-13 22:21:00,S,,,S,NO,NO,NO,NO,False,,,NO,NO,0,0,22,,0,True,True,True,True,False,2026-05-13,22:21:00,Null,Null,Null + Null
2026-05-13 22:21:00,S,,,S,NO,NO,NO,NO,True,1958.16,,NO,NO,0,0,62,,0,True,True,True,True,False,2026-05-13,22:21:00,Null,Null,Null + Null
2026-05-13 22:21:00,S,1.0,,S1,NO,NO,NO,NO,True,6174.81,S1,YES,NO,0,0,284,,0,False,False,True,True,False,2026-05-13,22:21:00,1,Null,1 + Null
2026-05-13 22:21:00,S,2.0,peotv,S21,NO,YES,NO,NO,True,-9.7,S2,YES,NO,0,0,330,,0,False,False,False,True,False,2026-05-13,22:21:00,2,peotv,2 + peotv
2026-05-13 22:21:00,S,7.0,,S7,NO,NO,NO,NO,True,9646.08,S7,YES,NO,0,0,411,,0,False,False,False,True,False,2026-05-13,22:21:00,7,Null,7 + Null
2026-05-13 22:21:00,S,2.0,peotv,S211,NO,YES,NO,NO,True,2941.57,S2,YES,NO,0,0,971,,0,False,False,False,False,True,2026-05-13,22:21:00,2,peotv,2 + peotv
2026-05-13 22:21:00,S,,,S,NO,NO,NO,NO,False,,,NO,NO,0,0,23,,0,True,True,True,True,False,2026-05-13,22:21:00,Null,Null,Null + Null
2026-05-13 22:21:00,S,1.0,,MOBITEL_SLty1,NO,NO,NO,NO,False,,S1,YES,NO,0,0,840,,0,False,False,False,False,True,2026-05-13,22:21:00,1,Null,1 + Null
2026-05-13 22:21:00,S,2.0,voice,S23,NO,NO,NO,NO,True,-22.63,S2,YES,NO,0,0,242,,0,False,False,True,True,False,2026-05-13,22:21:00,2,voice,2 + voice
2026-05-13 22:21:00,S,2.0,peotv,S21,NO,YES,NO,NO,True,681.45,S2,YES,NO,0,0,48,,0,True,True,True,True,False,2026-05-13,22:21:00,2,peotv,2 + peotv
2026-05-13 22:21:00,S,,,S,NO,NO,NO,NO,False,,,NO,NO,0,0,30,,0,True,True,True,True,False,2026-05-13,22:21:00,Null,Null,Null + Null
2026-05-13 22:21:00,S,,,S,NO,NO,NO,NO,False,,,NO,NO,0,0,25,,0,True,True,True,True,False,2026-05-13,22:21:00,Null,Null,Null + Null
2026-05-13 22:21:00,S,2.0,peotv,S21,NO,NO,NO,NO,True,8215.42,S2,YES,YES,1137,30,1238,,1167,False,False,False,False,True,2026-05-13,22:21:00,2,peotv,2 + peotv
2026-05-13 22:21:00,S,4.0,extragb,S411121,NO,NO,NO,YES,True,19086.01,S41,NO,NO,0,0,119,,0,False,True,True,True,False,2026-05-13,22:21:00,4,extragb,4 + extragb
2026-05-13 22:21:00,S,2.0,peotv,S21,YES,NO,NO,NO,True,743.47,S2,YES,NO,0,0,148,,0,False,True,True,True,False,2026-05-13,22:21:00,2,peotv,2 + peotv
2026-05-13 22:21:00,S,2.0,peotv,S21,NO,NO,NO,NO,True,-0.18,S2,YES,NO,0,0,368,,0,False,False,False,True,False,2026-05-13,22:21:00,2,peotv,2 + peotv
2026-05-13 22:21:00,S,4.0,extragb,S4111,NO,NO,NO,YES,True,4481.66,S41,NO,NO,0,0,33,,0,True,True,True,True,False,2026-05-13,22:21:00,4,extragb,4 + extragb
2026-05-13 22:21:00,S,,,S,NO,NO,NO,NO,False,,,NO,NO,0,0,32,,0,True,True,True,True,False,2026-05-13,22:21:00,Null,Null,Null + Null
2026-05-13 22:21:00,T,2.0,broadband,T221,NO,NO,YES,NO,True,5582.32,T2,YES,YES,486,124,751,,610,False,False,False,False,True,2026-05-13,22:21:00,2,broadband,2 + broadband
2026-05-13 22:21:00,S,2.0,peotv,S21,NO,NO,NO,NO,True,4677.55,S2,YES,NO,0,0,67,,0,True,True,True,True,False,2026-05-13,22:21:00,2,peotv,2 + peotv
2026-05-13 22:21:00,S,2.0,peotv,S211,NO,YES,NO,NO,True,4314.27,S2,YES,NO,0,0,182,,0,False,True,True,True,False,2026-05-13,22:21:00,2,peotv,2 + peotv
2026-05-13 22:21:00,S,2.0,peotv,S21,NO,NO,NO,NO,True,1173.63,S2,YES,YES,1152,56,1264,,1208,False,False,False,False,True,2026-05-13,22:21:00,2,peotv,2 + peotv
2026-05-13 22:21:00,S,2.0,peotv,S21,NO,NO,NO,NO,True,134.45,S2,YES,NO,0,0,602,,0,False,False,False,False,True,2026-05-13,22:21:00,2,peotv,2 + peotv
2026-05-13 22:21:00,S,7.0,,S7,NO,NO,NO,NO,True,12038.08,S7,YES,NO,0,0,304,,0,False,False,False,True,False,2026-05-13,22:21:00,7,Null,7 + Null
2026-05-13 22:21:00,S,2.0,peotv,S21,NO,NO,NO,NO,True,2199.63,S2,YES,NO,0,0,539,,0,False,False,False,False,True,2026-05-13,22:21:00,2,peotv,2 + peotv
2026-05-13 22:21:00,S,,,S,NO,NO,NO,NO,False,,,NO,NO,0,0,34,,0,True,True,True,True,False,2026-05-13,22:21:00,Null,Null,Null + Null
2026-05-13 22:21:00,S,2.0,peotv,S211,NO,YES,NO,NO,True,8005.7,S2,YES,NO,0,0,951,,0,False,False,False,False,True,2026-05-13,22:21:00,2,peotv,2 + peotv
2026-05-13 22:21:00,S,6.0,1,S1,NO,NO,NO,NO,,,ECS,YES,NO,0,0,50,,0,True,True,True,True,False,2026-05-13,22:21:00,6,1,6 + 1
2026-05-13 22:21:00,S,2.0,peotv,S21,NO,YES,NO,NO,True,583.11,S2,YES,NO,0,0,565,,0,False,False,False,False,True,2026-05-13,22:21:00,2,peotv,2 + peotv
2026-05-13 22:21:00,E,4.0,extragb,E41121,NO,NO,NO,YES,True,9333.37,E41,NO,NO,0,0,45,,0,True,True,True,True,False,2026-05-13,22:21:00,4,extragb,4 + extragb
2026-05-13 22:21:00,S,3.0,,S3,NO,NO,NO,NO,True,5219.74,S3,YES,NO,0,0,282,,0,False,False,True,True,False,2026-05-13,22:21:00,3,Null,3 + Null
2026-05-13 22:21:00,S,2.0,peotv,S21,NO,NO,NO,NO,True,10689.76,S2,YES,NO,0,0,759,,0,False,False,False,False,True,2026-05-13,22:21:00,2,peotv,2 + peotv
2026-05-13 22:21:00,S,2.0,voice,S23,NO,NO,NO,NO,True,487.12,S2,NO,NO,0,0,141,,0,False,True,True,True,False,2026-05-13,22:21:00,2,voice,2 + voice
2026-05-13 22:21:00,S,2.0,peotv,S21,NO,YES,NO,NO,True,6411.33,S2,NO,NO,0,0,104,,0,False,True,True,True,False,2026-05-13,22:21:00,2,peotv,2 + peotv
2026-05-13 22:21:00,S,4.0,extragb,S4111,NO,NO,NO,YES,True,23642.54,S41,NO,NO,0,0,49,,0,True,True,True,True,False,2026-05-13,22:21:00,4,extragb,4 + extragb
2026-05-13 22:21:00,E,4.0,extragb,E4111,NO,NO,NO,YES,True,-2.18,E41,NO,NO,0,0,81,,0,True,True,True,True,False,2026-05-13,22:21:00,4,extragb,4 + extragb
2026-05-13 22:21:00,S,4.0,extragb,S4111,NO,NO,NO,YES,True,5191.56,S41,NO,NO,0,0,85,,0,True,True,True,True,False,2026-05-13,22:21:00,4,extragb,4 + extragb
2026-05-13 22:21:00,S,2.0,peotv,S21,NO,NO,NO,NO,True,15772.86,S2,YES,NO,0,0,936,,0,False,False,False,False,True,2026-05-13,22:21:00,2,peotv,2 + peotv
2026-05-13 22:21:00,S,4.0,extragb,S4111,NO,NO,NO,YES,True,618.7,S41,NO,NO,0,0,50,,0,True,True,True,True,False,2026-05-13,22:21:00,4,extragb,4 + extragb
2026-05-13 22:21:00,S,3.0,,MOBITEL_S3,NO,NO,NO,NO,True,14825.16,S3,NO,NO,0,0,81,,0,True,True,True,True,False,2026-05-13,22:21:00,3,Null,3 + Null
2026-05-13 22:21:00,S,,,S,NO,NO,NO,NO,False,,,NO,NO,0,0,149,,0,False,True,True,True,False,2026-05-13,22:21:00,Null,Null,Null + Null
2026-05-13 22:21:00,S,3.0,,S3,NO,NO,NO,NO,True,2761.12,S3,NO,NO,0,0,54,,0,True,True,True,True,False,2026-05-13,22:21:00,3,Null,3 + Null
2026-05-13 22:21:00,S,2.0,peotv,S21,NO,NO,NO,NO,True,2855.47,S2,YES,NO,0,0,141,,0,False,True,True,True,False,2026-05-13,22:21:00,2,peotv,2 + peotv
2026-05-13 22:21:00,S,4.0,extragb,S41121,NO,NO,NO,YES,True,8348.23,S41,NO,NO,0,0,141,,0,False,True,True,True,False,2026-05-13,22:21:00,4,extragb,4 + extragb
2026-05-13 22:21:00,S,,,S,NO,NO,NO,NO,False,,,NO,NO,0,0,42,,0,True,True,True,True,False,2026-05-13,22:21:00,Null,Null,Null + Null
2026-05-13 22:21:00,S,2.0,peotv,S21,NO,NO,NO,NO,True,221.23,S2,YES,NO,0,0,138,,0,False,True,True,True,False,2026-05-13,22:21:00,2,peotv,2 + peotv
2026-05-13 22:21:00,S,4.0,extragb,S4111,NO,NO,NO,YES,True,10879.18,S41,NO,NO,0,0,66,,0,True,True,True,True,False,2026-05-13,22:21:00,4,extragb,4 + extragb
2026-05-13 22:21:00,S,1.0,,S1,NO,NO,NO,NO,True,6657.66,S1,YES,YES,1159,89,1349,,1248,False,False,False,False,True,2026-05-13,22:21:00,1,Null,1 + Null
2026-05-13 22:21:00,S,2.0,peotv,S21,NO,NO,NO,NO,True,3991.87,S2,YES,NO,0,0,926,,0,False,False,False,False,True,2026-05-13,22:21:00,2,peotv,2 + peotv
2026-05-13 22:21:00,S,4.0,extragb,S411,NO,NO,NO,NO,True,4075.45,S41,NO,NO,0,0,66,,0,True,True,True,True,False,2026-05-13,22:21:00,4,extragb,4 + extragb
2026-05-13 22:21:00,S,2.0,peotv,S21,NO,NO,NO,NO,True,-0.56,S2,YES,NO,0,0,529,,0,False,False,False,False,True,2026-05-13,22:21:00,2,peotv,2 + peotv
2026-05-13 22:21:00,S,1.0,,SLty1,NO,NO,NO,NO,False,,S1,YES,NO,0,0,53,,0,True,True,True,True,False,2026-05-13,22:21:00,1,Null,1 + Null
2026-05-13 22:21:00,S,3.0,,S3,NO,NO,NO,NO,True,16.97,S3,YES,NO,0,0,679,,0,False,False,False,False,True,2026-05-13,22:21:00,3,Null,3 + Null
2026-05-13 22:21:00,S,7.0,,S7,NO,NO,NO,NO,True,-1227.46,S7,YES,YES,1139,104,1339,,1243,False,False,False,False,True,2026-05-13,22:21:00,7,Null,7 + Null
2026-05-13 22:21:00,S,4.0,extragb,S4113,NO,NO,NO,NO,True,0.0,S41,NO,NO,0,0,132,,0,False,True,True,True,False,2026-05-13,22:21:00,4,extragb,4 + extragb
2026-05-13 22:21:00,S,2.0,peotv,S21,NO,NO,NO,NO,True,4184.01,S2,YES,YES,1153,60,1324,,1213,False,False,False,False,True,2026-05-13,22:21:00,2,peotv,2 + peotv
2026-05-13 22:21:00,T,,,T,NO,NO,NO,NO,False,,,NO,NO,0,0,7,,0,True,True,True,True,False,2026-05-13,22:21:00,Null,Null,Null + Null
2026-05-13 22:20:00,S,2.0,peotv,S21,NO,NO,NO,NO,True,-19.14,S2,YES,NO,0,0,376,,0,False,False,False,True,False,2026-05-13,22:20:00,2,peotv,2 + peotv
2026-05-13 22:20:00,S,4.0,extragb,S4112,NO,NO,NO,NO,True,1383.17,S41,NO,NO,0,0,29,,0,True,True,True,True,False,2026-05-13,22:20:00,4,extragb,4 + extragb
2026-05-13 22:20:00,S,3.0,,S3,NO,NO,NO,NO,True,5596.29,S3,YES,NO,0,0,249,,0,False,False,True,True,False,2026-05-13,22:20:00,3,Null,3 + Null
2026-05-13 22:20:00,S,2.0,peotv,S21,NO,YES,NO,NO,True,681.45,S2,YES,NO,0,0,77,,0,True,True,True,True,False,2026-05-13,22:20:00,2,peotv,2 + peotv
2026-05-13 22:20:00,S,2.0,broadband,S22,NO,NO,YES,NO,True,1599.66,S2,NO,NO,0,0,42,,0,True,True,True,True,False,2026-05-13,22:20:00,2,broadband,2 + broadband
2026-05-13 22:20:00,S,,,S,NO,NO,NO,NO,False,,,NO,NO,0,0,59,,0,True,True,True,True,False,2026-05-13,22:20:00,Null,Null,Null + Null
2026-05-13 22:20:00,S,2.0,peotv,S21,NO,YES,NO,NO,True,12257.66,S2,NO,NO,0,0,137,,0,False,True,True,True,False,2026-05-13,22:20:00,2,peotv,2 + peotv
2026-05-13 22:20:00,S,2.0,peotv,S21,NO,NO,NO,NO,True,10033.43,S2,YES,YES,1165,84,1338,,1249,False,False,False,False,True,2026-05-13,22:20:00,2,peotv,2 + peotv
2026-05-13 22:20:00,S,2.0,peotv,S21,NO,YES,NO,NO,True,681.45,S2,YES,NO,0,0,377,,0,False,False,False,True,False,2026-05-13,22:20:00,2,peotv,2 + peotv
2026-05-13 22:20:00,S,2.0,peotv,S21,NO,NO,NO,NO,True,603.08,S2,YES,YES,1039,649,1820,,1688,False,False,False,False,True,2026-05-13,22:20:00,2,peotv,2 + peotv
2026-05-13 22:20:00,S,,,S,NO,NO,NO,NO,False,,,NO,NO,0,0,30,,0,True,True,True,True,False,2026-05-13,22:20:00,Null,Null,Null + Null
2026-05-13 22:20:00,S,,,S,NO,NO,NO,NO,False,,,NO,NO,0,0,207,,0,False,False,True,True,False,2026-05-13,22:20:00,Null,Null,Null + Null
2026-05-13 22:20:00,S,,,MOBITEL_S,NO,NO,NO,NO,False,,,NO,NO,0,0,161,,0,False,True,True,True,False,2026-05-13,22:20:00,Null,Null,Null + Null
2026-05-13 22:20:00,S,1.0,,SLty1,NO,NO,NO,NO,False,,S1,YES,YES,1184,107,1349,,1291,False,False,False,False,True,2026-05-13,22:20:00,1,Null,1 + Null
2026-05-13 22:20:00,S,4.0,extragb,S4112,NO,NO,NO,NO,True,24919.55,S41,NO,NO,0,0,65,,0,True,True,True,True,False,2026-05-13,22:20:00,4,extragb,4 + extragb
2026-05-13 22:20:00,S,3.0,,S3,NO,NO,NO,NO,True,2748.85,S3,NO,NO,0,0,59,,0,True,True,True,True,False,2026-05-13,22:20:00,3,Null,3 + Null
2026-05-13 22:20:00,T,1.0,,TLty1,NO,NO,NO,NO,False,,T1,YES,YES,331,30,424,,361,False,False,False,True,False,2026-05-13,22:20:00,1,Null,1 + Null
2026-05-13 22:20:00,S,7.0,,S7,NO,NO,NO,NO,True,458.94,S7,YES,NO,0,0,930,,0,False,False,False,False,True,2026-05-13,22:20:00,7,Null,7 + Null
2026-05-13 22:20:00,S,2.0,peotv,S21,NO,NO,NO,NO,True,4143.03,S2,YES,NO,0,0,260,,0,False,False,True,True,False,2026-05-13,22:20:00,2,peotv,2 + peotv
2026-05-13 22:20:00,S,2.0,peotv,S211,NO,YES,NO,NO,True,2713.01,S2,YES,NO,0,0,530,,0,False,False,False,False,True,2026-05-13,22:20:00,2,peotv,2 + peotv
2026-05-13 22:20:00,S,2.0,peotv,S211,NO,YES,NO,NO,True,4012.25,S2,YES,YES,1163,34,1296,,1197,False,False,False,False,True,2026-05-13,22:20:00,2,peotv,2 + peotv
2026-05-13 22:20:00,S,,,S,NO,NO,NO,NO,False,,,NO,NO,0,0,12,,0,True,True,True,True,False,2026-05-13,22:20:00,Null,Null,Null + Null
2026-05-13 22:20:00,S,4.0,extragb,S4111,NO,NO,NO,NO,True,10040.07,S41,NO,NO,0,0,86,,0,True,True,True,True,False,2026-05-13,22:20:00,4,extragb,4 + extragb
2026-05-13 22:20:00,S,4.0,extragb,S4111,NO,NO,NO,YES,True,14058.72,S41,NO,NO,0,0,78,,0,True,True,True,True,False,2026-05-13,22:20:00,4,extragb,4 + extragb
2026-05-13 22:20:00,S,2.0,voice,S23,NO,NO,NO,NO,True,4586.35,S2,NO,NO,0,0,148,,0,False,True,True,True,False,2026-05-13,22:20:00,2,voice,2 + voice
2026-05-13 22:20:00,S,,,S,NO,NO,NO,NO,False,,,NO,NO,0,0,24,,0,True,True,True,True,False,2026-05-13,22:20:00,Null,Null,Null + Null
2026-05-13 22:20:00,S,2.0,peotv,S21,NO,NO,NO,NO,True,20291.92,S2,YES,YES,1178,72,1309,,1250,False,False,False,False,True,2026-05-13,22:20:00,2,peotv,2 + peotv
2026-05-13 22:20:00,S,2.0,peotv,S21,NO,NO,NO,NO,True,10457.1,S2,YES,NO,0,0,132,,0,False,True,True,True,False,2026-05-13,22:20:00,2,peotv,2 + peotv
2026-05-13 22:20:00,S,2.0,peotv,S21,NO,YES,NO,NO,True,5593.37,S2,NO,NO,0,0,58,,0,True,True,True,True,False,2026-05-13,22:20:00,2,peotv,2 + peotv
2026-05-13 22:20:00,S,2.0,peotv,S211,NO,YES,NO,NO,True,3046.27,S2,YES,NO,0,0,350,,0,False,False,False,True,False,2026-05-13,22:20:00,2,peotv,2 + peotv
2026-05-13 22:20:00,S,2.0,peotv,S21,NO,YES,NO,NO,True,-148.67,S2,YES,NO,0,0,138,,0,False,True,True,True,False,2026-05-13,22:20:00,2,peotv,2 + peotv
2026-05-13 22:20:00,S,3.0,,S3,NO,NO,NO,NO,True,882.76,S3,NO,NO,0,0,117,,0,False,True,True,True,False,2026-05-13,22:20:00,3,Null,3 + Null
2026-05-13 22:20:00,S,,,S,NO,NO,NO,NO,False,,,NO,NO,0,0,50,,0,True,True,True,True,False,2026-05-13,22:20:00,Null,Null,Null + Null
2026-05-13 22:20:00,S,2.0,peotv,S21,NO,YES,NO,NO,True,1803.42,S2,YES,NO,0,0,405,,0,False,False,False,True,False,2026-05-13,22:20:00,2,peotv,2 + peotv
2026-05-13 22:20:00,S,2.0,peotv,S21,YES,NO,NO,NO,True,0.0,S2,NO,NO,0,0,112,,0,False,True,True,True,False,2026-05-13,22:20:00,2,peotv,2 + peotv
2026-05-13 22:20:00,S,2.0,broadband,S22i,NO,NO,YES,NO,True,6044.27,S2,YES,NO,0,0,864,,0,False,False,False,False,True,2026-05-13,22:20:00,2,broadband,2 + broadband
2026-05-13 22:20:00,S,2.0,peotv,S21,NO,NO,NO,NO,True,2403.93,S2,YES,NO,0,0,85,,0,True,True,True,True,False,2026-05-13,22:20:00,2,peotv,2 + peotv
2026-05-13 22:20:00,S,4.0,extragb,S4111,NO,NO,NO,YES,True,4970.25,S41,NO,NO,0,0,67,,0,True,True,True,True,False,2026-05-13,22:20:00,4,extragb,4 + extragb
2026-05-13 22:20:00,S,2.0,peotv,S21,NO,YES,NO,NO,True,492.52,S2,YES,NO,0,0,623,,0,False,False,False,False,True,2026-05-13,22:20:00,2,peotv,2 + peotv
2026-05-13 22:20:00,S,2.0,peotv,S211,NO,YES,NO,NO,True,5974.47,S2,YES,YES,1177,43,1316,,1220,False,False,False,False,True,2026-05-13,22:20:00,2,peotv,2 + peotv
2026-05-13 22:20:00,S,2.0,peotv,S21,NO,NO,NO,NO,True,3728.08,S2,YES,NO,0,0,219,,0,False,False,True,True,False,2026-05-13,22:20:00,2,peotv,2 + peotv
2026-05-13 22:20:00,S,7.0,,S7,NO,NO,NO,NO,True,2696.54,S7,YES,NO,0,0,459,,0,False,False,False,True,False,2026-05-13,22:20:00,7,Null,7 + Null
2026-05-13 22:19:00,S,7.0,,S7,NO,NO,NO,NO,True,-325.25,S7,YES,NO,0,0,443,,0,False,False,False,True,False,2026-05-13,22:19:00,7,Null,7 + Null
2026-05-13 22:19:00,S,2.0,voice,S23,NO,NO,NO,NO,True,-0.76,S2,NO,NO,0,0,153,,0,False,True,True,True,False,2026-05-13,22:19:00,2,voice,2 + voice
2026-05-13 22:19:00,S,1.0,,SLty1,NO,NO,NO,NO,False,,S1,YES,NO,0,0,290,,0,False,False,True,True,False,2026-05-13,22:19:00,1,Null,1 + Null
2026-05-13 22:19:00,S,2.0,peotv,S21,NO,NO,NO,NO,True,2624.59,S2,YES,NO,0,0,233,,0,False,False,True,True,False,2026-05-13,22:19:00,2,peotv,2 + peotv
2026-05-13 22:19:00,S,2.0,peotv,S21,NO,YES,NO,NO,True,-10386.25,S2,YES,NO,0,0,298,,0,False,False,True,True,False,2026-05-13,22:19:00,2,peotv,2 + peotv
2026-05-13 22:19:00,S,,,S,NO,NO,NO,NO,False,,,NO,NO,0,0,33,,0,True,True,True,True,False,2026-05-13,22:19:00,Null,Null,Null + Null
2026-05-13 22:19:00,S,2.0,peotv,S21,NO,NO,NO,NO,True,4836.23,S2,YES,YES,1184,59,1363,,1243,False,False,False,False,True,2026-05-13,22:19:00,2,peotv,2 + peotv
2026-05-13 22:19:00,S,2.0,peotv,S211,NO,YES,NO,NO,True,5019.84,S2,YES,NO,0,0,1098,,0,False,False,False,False,True,2026-05-13,22:19:00,2,peotv,2 + peotv
2026-05-13 22:19:00,S,1.0,,SLty1,NO,NO,NO,NO,False,,S1,YES,NO,0,0,88,,0,True,True,True,True,False,2026-05-13,22:19:00,1,Null,1 + Null
2026-05-13 22:19:00,T,1.0,,MOBITEL_TLty1,NO,NO,NO,NO,False,,T1,YES,YES,501,152,700,,653,False,False,False,False,True,2026-05-13,22:19:00,1,Null,1 + Null
2026-05-13 22:19:00,T,,,T,NO,NO,NO,NO,False,,,NO,NO,0,0,818,,0,False,False,False,False,True,2026-05-13,22:19:00,Null,Null,Null + Null
2026-05-13 22:19:00,S,7.0,,S7,NO,NO,NO,NO,True,4324.05,S7,YES,YES,1199,60,1370,,1259,False,False,False,False,True,2026-05-13,22:19:00,7,Null,7 + Null
2026-05-13 22:19:00,S,2.0,peotv,S211,NO,YES,NO,NO,True,5939.06,S2,YES,YES,1178,43,1306,,1221,False,False,False,False,True,2026-05-13,22:19:00,2,peotv,2 + peotv
2026-05-13 22:19:00,S,,,S,NO,NO,NO,NO,False,,,NO,NO,0,0,23,,0,True,True,True,True,False,2026-05-13,22:19:00,Null,Null,Null + Null
2026-05-13 22:19:00,S,2.0,peotv,S211,NO,YES,NO,NO,True,3863.87,S2,YES,NO,0,0,187,,0,False,True,True,True,False,2026-05-13,22:19:00,2,peotv,2 + peotv
2026-05-13 22:19:00,S,4.0,extragb,S4111,NO,NO,NO,YES,True,15288.51,S41,NO,NO,0,0,45,,0,True,True,True,True,False,2026-05-13,22:19:00,4,extragb,4 + extragb
2026-05-13 22:19:00,S,3.0,,S3,NO,NO,NO,NO,True,-37.58,S3,NO,NO,0,0,63,,0,True,True,True,True,False,2026-05-13,22:19:00,3,Null,3 + Null
2026-05-13 22:19:00,S,3.0,,S3,NO,NO,NO,NO,True,-1985.2,S3,YES,NO,0,0,389,,0,False,False,False,True,False,2026-05-13,22:19:00,3,Null,3 + Null
2026-05-13 22:19:00,S,7.0,,S7,NO,NO,NO,NO,True,3001.1,S7,YES,NO,0,0,545,,0,False,False,False,False,True,2026-05-13,22:19:00,7,Null,7 + Null
2026-05-13 22:19:00,E,3.0,,E3,NO,NO,NO,NO,True,0.0,E3,YES,NO,0,0,146,,0,False,True,True,True,False,2026-05-13,22:19:00,3,Null,3 + Null
2026-05-13 22:19:00,S,4.0,extragb,S4111,NO,NO,NO,YES,True,12858.85,S41,NO,NO,0,0,36,,0,True,True,True,True,False,2026-05-13,22:19:00,4,extragb,4 + extragb
2026-05-13 22:19:00,S,1.0,,SLty1,NO,NO,NO,NO,False,,S1,YES,NO,0,0,123,,0,False,True,True,True,False,2026-05-13,22:19:00,1,Null,1 + Null
2026-05-13 22:19:00,S,2.0,peotv,S21,NO,NO,NO,NO,True,11018.69,S2,YES,NO,0,0,582,,0,False,False,False,False,True,2026-05-13,22:19:00,2,peotv,2 + peotv
2026-05-13 22:19:00,E,4.0,extragb,E4111,NO,NO,NO,YES,True,18507.92,E41,NO,NO,0,0,28,,0,True,True,True,True,False,2026-05-13,22:19:00,4,extragb,4 + extragb
2026-05-13 22:19:00,S,2.0,peotv,S21,NO,NO,NO,NO,True,0.0,S2,YES,YES,1195,63,1393,,1258,False,False,False,False,True,2026-05-13,22:19:00,2,peotv,2 + peotv
2026-05-13 22:19:00,S,3.0,,S3,NO,NO,NO,NO,True,1804.71,S3,NO,NO,0,0,70,,0,True,True,True,True,False,2026-05-13,22:19:00,3,Null,3 + Null
2026-05-13 22:19:00,E,2.0,voice,E23,YES,NO,NO,NO,True,5572.69,E2,YES,YES,894,135,1136,,1029,False,False,False,False,True,2026-05-13,22:19:00,2,voice,2 + voice
2026-05-13 22:19:00,S,7.0,,S7,NO,NO,NO,NO,True,4986.17,S7,YES,NO,0,0,118,,0,False,True,True,True,False,2026-05-13,22:19:00,7,Null,7 + Null
2026-05-13 22:19:00,S,2.0,peotv,S21,NO,NO,NO,NO,True,6076.66,S2,YES,NO,0,0,417,,0,False,False,False,True,False,2026-05-13,22:19:00,2,peotv,2 + peotv
2026-05-13 22:19:00,S,,,S,NO,NO,NO,NO,False,,,NO,NO,0,0,52,,0,True,True,True,True,False,2026-05-13,22:19:00,Null,Null,Null + Null
2026-05-13 22:19:00,S,3.0,,S3,NO,NO,NO,NO,True,6202.97,S3,NO,NO,0,0,92,,0,True,True,True,True,False,2026-05-13,22:19:00,3,Null,3 + Null
2026-05-13 22:19:00,S,7.0,,S,NO,NO,NO,NO,False,,S_LTY,YES,YES,1,110,162,,111,False,True,True,True,False,2026-05-13,22:19:00,7,Null,7 + Null
2026-05-13 22:19:00,S,4.0,extragb,S411223,NO,NO,NO,NO,True,8177.24,S41,NO,NO,0,0,125,,0,False,True,True,True,False,2026-05-13,22:19:00,4,extragb,4 + extragb
2026-05-13 22:19:00,S,2.0,peotv,S21,NO,NO,NO,NO,True,2828.45,S2,YES,NO,0,0,513,,0,False,False,False,False,True,2026-05-13,22:19:00,2,peotv,2 + peotv
2026-05-13 22:19:00,S,7.0,,S7,NO,NO,NO,NO,True,0.07,S7,YES,NO,0,0,169,,0,False,True,True,True,False,2026-05-13,22:19:00,7,Null,7 + Null
2026-05-13 22:19:00,S,2.0,peotv,S211,NO,YES,NO,NO,True,5593.37,S2,YES,NO,0,0,450,,0,False,False,False,True,False,2026-05-13,22:19:00,2,peotv,2 + peotv
2026-05-13 22:19:00,S,2.0,peotv,S21,YES,NO,NO,NO,True,2208.5,S2,YES,NO,0,0,783,,0,False,False,False,False,True,2026-05-13,22:19:00,2,peotv,2 + peotv
2026-05-13 22:19:00,S,2.0,peotv,S211,NO,YES,NO,NO,True,4808.72,S2,YES,NO,0,0,656,,0,False,False,False,False,True,2026-05-13,22:19:00,2,peotv,2 + peotv
2026-05-13 22:19:00,S,4.0,extragb,S4111,NO,NO,NO,YES,True,5.92,S41,NO,NO,0,0,81,,0,True,True,True,True,False,2026-05-13,22:19:00,4,extragb,4 + extragb
2026-05-13 22:19:00,S,2.0,peotv,S211,NO,YES,NO,NO,True,9039.94,S2,YES,NO,0,0,295,,0,False,False,True,True,False,2026-05-13,22:19:00,2,peotv,2 + peotv
2026-05-13 22:19:00,S,2.0,peotv,S21,NO,NO,NO,NO,True,-1937.27,S2,YES,NO,0,0,1199,,0,False,False,False,False,True,2026-05-13,22:19:00,2,peotv,2 + peotv
2026-05-13 22:19:00,S,,,S,NO,NO,NO,NO,False,,,NO,NO,0,0,24,,0,True,True,True,True,False,2026-05-13,22:19:00,Null,Null,Null + Null
2026-05-13 22:19:00,S,4.0,extragb,S4111,NO,NO,NO,YES,True,35498.67,S41,NO,NO,0,0,66,,0,True,True,True,True,False,2026-05-13,22:19:00,4,extragb,4 + extragb
2026-05-13 22:18:00,S,2.0,peotv,S21,NO,NO,NO,NO,True,2024.46,S2,YES,NO,0,0,654,,0,False,False,False,False,True,2026-05-13,22:18:00,2,peotv,2 + peotv
2026-05-13 22:18:00,S,2.0,other,S24,NO,NO,NO,NO,True,3966.58,S2,YES,YES,1189,80,1397,,1269,False,False,False,False,True,2026-05-13,22:18:00,2,other,2 + other
2026-05-13 22:18:00,T,7.0,,T7,NO,NO,NO,NO,True,9821.67,T7,YES,NO,0,0,503,,0,False,False,False,False,True,2026-05-13,22:18:00,7,Null,7 + Null
2026-05-13 22:18:00,S,7.0,,S7,NO,NO,NO,NO,True,5854.78,S7,YES,YES,888,792,1815,,1680,False,False,False,False,True,2026-05-13,22:18:00,7,Null,7 + Null
2026-05-13 22:18:00,S,4.0,extragb,S4112,NO,NO,NO,NO,True,5968.7,S41,NO,NO,0,0,16,,0,True,True,True,True,False,2026-05-13,22:18:00,4,extragb,4 + extragb
2026-05-13 22:18:00,S,2.0,peotv,S211,NO,YES,NO,NO,True,4577.59,S2,YES,YES,1181,22,1284,,1203,False,False,False,False,True,2026-05-13,22:18:00,2,peotv,2 + peotv
2026-05-13 22:18:00,S,,,S,NO,NO,NO,NO,False,,,NO,NO,0,0,149,,0,False,True,True,True,False,2026-05-13,22:18:00,Null,Null,Null + Null
2026-05-13 22:18:00,S,2.0,peotv,S21,NO,YES,NO,NO,True,4961.65,S2,NO,NO,0,0,115,,0,False,True,True,True,False,2026-05-13,22:18:00,2,peotv,2 + peotv
2026-05-13 22:18:00,S,7.0,,S7,NO,NO,NO,NO,True,5958.16,S7,YES,YES,1107,415,1589,,1522,False,False,False,False,True,2026-05-13,22:18:00,7,Null,7 + Null
2026-05-13 22:18:00,S,4.0,extragb,S41t,NO,NO,NO,NO,True,-15.06,S41,YES,NO,0,0,79,,0,True,True,True,True,False,2026-05-13,22:18:00,4,extragb,4 + extragb
2026-05-13 22:18:00,S,2.0,peotv,S21,NO,NO,NO,NO,True,15890.19,S2,YES,NO,0,0,425,,0,False,False,False,True,False,2026-05-13,22:18:00,2,peotv,2 + peotv
2026-05-13 22:18:00,S,4.0,extragb,S4111,NO,NO,NO,YES,True,13595.06,S41,NO,NO,0,0,129,,0,False,True,True,True,False,2026-05-13,22:18:00,4,extragb,4 + extragb
2026-05-13 22:18:00,S,2.0,peotv,S21,NO,NO,NO,NO,True,2385.19,S2,YES,NO,0,0,135,,0,False,True,True,True,False,2026-05-13,22:18:00,2,peotv,2 + peotv
2026-05-13 22:18:00,S,2.0,peotv,S21,NO,NO,NO,NO,True,4526.53,S2,YES,NO,0,0,179,,0,False,True,True,True,False,2026-05-13,22:18:00,2,peotv,2 + peotv
2026-05-13 22:18:00,S,,,S,NO,NO,NO,NO,False,,,NO,NO,0,0,173,,0,False,True,True,True,False,2026-05-13,22:18:00,Null,Null,Null + Null
2026-05-13 22:18:00,S,2.0,peotv,S21,NO,NO,NO,NO,True,2751.67,S2,YES,YES,1198,44,1297,,1242,False,False,False,False,True,2026-05-13,22:18:00,2,peotv,2 + peotv
2026-05-13 22:18:00,S,2.0,peotv,S21,NO,YES,NO,NO,True,825.73,S2,YES,YES,1191,130,1414,,1321,False,False,False,False,True,2026-05-13,22:18:00,2,peotv,2 + peotv
2026-05-13 22:18:00,S,2.0,peotv,S21,NO,YES,NO,NO,True,-632.02,S2,YES,NO,0,0,149,,0,False,True,True,True,False,2026-05-13,22:18:00,2,peotv,2 + peotv
2026-05-13 22:18:00,S,2.0,peotv,S21,NO,NO,NO,NO,True,4246.74,S2,YES,YES,1178,14,1294,,1192,False,False,False,False,True,2026-05-13,22:18:00,2,peotv,2 + peotv
2026-05-13 22:18:00,S,2.0,peotv,S211,NO,YES,NO,NO,True,6364.46,S2,YES,NO,0,0,501,,0,False,False,False,False,True,2026-05-13,22:18:00,2,peotv,2 + peotv
2026-05-13 22:18:00,S,7.0,,S7,NO,NO,NO,NO,True,4745.46,S7,YES,NO,0,0,860,,0,False,False,False,False,True,2026-05-13,22:18:00,7,Null,7 + Null
2026-05-13 22:18:00,S,,,S,NO,NO,NO,NO,False,,,NO,NO,0,0,92,,0,True,True,True,True,False,2026-05-13,22:18:00,Null,Null,Null + Null
2026-05-13 22:18:00,S,,,S,NO,NO,NO,NO,False,,,NO,NO,0,0,29,,0,True,True,True,True,False,2026-05-13,22:18:00,Null,Null,Null + Null
2026-05-13 22:18:00,S,7.0,,S7,NO,NO,NO,NO,True,3571.06,S7,YES,NO,0,0,1159,,0,False,False,False,False,True,2026-05-13,22:18:00,7,Null,7 + Null
2026-05-13 22:18:00,S,2.0,peotv,S211,NO,YES,NO,NO,True,9036.15,S2,YES,YES,1198,26,1321,,1224,False,False,False,False,True,2026-05-13,22:18:00,2,peotv,2 + peotv
2026-05-13 22:18:00,S,,,S,NO,NO,NO,NO,False,,,NO,NO,0,0,45,,0,True,True,True,True,False,2026-05-13,22:18:00,Null,Null,Null + Null
2026-05-13 22:18:00,E,7.0,,E7,NO,NO,NO,NO,True,2750.43,E7,YES,NO,0,0,214,,0,False,False,True,True,False,2026-05-13,22:18:00,7,Null,7 + Null
2026-05-13 22:18:00,S,2.0,peotv,S21,NO,NO,NO,NO,True,5003.8,S2,YES,NO,0,0,209,,0,False,False,True,True,False,2026-05-13,22:18:00,2,peotv,2 + peotv
2026-05-13 22:18:00,S,,,S,NO,NO,NO,NO,False,,,NO,NO,0,0,25,,0,True,True,True,True,False,2026-05-13,22:18:00,Null,Null,Null + Null
2026-05-13 22:18:00,S,7.0,,S7,NO,NO,NO,NO,True,10790.21,S7,YES,NO,0,0,538,,0,False,False,False,False,True,2026-05-13,22:18:00,7,Null,7 + Null
2026-05-13 22:18:00,S,,,S,NO,NO,NO,NO,False,,,NO,NO,0,0,27,,0,True,True,True,True,False,2026-05-13,22:18:00,Null,Null,Null + Null
2026-05-13 22:18:00,S,,,S,NO,NO,NO,NO,False,,,NO,NO,0,0,34,,0,True,True,True,True,False,2026-05-13,22:18:00,Null,Null,Null + Null
2026-05-13 22:18:00,S,7.0,,S7,NO,NO,NO,NO,False,,S7,YES,NO,0,0,903,,0,False,False,False,False,True,2026-05-13,22:18:00,7,Null,7 + Null
2026-05-13 22:18:00,S,2.0,peotv,S21,NO,NO,NO,NO,True,0.0,S2,YES,NO,0,0,118,,0,False,True,True,True,False,2026-05-13,22:18:00,2,peotv,2 + peotv
2026-05-13 22:18:00,S,2.0,peotv,MOBITEL_S21,NO,NO,NO,NO,True,3571.53,S2,YES,NO,0,0,791,,0,False,False,False,False,True,2026-05-13,22:18:00,2,peotv,2 + peotv
2026-05-13 22:18:00,S,,,S,NO,NO,NO,NO,False,,,NO,NO,0,0,849,,0,False,False,False,False,True,2026-05-13,22:18:00,Null,Null,Null + Null
2026-05-13 22:18:00,S,,,S,NO,NO,NO,NO,False,,,NO,NO,0,0,24,,0,True,True,True,True,False,2026-05-13,22:18:00,Null,Null,Null + Null
2026-05-13 22:18:00,S,2.0,peotv,S21,NO,YES,NO,NO,True,0.0,S2,YES,YES,1197,58,1307,,1255,False,False,False,False,True,2026-05-13,22:18:00,2,peotv,2 + peotv
2026-05-13 22:18:00,S,2.0,peotv,S211,NO,YES,NO,NO,True,2703.22,S2,YES,NO,0,0,207,,0,False,False,True,True,False,2026-05-13,22:18:00,2,peotv,2 + peotv
2026-05-13 22:18:00,S,,,S,NO,NO,NO,NO,True,6328.42,,NO,NO,0,0,158,,0,False,True,True,True,False,2026-05-13,22:18:00,Null,Null,Null + Null
2026-05-13 22:18:00,S,,,S,NO,NO,NO,NO,False,,,NO,NO,0,0,71,,0,True,True,True,True,False,2026-05-13,22:18:00,Null,Null,Null + Null
2026-05-13 22:18:00,S,2.0,peotv,S21,NO,YES,NO,NO,True,10161.32,S2,NO,NO,0,0,70,,0,True,True,True,True,False,2026-05-13,22:18:00,2,peotv,2 + peotv
2026-05-13 22:18:00,S,,,S,NO,NO,NO,NO,False,,,NO,NO,0,0,23,,0,True,True,True,True,False,2026-05-13,22:18:00,Null,Null,Null + Null
2026-05-13 22:18:00,S,3.0,,S3,NO,NO,NO,NO,True,25261.8,S3,NO,NO,0,0,49,,0,True,True,True,True,False,2026-05-13,22:18:00,3,Null,3 + Null
2026-05-13 22:18:00,S,,,S,NO,NO,NO,NO,False,,,NO,NO,0,0,22,,0,True,True,True,True,False,2026-05-13,22:18:00,Null,Null,Null + Null
2026-05-13 22:18:00,S,2.0,peotv,S21,NO,NO,NO,NO,True,-7.71,S2,YES,NO,0,0,426,,0,False,False,False,True,False,2026-05-13,22:18:00,2,peotv,2 + peotv
2026-05-13 22:18:00,S,3.0,,S3,NO,NO,NO,NO,True,3736.28,S3,YES,NO,0,0,397,,0,False,False,False,True,False,2026-05-13,22:18:00,3,Null,3 + Null
2026-05-13 22:17:00,S,2.0,peotv,S21,NO,NO,NO,NO,True,6610.05,S2,YES,NO,0,0,804,,0,False,False,False,False,True,2026-05-13,22:17:00,2,peotv,2 + peotv
2026-05-13 22:17:00,S,,,S,NO,NO,NO,NO,False,,,NO,NO,0,0,2,,0,True,True,True,True,False,2026-05-13,22:17:00,Null,Null,Null + Null
2026-05-13 22:17:00,S,4.0,extragb,S4112,NO,NO,NO,NO,True,-89.72,S41,NO,NO,0,0,54,,0,True,True,True,True,False,2026-05-13,22:17:00,4,extragb,4 + extragb
2026-05-13 22:17:00,S,,,S,NO,NO,NO,NO,False,,,NO,NO,0,0,90,,0,True,True,True,True,False,2026-05-13,22:17:00,Null,Null,Null + Null
2026-05-13 22:17:00,S,,,S,NO,NO,NO,NO,False,,,NO,NO,0,0,25,,0,True,True,True,True,False,2026-05-13,22:17:00,Null,Null,Null + Null
2026-05-13 22:17:00,T,,,T,NO,NO,NO,NO,False,,,NO,NO,0,0,13,,0,True,True,True,True,False,2026-05-13,22:17:00,Null,Null,Null + Null
2026-05-13 22:17:00,S,7.0,,S7,NO,NO,NO,NO,True,-9.52,S7,YES,YES,1200,0,1271,,1200,False,False,False,False,True,2026-05-13,22:17:00,7,Null,7 + Null
2026-05-13 22:17:00,S,2.0,peotv,S21,NO,YES,NO,NO,True,6615.44,S2,NO,NO,0,0,59,,0,True,True,True,True,False,2026-05-13,22:17:00,2,peotv,2 + peotv
2026-05-13 22:17:00,S,2.0,peotv,S211,NO,YES,NO,NO,True,2968.95,S2,YES,YES,1178,113,1377,,1291,False,False,False,False,True,2026-05-13,22:17:00,2,peotv,2 + peotv
2026-05-13 22:17:00,S,2.0,peotv,S21,NO,NO,NO,NO,True,5811.92,S2,YES,NO,0,0,160,,0,False,True,True,True,False,2026-05-13,22:17:00,2,peotv,2 + peotv
2026-05-13 22:17:00,S,4.0,extragb,S4111,NO,NO,NO,YES,True,124.36,S41,NO,NO,0,0,94,,0,True,True,True,True,False,2026-05-13,22:17:00,4,extragb,4 + extragb
2026-05-13 22:17:00,S,3.0,,S3,NO,NO,NO,NO,True,13087.65,S3,YES,YES,1022,508,1629,,1530,False,False,False,False,True,2026-05-13,22:17:00,3,Null,3 + Null
2026-05-13 22:17:00,S,,,S,NO,NO,NO,NO,False,,,NO,NO,0,0,24,,0,True,True,True,True,False,2026-05-13,22:17:00,Null,Null,Null + Null
2026-05-13 22:17:00,S,2.0,peotv,S211,NO,YES,NO,NO,True,2007.24,S2,YES,NO,0,0,171,,0,False,True,True,True,False,2026-05-13,22:17:00,2,peotv,2 + peotv
2026-05-13 22:17:00,S,,,S,NO,NO,NO,NO,False,,,NO,NO,0,0,23,,0,True,True,True,True,False,2026-05-13,22:17:00,Null,Null,Null + Null
2026-05-13 22:17:00,S,2.0,peotv,S21,NO,NO,NO,NO,True,-22.1,S2,YES,NO,0,0,815,,0,False,False,False,False,True,2026-05-13,22:17:00,2,peotv,2 + peotv
2026-05-13 22:17:00,S,1.0,,S1,NO,NO,NO,NO,True,-52.84,S1,YES,NO,0,0,421,,0,False,False,False,True,False,2026-05-13,22:17:00,1,Null,1 + Null
2026-05-13 22:17:00,S,4.0,extragb,S4111,NO,NO,NO,YES,True,-11.95,S41,NO,NO,0,0,33,,0,True,True,True,True,False,2026-05-13,22:17:00,4,extragb,4 + extragb
2026-05-13 22:17:00,S,3.0,,S3,NO,NO,NO,NO,True,11484.01,S3,NO,NO,0,0,127,,0,False,True,True,True,False,2026-05-13,22:17:00,3,Null,3 + Null
2026-05-13 22:17:00,S,2.0,peotv,S21,NO,NO,NO,NO,True,5083.95,S2,YES,NO,0,0,138,,0,False,True,True,True,False,2026-05-13,22:17:00,2,peotv,2 + peotv
2026-05-13 22:17:00,S,2.0,peotv,S211,NO,YES,NO,NO,True,5912.53,S2,YES,YES,1188,39,1315,,1227,False,False,False,False,True,2026-05-13,22:17:00,2,peotv,2 + peotv
2026-05-13 22:17:00,S,2.0,peotv,S21,NO,YES,NO,NO,True,-46.1,S2,YES,NO,0,0,573,,0,False,False,False,False,True,2026-05-13,22:17:00,2,peotv,2 + peotv
2026-05-13 22:17:00,S,2.0,peotv,S21,NO,NO,NO,NO,True,-176.66,S2,YES,NO,0,0,326,,0,False,False,False,True,False,2026-05-13,22:17:00,2,peotv,2 + peotv
2026-05-13 22:17:00,S,,,S,NO,NO,NO,NO,False,,,NO,NO,0,0,61,,0,True,True,True,True,False,2026-05-13,22:17:00,Null,Null,Null + Null
2026-05-13 22:17:00,S,2.0,peotv,S21,NO,NO,NO,NO,True,692.95,S2,YES,NO,0,0,427,,0,False,False,False,True,False,2026-05-13,22:17:00,2,peotv,2 + peotv
2026-05-13 22:17:00,S,7.0,,MOBITEL_S7,NO,NO,NO,NO,True,2427.92,S7,YES,YES,1110,278,1499,,1388,False,False,False,False,True,2026-05-13,22:17:00,7,Null,7 + Null
2026-05-13 22:17:00,S,,,S,NO,NO,NO,NO,False,,,NO,NO,0,0,1555,,0,False,False,False,False,True,2026-05-13,22:17:00,Null,Null,Null + Null
2026-05-13 22:17:00,S,2.0,,S2,NO,NO,NO,NO,True,9614.05,S2,NO,NO,0,0,44,,0,True,True,True,True,False,2026-05-13,22:17:00,2,Null,2 + Null
2026-05-13 22:17:00,S,,,S,NO,NO,NO,NO,False,,,NO,NO,0,0,26,,0,True,True,True,True,False,2026-05-13,22:17:00,Null,Null,Null + Null
2026-05-13 22:17:00,S,4.0,extragb,S4111,NO,NO,NO,YES,True,3955.67,S41,NO,NO,0,0,64,,0,True,True,True,True,False,2026-05-13,22:17:00,4,extragb,4 + extragb
2026-05-13 22:17:00,S,7.0,,S7,NO,NO,NO,NO,True,-0.19,S7,YES,YES,1181,86,1396,,1267,False,False,False,False,True,2026-05-13,22:17:00,7,Null,7 + Null
2026-05-13 22:17:00,S,4.0,extragb,S4111,NO,NO,NO,YES,True,5431.36,S41,NO,NO,0,0,39,,0,True,True,True,True,False,2026-05-13,22:17:00,4,extragb,4 + extragb
2026-05-13 22:17:00,S,2.0,broadband,S22,NO,NO,NO,NO,True,-22.63,S2,YES,NO,0,0,180,,0,False,True,True,True,False,2026-05-13,22:17:00,2,broadband,2 + broadband
2026-05-13 22:17:00,S,,,MOBITEL_S,NO,NO,NO,NO,False,,,NO,NO,0,0,24,,0,True,True,True,True,False,2026-05-13,22:17:00,Null,Null,Null + Null
2026-05-13 22:17:00,S,,,S,NO,NO,NO,NO,False,,,NO,NO,0,0,114,,0,False,True,True,True,False,2026-05-13,22:17:00,Null,Null,Null + Null
2026-05-13 22:17:00,S,2.0,peotv,S21,NO,NO,NO,NO,True,2323.92,S2,YES,NO,0,0,311,,0,False,False,False,True,False,2026-05-13,22:17:00,2,peotv,2 + peotv
2026-05-13 22:17:00,S,4.0,addon,S41213,NO,NO,YES,NO,True,0.0,S41,NO,NO,0,0,171,,0,False,True,True,True,False,2026-05-13,22:17:00,4,addon,4 + addon
2026-05-13 22:17:00,S,4.0,extragb,S41t,NO,NO,NO,NO,True,-203.08,S41,YES,NO,0,0,280,,0,False,False,True,True,False,2026-05-13,22:17:00,4,extragb,4 + extragb
2026-05-13 22:17:00,S,2.0,peotv,S21,NO,YES,NO,NO,True,7781.89,S2,NO,NO,0,0,66,,0,True,True,True,True,False,2026-05-13,22:17:00,2,peotv,2 + peotv
2026-05-13 22:17:00,S,2.0,peotv,S211,NO,YES,NO,NO,True,5984.94,S2,YES,YES,1200,0,1332,,1200,False,False,False,False,True,2026-05-13,22:17:00,2,peotv,2 + peotv
2026-05-13 22:17:00,S,,,S,NO,NO,NO,NO,False,,,NO,NO,0,0,63,,0,True,True,True,True,False,2026-05-13,22:17:00,Null,Null,Null + Null
2026-05-13 22:17:00,S,,,S,NO,NO,NO,NO,False,,,NO,NO,0,0,31,,0,True,True,True,True,False,2026-05-13,22:17:00,Null,Null,Null + Null
2026-05-13 22:17:00,S,4.0,extragb,S411,NO,NO,NO,NO,True,3802.31,S41,YES,YES,1115,237,1454,,1352,False,False,False,False,True,2026-05-13,22:17:00,4,extragb,4 + extragb
2026-05-13 22:17:00,E,2.0,peotv,E21,NO,NO,NO,NO,True,4787.28,E2,YES,YES,864,178,1145,,1042,False,False,False,False,True,2026-05-13,22:17:00,2,peotv,2 + peotv
2026-05-13 22:17:00,S,2.0,peotv,S21,NO,NO,NO,NO,True,15.81,S2,YES,NO,0,0,1077,,0,False,False,False,False,True,2026-05-13,22:17:00,2,peotv,2 + peotv
2026-05-13 22:17:00,S,3.0,,S3,NO,NO,NO,NO,False,,S3,YES,NO,0,0,1247,,0,False,False,False,False,True,2026-05-13,22:17:00,3,Null,3 + Null
2026-05-13 22:17:00,S,,,S,NO,NO,NO,NO,True,2387.08,,NO,NO,0,0,33,,0,True,True,True,True,False,2026-05-13,22:17:00,Null,Null,Null + Null
2026-05-13 22:17:00,E,,,E,NO,NO,NO,NO,False,,,NO,NO,0,0,9,,0,True,True,True,True,False,2026-05-13,22:17:00,Null,Null,Null + Null
2026-05-13 22:17:00,E,4.0,extragb,E4112,NO,NO,NO,NO,True,31967.01,E41,NO,NO,0,0,16,,0,True,True,True,True,False,2026-05-13,22:17:00,4,extragb,4 + extragb
2026-05-13 22:17:00,S,3.0,,S3,NO,NO,NO,NO,True,10583.57,S3,YES,NO,0,0,316,,0,False,False,False,True,False,2026-05-13,22:17:00,3,Null,3 + Null
2026-05-13 22:17:00,S,2.0,peotv,S21,NO,YES,NO,NO,True,0.0,S2,YES,NO,0,0,743,,0,False,False,False,False,True,2026-05-13,22:17:00,2,peotv,2 + peotv
2026-05-13 22:17:00,S,3.0,,S3,NO,NO,NO,NO,True,5865.06,S3,NO,NO,0,0,118,,0,False,True,True,True,False,2026-05-13,22:17:00,3,Null,3 + Null
2026-05-13 22:17:00,S,3.0,,S3,NO,NO,NO,NO,True,10460.08,S3,NO,NO,0,0,98,,0,True,True,True,True,False,2026-05-13,22:17:00,3,Null,3 + Null
2026-05-13 22:17:00,S,5.0,,S5,NO,NO,NO,NO,True,6202.97,S5,NO,NO,0,0,59,,0,True,True,True,True,False,2026-05-13,22:17:00,5,Null,5 + Null
2026-05-13 22:17:00,S,2.0,broadband,S22,NO,NO,NO,NO,True,2149.91,S2,YES,NO,0,0,1005,,0,False,False,False,False,True,2026-05-13,22:17:00,2,broadband,2 + broadband
2026-05-13 22:16:00,S,4.0,extragb,S4111,NO,NO,NO,YES,True,-4.43,S41,NO,NO,0,0,54,,0,True,True,True,True,False,2026-05-13,22:16:00,4,extragb,4 + extragb
2026-05-13 22:16:00,S,2.0,peotv,S21,NO,NO,NO,NO,True,6393.92,S2,YES,YES,1200,0,1303,,1200,False,False,False,False,True,2026-05-13,22:16:00,2,peotv,2 + peotv
2026-05-13 22:16:00,S,2.0,peotv,S21,YES,NO,NO,NO,True,0.0,S2,YES,NO,0,0,310,,0,False,False,False,True,False,2026-05-13,22:16:00,2,peotv,2 + peotv
2026-05-13 22:16:00,E,,,E,NO,NO,NO,NO,False,,,NO,NO,0,0,18,,0,True,True,True,True,False,2026-05-13,22:16:00,Null,Null,Null + Null
2026-05-13 22:16:00,S,2.0,peotv,S21,NO,YES,NO,NO,True,10161.32,S2,NO,NO,0,0,70,,0,True,True,True,True,False,2026-05-13,22:16:00,2,peotv,2 + peotv
2026-05-13 22:16:00,S,,,S,NO,NO,NO,NO,False,,,NO,NO,0,0,78,,0,True,True,True,True,False,2026-05-13,22:16:00,Null,Null,Null + Null
2026-05-13 22:16:00,S,1.0,,SLty1,NO,NO,NO,NO,False,,S1,YES,NO,0,0,85,,0,True,True,True,True,False,2026-05-13,22:16:00,1,Null,1 + Null
2026-05-13 22:16:00,S,7.0,,S7,NO,NO,NO,NO,True,4443.03,S7,YES,YES,1167,82,1370,,1249,False,False,False,False,True,2026-05-13,22:16:00,7,Null,7 + Null
2026-05-13 22:16:00,S,,,S,NO,NO,NO,NO,False,,,NO,NO,0,0,44,,0,True,True,True,True,False,2026-05-13,22:16:00,Null,Null,Null + Null
2026-05-13 22:16:00,S,4.0,extragb,S411,NO,NO,NO,NO,True,-0.03,S41,NO,NO,0,0,74,,0,True,True,True,True,False,2026-05-13,22:16:00,4,extragb,4 + extragb
2026-05-13 22:16:00,S,,,S,NO,NO,NO,NO,False,,,NO,NO,0,0,15,,0,True,True,True,True,False,2026-05-13,22:16:00,Null,Null,Null + Null
2026-05-13 22:16:00,S,,,S,NO,NO,NO,NO,False,,,NO,NO,0,0,27,,0,True,True,True,True,False,2026-05-13,22:16:00,Null,Null,Null + Null
2026-05-13 22:16:00,S,2.0,peotv,S21,NO,NO,NO,NO,True,6955.79,S2,YES,NO,0,0,626,,0,False,False,False,False,True,2026-05-13,22:16:00,2,peotv,2 + peotv
2026-05-13 22:16:00,S,2.0,peotv,S21,NO,NO,NO,NO,True,-0.02,S2,YES,NO,0,0,98,,0,True,True,True,True,False,2026-05-13,22:16:00,2,peotv,2 + peotv
2026-05-13 22:16:00,S,3.0,,S3,NO,NO,NO,NO,True,561.6,S3,NO,NO,0,0,120,,0,False,True,True,True,False,2026-05-13,22:16:00,3,Null,3 + Null
2026-05-13 22:16:00,S,2.0,peotv,S21,YES,NO,NO,NO,True,1807.2,S2,NO,NO,0,0,49,,0,True,True,True,True,False,2026-05-13,22:16:00,2,peotv,2 + peotv
2026-05-13 22:16:00,S,3.0,,S3,NO,NO,NO,NO,True,14103.45,S3,NO,NO,0,0,69,,0,True,True,True,True,False,2026-05-13,22:16:00,3,Null,3 + Null
2026-05-13 22:16:00,S,1.0,,MOBITEL_SLty1,NO,NO,NO,NO,False,,S1,YES,NO,0,0,326,,0,False,False,False,True,False,2026-05-13,22:16:00,1,Null,1 + Null
2026-05-13 22:16:00,S,7.0,,S7,NO,NO,NO,NO,True,5089.08,S7,YES,NO,0,0,137,,0,False,True,True,True,False,2026-05-13,22:16:00,7,Null,7 + Null
2026-05-13 22:16:00,S,7.0,,S7,NO,NO,NO,NO,True,3626.52,S7,YES,NO,0,0,334,,0,False,False,False,True,False,2026-05-13,22:16:00,7,Null,7 + Null
2026-05-13 22:16:00,S,4.0,extragb,S4111,NO,NO,NO,YES,True,4827.27,S41,NO,NO,0,0,92,,0,True,True,True,True,False,2026-05-13,22:16:00,4,extragb,4 + extragb
2026-05-13 22:16:00,S,2.0,peotv,S21,NO,NO,NO,NO,True,7081.27,S2,YES,NO,0,0,989,,0,False,False,False,False,True,2026-05-13,22:16:00,2,peotv,2 + peotv
2026-05-13 22:16:00,S,2.0,peotv,S211,NO,YES,NO,NO,True,5763.71,S2,YES,YES,1158,75,1319,,1233,False,False,False,False,True,2026-05-13,22:16:00,2,peotv,2 + peotv
2026-05-13 22:16:00,S,3.0,,S3,NO,NO,NO,NO,True,4808.72,S3,YES,NO,0,0,608,,0,False,False,False,False,True,2026-05-13,22:16:00,3,Null,3 + Null
2026-05-13 22:16:00,S,2.0,other,S2t,NO,NO,NO,NO,True,5366.8,S2,YES,NO,0,0,649,,0,False,False,False,False,True,2026-05-13,22:16:00,2,other,2 + other
2026-05-13 22:16:00,T,,,T,NO,NO,NO,NO,False,,,NO,NO,0,0,6,,0,True,True,True,True,False,2026-05-13,22:16:00,Null,Null,Null + Null
2026-05-13 22:16:00,S,4.0,extragb,S4111,NO,NO,NO,YES,True,8884.62,S41,NO,NO,0,0,58,,0,True,True,True,True,False,2026-05-13,22:16:00,4,extragb,4 + extragb
2026-05-13 22:16:00,S,2.0,peotv,S211,NO,YES,NO,NO,True,5092.49,S2,YES,NO,0,0,337,,0,False,False,False,True,False,2026-05-13,22:16:00,2,peotv,2 + peotv
2026-05-13 22:16:00,S,4.0,extragb,S4111,NO,NO,NO,YES,True,21306.55,S41,NO,NO,0,0,36,,0,True,True,True,True,False,2026-05-13,22:16:00,4,extragb,4 + extragb
2026-05-13 22:16:00,S,2.0,peotv,S21,NO,NO,NO,NO,True,7075.04,S2,YES,YES,1200,0,1309,,1200,False,False,False,False,True,2026-05-13,22:16:00,2,peotv,2 + peotv
2026-05-13 22:16:00,S,,,S,NO,NO,NO,NO,False,,,NO,NO,0,0,119,,0,False,True,True,True,False,2026-05-13,22:16:00,Null,Null,Null + Null
2026-05-13 22:16:00,S,7.0,,S7,NO,NO,NO,NO,True,3100.39,S7,YES,YES,1106,229,1445,,1335,False,False,False,False,True,2026-05-13,22:16:00,7,Null,7 + Null
2026-05-13 22:16:00,S,3.0,,S3,NO,NO,NO,NO,True,-13.86,S3,NO,NO,0,0,77,,0,True,True,True,True,False,2026-05-13,22:16:00,3,Null,3 + Null
2026-05-13 22:16:00,S,4.0,extragb,S4112,NO,NO,NO,NO,True,4839.41,S41,NO,NO,0,0,93,,0,True,True,True,True,False,2026-05-13,22:16:00,4,extragb,4 + extragb
2026-05-13 22:16:00,S,2.0,peotv,S21,YES,NO,NO,NO,True,24109.42,S2,YES,NO,0,0,836,,0,False,False,False,False,True,2026-05-13,22:16:00,2,peotv,2 + peotv
2026-05-13 22:16:00,S,2.0,peotv,S21,NO,YES,NO,NO,True,0.0,S2,YES,NO,0,0,309,,0,False,False,False,True,False,2026-05-13,22:16:00,2,peotv,2 + peotv
2026-05-13 22:16:00,S,4.0,extragb,S4111,NO,NO,NO,YES,True,-51.98,S41,NO,NO,0,0,28,,0,True,True,True,True,False,2026-05-13,22:16:00,4,extragb,4 + extragb
2026-05-13 22:16:00,S,,,S,NO,NO,NO,NO,False,,,NO,NO,0,0,21,,0,True,True,True,True,False,2026-05-13,22:16:00,Null,Null,Null + Null
2026-05-13 22:16:00,S,,,S,NO,NO,NO,NO,False,,,NO,NO,0,0,34,,0,True,True,True,True,False,2026-05-13,22:16:00,Null,Null,Null + Null
2026-05-13 22:16:00,S,4.0,extragb,S41t,NO,NO,NO,NO,True,6900.0,S41,YES,NO,0,0,173,,0,False,True,True,True,False,2026-05-13,22:16:00,4,extragb,4 + extragb
2026-05-13 22:16:00,S,7.0,,S7,NO,NO,NO,NO,True,12038.08,S7,YES,NO,0,0,707,,0,False,False,False,False,True,2026-05-13,22:16:00,7,Null,7 + Null
2026-05-13 22:16:00,S,2.0,peotv,S21,NO,NO,NO,NO,True,6021.89,S2,YES,NO,0,0,308,,0,False,False,False,True,False,2026-05-13,22:16:00,2,peotv,2 + peotv
2026-05-13 22:16:00,S,,,S,NO,NO,NO,NO,False,,,NO,NO,0,0,30,,0,True,True,True,True,False,2026-05-13,22:16:00,Null,Null,Null + Null
2026-05-13 22:16:00,S,3.0,,S3,NO,NO,NO,NO,True,12630.5,S3,NO,NO,0,0,75,,0,True,True,True,True,False,2026-05-13,22:16:00,3,Null,3 + Null
2026-05-13 22:16:00,S,1.0,,MOBITEL_SLty1,NO,NO,NO,NO,False,,S1,YES,NO,0,0,243,,0,False,False,True,True,False,2026-05-13,22:16:00,1,Null,1 + Null
2026-05-13 22:16:00,S,2.0,peotv,S21,YES,NO,NO,NO,True,5166.3,S2,YES,NO,0,0,356,,0,False,False,False,True,False,2026-05-13,22:16:00,2,peotv,2 + peotv
2026-05-13 22:16:00,S,2.0,peotv,S21,NO,NO,NO,NO,True,-0.1,S2,YES,NO,0,0,563,,0,False,False,False,False,True,2026-05-13,22:16:00,2,peotv,2 + peotv
2026-05-13 22:16:00,S,2.0,peotv,S21,NO,NO,NO,NO,True,4905.7,S2,YES,NO,0,0,648,,0,False,False,False,False,True,2026-05-13,22:16:00,2,peotv,2 + peotv
2026-05-13 22:16:00,S,1.0,,S1,NO,NO,NO,NO,False,,S1,YES,NO,0,0,152,,0,False,True,True,True,False,2026-05-13,22:16:00,1,Null,1 + Null
2026-05-13 22:16:00,S,3.0,,S3,NO,NO,NO,NO,True,8653.85,S3,YES,NO,0,0,651,,0,False,False,False,False,True,2026-05-13,22:16:00,3,Null,3 + Null
2026-05-13 22:16:00,S,2.0,peotv,MOBITEL_S21,NO,YES,NO,NO,True,-806.29,S2,YES,NO,0,0,424,,0,False,False,False,True,False,2026-05-13,22:16:00,2,peotv,2 + peotv
2026-05-13 22:16:00,S,,,S,NO,NO,NO,NO,False,,,NO,NO,0,0,10,,0,True,True,True,True,False,2026-05-13,22:16:00,Null,Null,Null + Null
2026-05-13 22:16:00,S,,,S,NO,NO,NO,NO,False,,,NO,NO,0,0,511,,0,False,False,False,False,True,2026-05-13,22:16:00,Null,Null,Null + Null
2026-05-13 22:16:00,S,2.0,peotv,S211,NO,YES,NO,NO,True,9035.43,S2,YES,YES,1104,137,1350,,1241,False,False,False,False,True,2026-05-13,22:16:00,2,peotv,2 + peotv
2026-05-13 22:16:00,S,4.0,extragb,S4111,NO,NO,NO,YES,True,1985.25,S41,NO,NO,0,0,46,,0,True,True,True,True,False,2026-05-13,22:16:00,4,extragb,4 + extragb
2026-05-13 22:16:00,S,4.0,extragb,S411,NO,NO,NO,NO,True,48603.82,S41,NO,NO,0,0,14,,0,True,True,True,True,False,2026-05-13,22:16:00,4,extragb,4 + extragb
2026-05-13 22:16:00,S,,,S,NO,NO,NO,NO,False,,,NO,NO,0,0,20,,0,True,True,True,True,False,2026-05-13,22:16:00,Null,Null,Null + Null
2026-05-13 22:16:00,S,3.0,,S3,NO,NO,NO,NO,True,-2019.79,S3,NO,NO,0,0,67,,0,True,True,True,True,False,2026-05-13,22:16:00,3,Null,3 + Null
2026-05-13 22:16:00,S,,,S,NO,NO,NO,NO,False,,,NO,NO,0,0,18,,0,True,True,True,True,False,2026-05-13,22:16:00,Null,Null,Null + Null
2026-05-13 22:16:00,E,3.0,,E3,NO,NO,NO,NO,True,0.0,E3,YES,NO,0,0,522,,0,False,False,False,False,True,2026-05-13,22:16:00,3,Null,3 + Null
2026-05-13 22:16:00,S,3.0,,S3,NO,NO,NO,NO,True,-89.13,S3,YES,NO,0,0,167,,0,False,True,True,True,False,2026-05-13,22:16:00,3,Null,3 + Null
2026-05-13 22:15:00,S,3.0,,S3,NO,NO,NO,NO,True,488.81,S3,YES,NO,0,0,175,,0,False,True,True,True,False,2026-05-13,22:15:00,3,Null,3 + Null
2026-05-13 22:15:00,S,2.0,peotv,S21,NO,NO,NO,NO,True,274.35,S2,YES,NO,0,0,182,,0,False,True,True,True,False,2026-05-13,22:15:00,2,peotv,2 + peotv
2026-05-13 22:15:00,S,2.0,peotv,S21,NO,YES,NO,NO,True,-71.41,S2,YES,NO,0,0,947,,0,False,False,False,False,True,2026-05-13,22:15:00,2,peotv,2 + peotv
2026-05-13 22:15:00,S,2.0,broadband,S22,NO,NO,NO,NO,True,-632.02,S2,YES,NO,0,0,345,,0,False,False,False,True,False,2026-05-13,22:15:00,2,broadband,2 + broadband
2026-05-13 22:15:00,S,4.0,extragb,S4112,NO,NO,NO,NO,True,-6386.81,S41,NO,NO,0,0,57,,0,True,True,True,True,False,2026-05-13,22:15:00,4,extragb,4 + extragb
2026-05-13 22:15:00,S,,,S,NO,NO,NO,NO,False,,,NO,NO,0,0,33,,0,True,True,True,True,False,2026-05-13,22:15:00,Null,Null,Null + Null
2026-05-13 22:15:00,S,2.0,peotv,S21,NO,NO,NO,NO,True,-516.38,S2,YES,NO,0,0,1227,,0,False,False,False,False,True,2026-05-13,22:15:00,2,peotv,2 + peotv
2026-05-13 22:15:00,S,2.0,peotv,S21,YES,NO,NO,NO,True,9614.05,S2,YES,NO,0,0,417,,0,False,False,False,True,False,2026-05-13,22:15:00,2,peotv,2 + peotv
2026-05-13 22:15:00,S,2.0,peotv,S21,NO,NO,NO,NO,True,4208.74,S2,YES,NO,0,0,411,,0,False,False,False,True,False,2026-05-13,22:15:00,2,peotv,2 + peotv
2026-05-13 22:15:00,S,2.0,peotv,S21,NO,NO,NO,NO,True,3887.56,S2,YES,YES,1151,59,1272,,1210,False,False,False,False,True,2026-05-13,22:15:00,2,peotv,2 + peotv
2026-05-13 22:15:00,S,2.0,peotv,S21,NO,YES,NO,NO,True,-76.96,S2,YES,YES,1118,155,1338,,1273,False,False,False,False,True,2026-05-13,22:15:00,2,peotv,2 + peotv
2026-05-13 22:15:00,S,2.0,peotv,S211,NO,YES,NO,NO,True,9427.18,S2,YES,NO,0,0,635,,0,False,False,False,False,True,2026-05-13,22:15:00,2,peotv,2 + peotv
2026-05-13 22:15:00,S,2.0,voice,S23,NO,NO,NO,NO,True,2079.11,S2,NO,NO,0,0,155,,0,False,True,True,True,False,2026-05-13,22:15:00,2,voice,2 + voice
2026-05-13 22:15:00,E,,,E,NO,NO,NO,NO,False,,,NO,NO,0,0,27,,0,True,True,True,True,False,2026-05-13,22:15:00,Null,Null,Null + Null
2026-05-13 22:15:00,S,,,S,NO,NO,NO,NO,False,,,NO,NO,0,0,14,,0,True,True,True,True,False,2026-05-13,22:15:00,Null,Null,Null + Null
2026-05-13 22:15:00,S,4.0,extragb,S4111,NO,NO,NO,YES,True,3105.21,S41,NO,NO,0,0,47,,0,True,True,True,True,False,2026-05-13,22:15:00,4,extragb,4 + extragb
2026-05-13 22:15:00,S,3.0,,S3,NO,NO,NO,NO,True,0.0,S3,YES,NO,0,0,441,,0,False,False,False,True,False,2026-05-13,22:15:00,3,Null,3 + Null
2026-05-13 22:15:00,E,4.0,extragb,E41121,NO,NO,NO,YES,True,13866.31,E41,NO,NO,0,0,60,,0,True,True,True,True,False,2026-05-13,22:15:00,4,extragb,4 + extragb
2026-05-13 22:15:00,S,2.0,peotv,S21,NO,NO,NO,NO,True,2385.19,S2,YES,NO,0,0,241,,0,False,False,True,True,False,2026-05-13,22:15:00,2,peotv,2 + peotv
2026-05-13 22:15:00,S,4.0,,MOBITEL_S41,NO,NO,NO,NO,True,116.42,S41,NO,NO,0,0,46,,0,True,True,True,True,False,2026-05-13,22:15:00,4,Null,4 + Null
2026-05-13 22:15:00,S,2.0,peotv,S21,NO,NO,NO,NO,True,-1021.28,S2,YES,NO,0,0,777,,0,False,False,False,False,True,2026-05-13,22:15:00,2,peotv,2 + peotv
2026-05-13 22:15:00,S,2.0,peotv,S21,NO,NO,NO,NO,True,5218.37,S2,YES,NO,0,0,470,,0,False,False,False,True,False,2026-05-13,22:15:00,2,peotv,2 + peotv
2026-05-13 22:15:00,S,,,S,NO,NO,NO,NO,False,,,NO,NO,0,0,27,,0,True,True,True,True,False,2026-05-13,22:15:00,Null,Null,Null + Null
2026-05-13 22:15:00,S,2.0,peotv,S21,NO,YES,NO,NO,True,-11.53,S2,YES,NO,0,0,225,,0,False,False,True,True,False,2026-05-13,22:15:00,2,peotv,2 + peotv
2026-05-13 22:15:00,S,4.0,extragb,S41121,NO,NO,NO,YES,True,2605.84,S41,NO,NO,0,0,114,,0,False,True,True,True,False,2026-05-13,22:15:00,4,extragb,4 + extragb
2026-05-13 22:15:00,S,,,MOBITEL_S,NO,NO,NO,NO,True,10161.32,,NO,NO,0,0,11,,0,True,True,True,True,False,2026-05-13,22:15:00,Null,Null,Null + Null
2026-05-13 22:15:00,S,,,S,NO,NO,NO,NO,False,,,NO,NO,0,0,24,,0,True,True,True,True,False,2026-05-13,22:15:00,Null,Null,Null + Null
2026-05-13 22:15:00,S,,,S,NO,NO,NO,NO,False,,,NO,NO,0,0,75,,0,True,True,True,True,False,2026-05-13,22:15:00,Null,Null,Null + Null
2026-05-13 22:15:00,S,7.0,,S7,NO,NO,NO,NO,False,,S7,YES,NO,0,0,305,,0,False,False,False,True,False,2026-05-13,22:15:00,7,Null,7 + Null
2026-05-13 22:15:00,S,4.0,extragb,S4111,NO,NO,NO,YES,True,6059.8,S41,NO,NO,0,0,49,,0,True,True,True,True,False,2026-05-13,22:15:00,4,extragb,4 + extragb
2026-05-13 22:15:00,S,2.0,peotv,S21,NO,NO,NO,NO,True,1327.31,S2,YES,NO,0,0,669,,0,False,False,False,False,True,2026-05-13,22:15:00,2,peotv,2 + peotv
2026-05-13 22:15:00,S,4.0,extragb,S41i,NO,NO,NO,NO,True,6374.56,S41,YES,YES,1150,40,1233,,1190,False,False,False,False,True,2026-05-13,22:15:00,4,extragb,4 + extragb
2026-05-13 22:15:00,S,1.0,,SLty1,NO,NO,NO,NO,False,,S1,YES,NO,0,0,703,,0,False,False,False,False,True,2026-05-13,22:15:00,1,Null,1 + Null
2026-05-13 22:15:00,S,2.0,peotv,S21,NO,NO,NO,NO,True,4485.15,S2,YES,NO,0,0,785,,0,False,False,False,False,True,2026-05-13,22:15:00,2,peotv,2 + peotv
2026-05-13 22:15:00,S,,,S,NO,NO,NO,NO,False,,,NO,NO,0,0,25,,0,True,True,True,True,False,2026-05-13,22:15:00,Null,Null,Null + Null
2026-05-13 22:15:00,S,4.0,extragb,S41121,NO,NO,NO,YES,True,0.0,S41,NO,NO,0,0,122,,0,False,True,True,True,False,2026-05-13,22:15:00,4,extragb,4 + extragb
2026-05-13 22:15:00,S,1.0,,S1,NO,NO,NO,NO,True,10131.17,S1,YES,NO,0,0,271,,0,False,False,True,True,False,2026-05-13,22:15:00,1,Null,1 + Null
2026-05-13 22:15:00,S,7.0,,S7,NO,NO,NO,NO,True,1491.01,S7,YES,NO,0,0,704,,0,False,False,False,False,True,2026-05-13,22:15:00,7,Null,7 + Null
2026-05-13 22:15:00,S,3.0,,S3,NO,NO,NO,NO,True,-68.56,S3,YES,NO,0,0,604,,0,False,False,False,False,True,2026-05-13,22:15:00,3,Null,3 + Null
2026-05-13 22:15:00,S,2.0,peotv,S21,NO,NO,NO,NO,True,-156.92,S2,YES,NO,0,0,333,,0,False,False,False,True,False,2026-05-13,22:15:00,2,peotv,2 + peotv
2026-05-13 22:15:00,S,2.0,voice,S23,NO,NO,NO,NO,True,-124.58,S2,YES,NO,0,0,507,,0,False,False,False,False,True,2026-05-13,22:15:00,2,voice,2 + voice
2026-05-13 22:15:00,S,,,S,NO,NO,NO,NO,False,,,NO,NO,0,0,22,,0,True,True,True,True,False,2026-05-13,22:15:00,Null,Null,Null + Null
2026-05-13 22:15:00,S,3.0,,S3,NO,NO,NO,NO,True,794.43,S3,YES,NO,0,0,588,,0,False,False,False,False,True,2026-05-13,22:15:00,3,Null,3 + Null
2026-05-13 22:15:00,S,2.0,peotv,S211,NO,YES,NO,NO,True,9364.46,S2,YES,YES,1140,20,1260,,1160,False,False,False,False,True,2026-05-13,22:15:00,2,peotv,2 + peotv
2026-05-13 22:15:00,S,2.0,peotv,S21,NO,YES,NO,NO,True,-148.67,S2,YES,NO,0,0,302,,0,False,False,False,True,False,2026-05-13,22:15:00,2,peotv,2 + peotv
2026-05-13 22:15:00,S,1.0,,MOBITEL_SLty1,NO,NO,NO,NO,False,,S1,YES,NO,0,0,109,,0,False,True,True,True,False,2026-05-13,22:15:00,1,Null,1 + Null
2026-05-13 22:15:00,S,,,S,NO,NO,NO,NO,False,,,NO,NO,0,0,173,,0,False,True,True,True,False,2026-05-13,22:15:00,Null,Null,Null + Null
2026-05-13 22:15:00,S,4.0,extragb,S4111,NO,NO,NO,YES,True,7959.33,S41,NO,NO,0,0,36,,0,True,True,True,True,False,2026-05-13,22:15:00,4,extragb,4 + extragb
2026-05-13 22:15:00,S,3.0,,S3,NO,NO,NO,NO,True,2851.89,S3,YES,NO,0,0,105,,0,False,True,True,True,False,2026-05-13,22:15:00,3,Null,3 + Null
2026-05-13 22:15:00,S,2.0,peotv,S21,NO,NO,NO,NO,True,930.33,S2,YES,NO,0,0,163,,0,False,True,True,True,False,2026-05-13,22:15:00,2,peotv,2 + peotv
2026-05-13 22:15:00,S,2.0,peotv,S21,NO,YES,NO,NO,True,4206.03,S2,NO,NO,0,0,103,,0,False,True,True,True,False,2026-05-13,22:15:00,2,peotv,2 + peotv
2026-05-13 22:15:00,S,4.0,extragb,S411,NO,NO,NO,NO,True,-104.22,S41,YES,NO,0,0,184,,0,False,True,True,True,False,2026-05-13,22:15:00,4,extragb,4 + extragb
2026-05-13 22:15:00,S,1.0,,SLty1,NO,NO,NO,NO,False,,S1,YES,NO,0,0,356,,0,False,False,False,True,False,2026-05-13,22:15:00,1,Null,1 + Null
2026-05-13 22:15:00,S,2.0,broadband,S22,NO,NO,NO,NO,True,3044.52,S2,YES,NO,0,0,302,,0,False,False,False,True,False,2026-05-13,22:15:00,2,broadband,2 + broadband
2026-05-13 22:15:00,S,1.0,,MOBITEL_SLty1,NO,NO,NO,NO,False,,S1,YES,NO,0,0,347,,0,False,False,False,True,False,2026-05-13,22:15:00,1,Null,1 + Null
2026-05-13 22:14:00,S,2.0,peotv,S211,NO,YES,NO,NO,True,6443.23,S2,YES,NO,0,0,384,,0,False,False,False,True,False,2026-05-13,22:14:00,2,peotv,2 + peotv
2026-05-13 22:14:00,S,2.0,peotv,S21,NO,YES,NO,NO,True,-18.52,S2,YES,NO,0,0,1245,,0,False,False,False,False,True,2026-05-13,22:14:00,2,peotv,2 + peotv
2026-05-13 22:14:00,S,2.0,peotv,S21,NO,NO,NO,NO,True,12546.41,S2,YES,NO,0,0,556,,0,False,False,False,False,True,2026-05-13,22:14:00,2,peotv,2 + peotv
2026-05-13 22:14:00,S,2.0,peotv,S21,NO,NO,NO,NO,True,5865.06,S2,YES,NO,0,0,383,,0,False,False,False,True,False,2026-05-13,22:14:00,2,peotv,2 + peotv
2026-05-13 22:14:00,S,2.0,peotv,S211,NO,YES,NO,NO,True,12257.66,S2,YES,NO,0,0,400,,0,False,False,False,True,False,2026-05-13,22:14:00,2,peotv,2 + peotv
2026-05-13 22:14:00,S,7.0,,S7,NO,NO,NO,NO,True,7334.06,S7,YES,YES,1125,112,1325,,1237,False,False,False,False,True,2026-05-13,22:14:00,7,Null,7 + Null
2026-05-13 22:14:00,S,,,S,NO,NO,NO,NO,False,,,NO,NO,0,0,34,,0,True,True,True,True,False,2026-05-13,22:14:00,Null,Null,Null + Null
2026-05-13 22:14:00,S,2.0,peotv,S21,NO,NO,NO,NO,True,3056.75,S2,YES,NO,0,0,297,,0,False,False,True,True,False,2026-05-13,22:14:00,2,peotv,2 + peotv
2026-05-13 22:14:00,T,,,T,NO,NO,NO,NO,False,,,NO,NO,0,0,18,,0,True,True,True,True,False,2026-05-13,22:14:00,Null,Null,Null + Null
2026-05-13 22:14:00,S,,,S,NO,NO,NO,NO,False,,,NO,NO,0,0,25,,0,True,True,True,True,False,2026-05-13,22:14:00,Null,Null,Null + Null
2026-05-13 22:14:00,S,1.0,,S1,NO,NO,NO,NO,True,4990.66,S1,YES,NO,0,0,93,,0,True,True,True,True,False,2026-05-13,22:14:00,1,Null,1 + Null
2026-05-13 22:14:00,S,3.0,,S3,NO,NO,NO,NO,True,5833.34,S3,NO,NO,0,0,80,,0,True,True,True,True,False,2026-05-13,22:14:00,3,Null,3 + Null
2026-05-13 22:14:00,S,2.0,peotv,S211,NO,YES,NO,NO,True,4487.24,S2,YES,NO,0,0,618,,0,False,False,False,False,True,2026-05-13,22:14:00,2,peotv,2 + peotv
2026-05-13 22:14:00,S,1.0,,S1,NO,NO,NO,NO,True,3836.78,S1,YES,NO,0,0,734,,0,False,False,False,False,True,2026-05-13,22:14:00,1,Null,1 + Null
2026-05-13 22:14:00,S,2.0,peotv,S211,NO,YES,NO,NO,True,4314.27,S2,YES,NO,0,0,423,,0,False,False,False,True,False,2026-05-13,22:14:00,2,peotv,2 + peotv
2026-05-13 22:14:00,S,,,S,NO,NO,NO,NO,False,,,NO,NO,0,0,19,,0,True,True,True,True,False,2026-05-13,22:14:00,Null,Null,Null + Null
2026-05-13 22:14:00,S,2.0,peotv,S21,NO,NO,NO,NO,True,9525.39,S2,YES,NO,0,0,273,,0,False,False,True,True,False,2026-05-13,22:14:00,2,peotv,2 + peotv
2026-05-13 22:14:00,S,2.0,peotv,S21,NO,NO,NO,NO,True,-40.77,S2,YES,YES,1114,83,1297,,1197,False,False,False,False,True,2026-05-13,22:14:00,2,peotv,2 + peotv
2026-05-13 22:14:00,S,7.0,,S7,NO,NO,NO,NO,True,2703.22,S7,YES,NO,0,0,128,,0,False,True,True,True,False,2026-05-13,22:14:00,7,Null,7 + Null
2026-05-13 22:14:00,S,7.0,,S7,NO,NO,NO,NO,True,2019.64,S7,YES,NO,0,0,647,,0,False,False,False,False,True,2026-05-13,22:14:00,7,Null,7 + Null
2026-05-13 22:14:00,S,,,S,NO,NO,NO,NO,False,,,NO,NO,0,0,38,,0,True,True,True,True,False,2026-05-13,22:14:00,Null,Null,Null + Null
2026-05-13 22:14:00,S,1.0,,SLty1,NO,NO,NO,NO,False,,S1,YES,NO,0,0,274,,0,False,False,True,True,False,2026-05-13,22:14:00,1,Null,1 + Null
2026-05-13 22:14:00,S,,,S,NO,NO,NO,NO,True,2640.81,,NO,NO,0,0,20,,0,True,True,True,True,False,2026-05-13,22:14:00,Null,Null,Null + Null
2026-05-13 22:14:00,E,4.0,extragb,E4111,NO,NO,NO,YES,True,13866.31,E41,NO,NO,0,0,84,,0,True,True,True,True,False,2026-05-13,22:14:00,4,extragb,4 + extragb
2026-05-13 22:14:00,S,2.0,peotv,S21,NO,NO,NO,NO,True,2346.44,S2,YES,NO,0,0,730,,0,False,False,False,False,True,2026-05-13,22:14:00,2,peotv,2 + peotv
2026-05-13 22:14:00,S,2.0,peotv,S211,NO,YES,NO,NO,True,3571.34,S2,YES,YES,1105,57,1246,,1162,False,False,False,False,True,2026-05-13,22:14:00,2,peotv,2 + peotv
2026-05-13 22:14:00,S,,,S,NO,NO,NO,NO,False,,,NO,NO,0,0,26,,0,True,True,True,True,False,2026-05-13,22:14:00,Null,Null,Null + Null
2026-05-13 22:14:00,S,2.0,peotv,S21,NO,NO,NO,NO,True,-376.82,S2,YES,YES,1105,24,1186,,1129,False,False,False,False,True,2026-05-13,22:14:00,2,peotv,2 + peotv
2026-05-13 22:14:00,S,7.0,,S7,NO,NO,NO,NO,True,2715.09,S7,YES,NO,0,0,718,,0,False,False,False,False,True,2026-05-13,22:14:00,7,Null,7 + Null
2026-05-13 22:14:00,S,3.0,,S3,NO,NO,NO,NO,True,12419.92,S3,NO,NO,0,0,79,,0,True,True,True,True,False,2026-05-13,22:14:00,3,Null,3 + Null
2026-05-13 22:14:00,S,1.0,,S1,NO,NO,NO,NO,True,15543.63,S1,YES,NO,0,0,173,,0,False,True,True,True,False,2026-05-13,22:14:00,1,Null,1 + Null
2026-05-13 22:14:00,S,2.0,peotv,S21,NO,NO,NO,NO,True,-1103.8,S2,YES,NO,0,0,521,,0,False,False,False,False,True,2026-05-13,22:14:00,2,peotv,2 + peotv
2026-05-13 22:14:00,S,,,S,NO,NO,NO,NO,False,,,NO,NO,0,0,23,,0,True,True,True,True,False,2026-05-13,22:14:00,Null,Null,Null + Null
2026-05-13 22:14:00,S,,,S,NO,NO,NO,NO,True,22.31,,NO,NO,0,0,43,,0,True,True,True,True,False,2026-05-13,22:14:00,Null,Null,Null + Null
2026-05-13 22:14:00,S,7.0,,S7,NO,NO,NO,NO,True,2253.13,S7,YES,NO,0,0,539,,0,False,False,False,False,True,2026-05-13,22:14:00,7,Null,7 + Null
2026-05-13 22:14:00,S,,,S,NO,NO,NO,NO,False,,,NO,NO,0,0,22,,0,True,True,True,True,False,2026-05-13,22:14:00,Null,Null,Null + Null
2026-05-13 22:14:00,S,1.0,,SLty1,NO,NO,NO,NO,False,,S1,YES,NO,0,0,947,,0,False,False,False,False,True,2026-05-13,22:14:00,1,Null,1 + Null
2026-05-13 22:14:00,S,2.0,broadband,S22,NO,NO,NO,NO,True,-22.63,S2,YES,NO,0,0,246,,0,False,False,True,True,False,2026-05-13,22:14:00,2,broadband,2 + broadband
2026-05-13 22:14:00,S,3.0,,S3,NO,NO,NO,NO,True,11065.25,S3,NO,NO,0,0,44,,0,True,True,True,True,False,2026-05-13,22:14:00,3,Null,3 + Null
2026-05-13 22:14:00,S,4.0,extragb,S41t,NO,NO,NO,NO,True,6933.92,S41,YES,NO,0,0,493,,0,False,False,False,True,False,2026-05-13,22:14:00,4,extragb,4 + extragb
2026-05-13 22:14:00,S,2.0,peotv,S211,NO,YES,NO,NO,True,5993.84,S2,YES,NO,0,0,502,,0,False,False,False,False,True,2026-05-13,22:14:00,2,peotv,2 + peotv
2026-05-13 22:14:00,S,2.0,broadband,S22,NO,NO,NO,NO,True,-44.71,S2,YES,NO,0,0,1077,,0,False,False,False,False,True,2026-05-13,22:14:00,2,broadband,2 + broadband
2026-05-13 22:14:00,S,3.0,,S3,NO,NO,NO,NO,True,11342.75,S3,YES,NO,0,0,685,,0,False,False,False,False,True,2026-05-13,22:14:00,3,Null,3 + Null
2026-05-13 22:14:00,S,2.0,peotv,S21,NO,NO,NO,NO,True,4852.82,S2,YES,NO,0,0,305,,0,False,False,False,True,False,2026-05-13,22:14:00,2,peotv,2 + peotv
2026-05-13 22:14:00,S,2.0,peotv,S21,NO,YES,NO,NO,True,681.45,S2,YES,NO,0,0,841,,0,False,False,False,False,True,2026-05-13,22:14:00,2,peotv,2 + peotv
2026-05-13 22:14:00,S,2.0,peotv,MOBITEL_S21,NO,NO,NO,NO,True,2847.56,S2,YES,NO,0,0,225,,0,False,False,True,True,False,2026-05-13,22:14:00,2,peotv,2 + peotv
2026-05-13 22:14:00,S,,,S,NO,NO,NO,NO,False,,,NO,NO,0,0,312,,0,False,False,False,True,False,2026-05-13,22:14:00,Null,Null,Null + Null
2026-05-13 22:14:00,S,2.0,peotv,S21,NO,NO,NO,NO,True,446.41,S2,YES,NO,0,0,477,,0,False,False,False,True,False,2026-05-13,22:14:00,2,peotv,2 + peotv
2026-05-13 22:14:00,S,,,S,NO,NO,NO,NO,False,,,NO,NO,0,0,121,,0,False,True,True,True,False,2026-05-13,22:14:00,Null,Null,Null + Null
2026-05-13 22:14:00,E,2.0,peotv,E21,YES,NO,NO,NO,True,4707.05,E2,YES,YES,869,29,1063,,898,False,False,False,False,True,2026-05-13,22:14:00,2,peotv,2 + peotv
2026-05-13 22:14:00,S,2.0,peotv,S21,NO,NO,NO,NO,True,5137.96,S2,YES,NO,0,0,216,,0,False,False,True,True,False,2026-05-13,22:14:00,2,peotv,2 + peotv
2026-05-13 22:13:00,S,,,S,NO,NO,NO,NO,False,,,NO,NO,0,0,29,,0,True,True,True,True,False,2026-05-13,22:13:00,Null,Null,Null + Null
2026-05-13 22:13:00,S,7.0,,S7,NO,NO,NO,NO,True,4586.42,S7,YES,NO,0,0,1046,,0,False,False,False,False,True,2026-05-13,22:13:00,7,Null,7 + Null
2026-05-13 22:13:00,S,2.0,peotv,S21,NO,NO,NO,NO,True,2728.25,S2,YES,NO,0,0,92,,0,True,True,True,True,False,2026-05-13,22:13:00,2,peotv,2 + peotv
2026-05-13 22:13:00,S,,,S,NO,NO,NO,NO,False,,,NO,NO,0,0,21,,0,True,True,True,True,False,2026-05-13,22:13:00,Null,Null,Null + Null
2026-05-13 22:13:00,S,2.0,peotv,S21,NO,NO,NO,NO,True,17275.06,S2,YES,NO,0,0,1008,,0,False,False,False,False,True,2026-05-13,22:13:00,2,peotv,2 + peotv
2026-05-13 22:13:00,S,7.0,,S,NO,NO,NO,NO,False,,S_LTY,YES,YES,95,143,319,,238,False,False,False,True,False,2026-05-13,22:13:00,7,Null,7 + Null
2026-05-13 22:13:00,S,3.0,,S3,NO,NO,NO,NO,True,393.54,S3,YES,NO,0,0,625,,0,False,False,False,False,True,2026-05-13,22:13:00,3,Null,3 + Null
2026-05-13 22:13:00,S,2.0,peotv,MOBITEL_S211,NO,YES,NO,NO,True,3052.5,S2,YES,NO,0,0,246,,0,False,False,True,True,False,2026-05-13,22:13:00,2,peotv,2 + peotv
2026-05-13 22:13:00,S,,,S,NO,NO,NO,NO,False,,,NO,NO,0,0,378,,0,False,False,False,True,False,2026-05-13,22:13:00,Null,Null,Null + Null
2026-05-13 22:13:00,S,2.0,peotv,S21,NO,YES,NO,NO,True,-53.58,S2,YES,NO,0,0,220,,0,False,False,True,True,False,2026-05-13,22:13:00,2,peotv,2 + peotv
2026-05-13 22:13:00,S,7.0,,S7,NO,NO,NO,NO,True,1182.34,S7,YES,NO,0,0,209,,0,False,False,True,True,False,2026-05-13,22:13:00,7,Null,7 + Null
2026-05-13 22:13:00,S,3.0,,S3,NO,NO,NO,NO,True,13249.74,S3,YES,NO,0,0,667,,0,False,False,False,False,True,2026-05-13,22:13:00,3,Null,3 + Null
2026-05-13 22:13:00,S,2.0,peotv,S21,NO,NO,NO,NO,True,0.0,S2,YES,NO,0,0,1138,,0,False,False,False,False,True,2026-05-13,22:13:00,2,peotv,2 + peotv
2026-05-13 22:13:00,S,,,S,NO,NO,NO,NO,False,,,NO,NO,0,0,18,,0,True,True,True,True,False,2026-05-13,22:13:00,Null,Null,Null + Null
2026-05-13 22:13:00,S,,,S,NO,NO,NO,NO,False,,,NO,NO,0,0,23,,0,True,True,True,True,False,2026-05-13,22:13:00,Null,Null,Null + Null
2026-05-13 22:13:00,S,,,S,NO,NO,NO,NO,False,,S6,NO,YES,1002,322,1404,,1324,False,False,False,False,True,2026-05-13,22:13:00,Null,Null,Null + Null
2026-05-13 22:13:00,E,1.0,,ELty1,NO,NO,NO,NO,False,,E1,YES,NO,0,0,310,,0,False,False,False,True,False,2026-05-13,22:13:00,1,Null,1 + Null
2026-05-13 22:13:00,S,2.0,peotv,S211,NO,YES,NO,NO,True,3835.38,S2,YES,NO,0,0,389,,0,False,False,False,True,False,2026-05-13,22:13:00,2,peotv,2 + peotv
2026-05-13 22:13:00,S,7.0,,S7,NO,NO,NO,NO,True,13123.53,S7,YES,NO,0,0,1038,,0,False,False,False,False,True,2026-05-13,22:13:00,7,Null,7 + Null
2026-05-13 22:13:00,S,7.0,,S7,NO,NO,NO,NO,True,6785.75,S7,YES,NO,0,0,869,,0,False,False,False,False,True,2026-05-13,22:13:00,7,Null,7 + Null
2026-05-13 22:13:00,S,,,S,NO,NO,NO,NO,False,,,NO,NO,0,0,33,,0,True,True,True,True,False,2026-05-13,22:13:00,Null,Null,Null + Null
2026-05-13 22:13:00,S,3.0,,S3,NO,NO,NO,NO,True,6672.91,S3,YES,NO,0,0,323,,0,False,False,False,True,False,2026-05-13,22:13:00,3,Null,3 + Null
2026-05-13 22:13:00,S,2.0,peotv,S21,NO,NO,NO,NO,True,2184.96,S2,YES,NO,0,0,129,,0,False,True,True,True,False,2026-05-13,22:13:00,2,peotv,2 + peotv
2026-05-13 22:13:00,T,,,T,NO,NO,NO,NO,False,,,NO,NO,0,0,25,,0,True,True,True,True,False,2026-05-13,22:13:00,Null,Null,Null + Null
2026-05-13 22:13:00,S,,,S,NO,NO,NO,NO,False,,,NO,NO,0,0,13,,0,True,True,True,True,False,2026-05-13,22:13:00,Null,Null,Null + Null
2026-05-13 22:13:00,T,2.0,broadband,T22,NO,NO,NO,NO,True,8635.58,T2,YES,NO,0,0,169,,0,False,True,True,True,False,2026-05-13,22:13:00,2,broadband,2 + broadband
2026-05-13 22:13:00,S,,,S,NO,NO,NO,NO,False,,,NO,NO,0,0,34,,0,True,True,True,True,False,2026-05-13,22:13:00,Null,Null,Null + Null
2026-05-13 22:13:00,S,2.0,peotv,S21,NO,NO,NO,NO,True,0.0,S2,YES,NO,0,0,714,,0,False,False,False,False,True,2026-05-13,22:13:00,2,peotv,2 + peotv
2026-05-13 22:13:00,S,4.0,extragb,S4112,NO,NO,NO,NO,True,2354.02,S41,NO,NO,0,0,38,,0,True,True,True,True,False,2026-05-13,22:13:00,4,extragb,4 + extragb
2026-05-13 22:13:00,T,1.0,,TLty1,NO,NO,NO,NO,False,,T1,YES,YES,809,131,1026,,940,False,False,False,False,True,2026-05-13,22:13:00,1,Null,1 + Null
2026-05-13 22:13:00,S,2.0,voice,S23,NO,NO,NO,NO,True,2185.89,S2,NO,NO,0,0,122,,0,False,True,True,True,False,2026-05-13,22:13:00,2,voice,2 + voice
2026-05-13 22:13:00,S,2.0,peotv,S21,NO,NO,NO,NO,True,4677.55,S2,YES,NO,0,0,230,,0,False,False,True,True,False,2026-05-13,22:13:00,2,peotv,2 + peotv
2026-05-13 22:13:00,S,,,S,NO,NO,NO,NO,False,,,NO,NO,0,0,4,,0,True,True,True,True,False,2026-05-13,22:13:00,Null,Null,Null + Null
2026-05-13 22:13:00,S,2.0,peotv,S21,NO,NO,NO,NO,True,22.31,S2,NO,NO,0,0,74,,0,True,True,True,True,False,2026-05-13,22:13:00,2,peotv,2 + peotv
2026-05-13 22:13:00,S,,,S,NO,NO,NO,NO,False,,,NO,NO,0,0,31,,0,True,True,True,True,False,2026-05-13,22:13:00,Null,Null,Null + Null
2026-05-13 22:13:00,S,4.0,extragb,S4111,NO,NO,NO,YES,True,4553.77,S41,NO,NO,0,0,77,,0,True,True,True,True,False,2026-05-13,22:13:00,4,extragb,4 + extragb
2026-05-13 22:13:00,S,7.0,,S7,NO,NO,NO,NO,True,3411.04,S7,YES,YES,1061,163,1310,,1224,False,False,False,False,True,2026-05-13,22:13:00,7,Null,7 + Null
2026-05-13 22:13:00,S,,,S,NO,NO,NO,NO,False,,,NO,NO,0,0,26,,0,True,True,True,True,False,2026-05-13,22:13:00,Null,Null,Null + Null
2026-05-13 22:13:00,S,3.0,,S3,NO,NO,NO,NO,True,2605.84,S3,NO,NO,0,0,61,,0,True,True,True,True,False,2026-05-13,22:13:00,3,Null,3 + Null
2026-05-13 22:13:00,S,2.0,broadband,S22i,NO,NO,YES,NO,True,7359.06,S2,YES,YES,1106,94,1315,,1200,False,False,False,False,True,2026-05-13,22:13:00,2,broadband,2 + broadband
2026-05-13 22:13:00,S,7.0,,S7,NO,NO,NO,NO,True,-89.13,S7,YES,NO,0,0,79,,0,True,True,True,True,False,2026-05-13,22:13:00,7,Null,7 + Null
2026-05-13 22:13:00,S,2.0,peotv,S21,NO,NO,NO,NO,True,0.0,S2,YES,YES,1094,76,1292,,1170,False,False,False,False,True,2026-05-13,22:13:00,2,peotv,2 + peotv
2026-05-13 22:13:00,S,4.0,addon,S41211,NO,NO,YES,NO,True,3973.05,S41,NO,NO,0,0,112,,0,False,True,True,True,False,2026-05-13,22:13:00,4,addon,4 + addon
2026-05-13 22:13:00,S,2.0,peotv,S21,NO,NO,NO,NO,True,10419.94,S2,YES,NO,0,0,737,,0,False,False,False,False,True,2026-05-13,22:13:00,2,peotv,2 + peotv
2026-05-13 22:13:00,S,2.0,peotv,S211,NO,YES,NO,NO,True,5038.31,S2,YES,NO,0,0,895,,0,False,False,False,False,True,2026-05-13,22:13:00,2,peotv,2 + peotv
2026-05-13 22:13:00,S,2.0,peotv,S21,NO,YES,NO,NO,True,-307.87,S2,YES,YES,1109,77,1240,,1186,False,False,False,False,True,2026-05-13,22:13:00,2,peotv,2 + peotv
2026-05-13 22:12:00,S,2.0,broadband,S22,NO,NO,NO,NO,True,1795.67,S2,YES,NO,0,0,147,,0,False,True,True,True,False,2026-05-13,22:12:00,2,broadband,2 + broadband
2026-05-13 22:12:00,S,,,S,NO,NO,NO,NO,False,,,NO,NO,0,0,49,,0,True,True,True,True,False,2026-05-13,22:12:00,Null,Null,Null + Null
2026-05-13 22:12:00,S,2.0,peotv,S211,NO,YES,NO,NO,True,4000.23,S2,YES,NO,0,0,1110,,0,False,False,False,False,True,2026-05-13,22:12:00,2,peotv,2 + peotv
2026-05-13 22:12:00,S,2.0,broadband,S222,NO,NO,YES,NO,True,6172.31,S2,YES,YES,1108,97,1323,,1205,False,False,False,False,True,2026-05-13,22:12:00,2,broadband,2 + broadband
2026-05-13 22:12:00,S,2.0,peotv,S21,NO,NO,NO,NO,True,10457.1,S2,YES,NO,0,0,881,,0,False,False,False,False,True,2026-05-13,22:12:00,2,peotv,2 + peotv
2026-05-13 22:12:00,S,3.0,,S3,NO,NO,NO,NO,True,-24.24,S3,NO,NO,0,0,57,,0,True,True,True,True,False,2026-05-13,22:12:00,3,Null,3 + Null
2026-05-13 22:12:00,S,2.0,peotv,S211,NO,YES,NO,NO,True,4714.34,S2,YES,NO,0,0,323,,0,False,False,False,True,False,2026-05-13,22:12:00,2,peotv,2 + peotv
2026-05-13 22:12:00,S,7.0,,S7,NO,NO,NO,NO,True,2851.89,S7,YES,NO,0,0,153,,0,False,True,True,True,False,2026-05-13,22:12:00,7,Null,7 + Null
2026-05-13 22:12:00,S,2.0,peotv,S21,NO,NO,NO,NO,True,4309.03,S2,YES,NO,0,0,967,,0,False,False,False,False,True,2026-05-13,22:12:00,2,peotv,2 + peotv
2026-05-13 22:12:00,S,2.0,peotv,S21,NO,YES,NO,NO,True,1803.42,S2,YES,NO,0,0,262,,0,False,False,True,True,False,2026-05-13,22:12:00,2,peotv,2 + peotv
2026-05-13 22:12:00,S,7.0,,S7,NO,NO,NO,NO,True,3495.13,S7,YES,NO,0,0,394,,0,False,False,False,True,False,2026-05-13,22:12:00,7,Null,7 + Null
2026-05-13 22:12:00,S,,,S,NO,NO,NO,NO,False,,,NO,NO,0,0,25,,0,True,True,True,True,False,2026-05-13,22:12:00,Null,Null,Null + Null
2026-05-13 22:12:00,S,2.0,peotv,S211,NO,YES,NO,NO,True,12109.49,S2,YES,NO,0,0,1087,,0,False,False,False,False,True,2026-05-13,22:12:00,2,peotv,2 + peotv
2026-05-13 22:12:00,S,2.0,voice,S23,NO,NO,NO,NO,True,0.0,S2,NO,NO,0,0,129,,0,False,True,True,True,False,2026-05-13,22:12:00,2,voice,2 + voice
2026-05-13 22:12:00,S,2.0,peotv,S21,NO,NO,NO,NO,True,9403.97,S2,YES,NO,0,0,296,,0,False,False,True,True,False,2026-05-13,22:12:00,2,peotv,2 + peotv
2026-05-13 22:12:00,S,2.0,peotv,S211,NO,YES,NO,NO,True,6050.6,S2,YES,NO,0,0,266,,0,False,False,True,True,False,2026-05-13,22:12:00,2,peotv,2 + peotv
2026-05-13 22:12:00,S,2.0,peotv,S21,NO,YES,NO,NO,True,7984.35,S2,NO,NO,0,0,93,,0,True,True,True,True,False,2026-05-13,22:12:00,2,peotv,2 + peotv
2026-05-13 22:12:00,S,7.0,,S7,NO,NO,NO,NO,True,-325.25,S7,YES,NO,0,0,1201,,0,False,False,False,False,True,2026-05-13,22:12:00,7,Null,7 + Null
2026-05-13 22:12:00,S,2.0,peotv,S21,NO,NO,NO,NO,True,-1152.45,S2,YES,NO,0,0,132,,0,False,True,True,True,False,2026-05-13,22:12:00,2,peotv,2 + peotv
2026-05-13 22:12:00,S,1.0,,S1,NO,NO,NO,NO,False,,S1,YES,NO,0,0,180,,0,False,True,True,True,False,2026-05-13,22:12:00,1,Null,1 + Null
2026-05-13 22:12:00,S,,,S,NO,NO,NO,NO,False,,,NO,NO,0,0,34,,0,True,True,True,True,False,2026-05-13,22:12:00,Null,Null,Null + Null
2026-05-13 22:12:00,S,2.0,peotv,S21,NO,NO,NO,NO,True,5159.16,S2,YES,YES,1105,57,1269,,1162,False,False,False,False,True,2026-05-13,22:12:00,2,peotv,2 + peotv
2026-05-13 22:12:00,S,2.0,peotv,S21,NO,YES,NO,NO,True,10734.67,S2,NO,NO,0,0,106,,0,False,True,True,True,False,2026-05-13,22:12:00,2,peotv,2 + peotv
2026-05-13 22:12:00,S,2.0,peotv,S21,YES,NO,NO,NO,True,4329.32,S2,YES,NO,0,0,1066,,0,False,False,False,False,True,2026-05-13,22:12:00,2,peotv,2 + peotv
2026-05-13 22:12:00,S,1.0,,S1,NO,NO,NO,NO,True,0.06,S1,YES,NO,0,0,173,,0,False,True,True,True,False,2026-05-13,22:12:00,1,Null,1 + Null
2026-05-13 22:12:00,S,2.0,broadband,S22,NO,NO,NO,NO,True,-175.17,S2,YES,NO,0,0,549,,0,False,False,False,False,True,2026-05-13,22:12:00,2,broadband,2 + broadband
2026-05-13 22:12:00,S,2.0,peotv,S21,NO,NO,NO,NO,True,6139.23,S2,YES,NO,0,0,390,,0,False,False,False,True,False,2026-05-13,22:12:00,2,peotv,2 + peotv
2026-05-13 22:12:00,S,4.0,extragb,S4111,NO,NO,NO,YES,True,9732.27,S41,NO,NO,0,0,36,,0,True,True,True,True,False,2026-05-13,22:12:00,4,extragb,4 + extragb
2026-05-13 22:12:00,S,7.0,,S7,NO,NO,NO,NO,True,3237.54,S7,YES,YES,1047,133,1242,,1180,False,False,False,False,True,2026-05-13,22:12:00,7,Null,7 + Null
2026-05-13 22:12:00,S,4.0,extragb,S4111,NO,NO,NO,YES,True,16552.99,S41,NO,NO,0,0,60,,0,True,True,True,True,False,2026-05-13,22:12:00,4,extragb,4 + extragb
2026-05-13 22:12:00,S,4.0,extragb,S4111,NO,NO,NO,YES,True,9418.76,S41,NO,NO,0,0,96,,0,True,True,True,True,False,2026-05-13,22:12:00,4,extragb,4 + extragb
2026-05-13 22:12:00,S,2.0,peotv,S21,NO,YES,NO,NO,True,0.0,S2,YES,NO,0,0,967,,0,False,False,False,False,True,2026-05-13,22:12:00,2,peotv,2 + peotv
2026-05-13 22:12:00,S,2.0,peotv,S21,YES,NO,NO,NO,True,0.0,S2,YES,NO,0,0,449,,0,False,False,False,True,False,2026-05-13,22:12:00,2,peotv,2 + peotv
2026-05-13 22:12:00,S,3.0,,S3,NO,NO,NO,NO,True,-0.05,S3,YES,NO,0,0,301,,0,False,False,False,True,False,2026-05-13,22:12:00,3,Null,3 + Null
2026-05-13 22:12:00,T,1.0,,TLty1,NO,NO,NO,NO,False,,T1,YES,NO,0,0,211,,0,False,False,True,True,False,2026-05-13,22:12:00,1,Null,1 + Null
2026-05-13 22:12:00,S,3.0,,S3,NO,NO,NO,NO,True,9039.94,S3,NO,NO,0,0,160,,0,False,True,True,True,False,2026-05-13,22:12:00,3,Null,3 + Null
2026-05-13 22:12:00,S,2.0,other,S2t,NO,NO,NO,NO,True,-12.63,S2,NO,NO,0,0,95,,0,True,True,True,True,False,2026-05-13,22:12:00,2,other,2 + other
2026-05-13 22:12:00,S,1.0,,MOBITEL_SLty1,NO,NO,NO,NO,False,,S1,YES,NO,0,0,78,,0,True,True,True,True,False,2026-05-13,22:12:00,1,Null,1 + Null
2026-05-13 22:12:00,S,,,S,NO,NO,NO,NO,False,,,NO,NO,0,0,121,,0,False,True,True,True,False,2026-05-13,22:12:00,Null,Null,Null + Null
2026-05-13 22:12:00,S,1.0,,SLty1,NO,NO,NO,NO,False,,S1,YES,NO,0,0,87,,0,True,True,True,True,False,2026-05-13,22:12:00,1,Null,1 + Null
2026-05-13 22:12:00,S,,,S,NO,NO,NO,NO,False,,,NO,NO,0,0,24,,0,True,True,True,True,False,2026-05-13,22:12:00,Null,Null,Null + Null
2026-05-13 22:12:00,E,4.0,extragb,E41121,NO,NO,NO,YES,True,11226.16,E41,NO,NO,0,0,70,,0,True,True,True,True,False,2026-05-13,22:12:00,4,extragb,4 + extragb
2026-05-13 22:12:00,S,4.0,extragb,S4111,NO,NO,NO,YES,True,3468.56,S41,NO,NO,0,0,91,,0,True,True,True,True,False,2026-05-13,22:12:00,4,extragb,4 + extragb
2026-05-13 22:12:00,S,3.0,,S3,NO,NO,NO,NO,True,15132.56,S3,YES,NO,0,0,1148,,0,False,False,False,False,True,2026-05-13,22:12:00,3,Null,3 + Null
2026-05-13 22:12:00,S,,,S,NO,NO,NO,NO,False,,,NO,NO,0,0,35,,0,True,True,True,True,False,2026-05-13,22:12:00,Null,Null,Null + Null
2026-05-13 22:12:00,S,2.0,peotv,S21,NO,YES,NO,NO,True,-306.35,S2,YES,NO,0,0,386,,0,False,False,False,True,False,2026-05-13,22:12:00,2,peotv,2 + peotv
2026-05-13 22:12:00,S,2.0,peotv,S21,NO,YES,NO,NO,True,0.0,S2,YES,NO,0,0,198,,0,False,True,True,True,False,2026-05-13,22:12:00,2,peotv,2 + peotv
2026-05-13 22:12:00,E,3.0,,E3,NO,NO,NO,NO,True,13866.31,E3,NO,NO,0,0,85,,0,True,True,True,True,False,2026-05-13,22:12:00,3,Null,3 + Null
2026-05-13 22:12:00,S,4.0,extragb,S4111,NO,NO,NO,YES,True,2331.52,S41,NO,NO,0,0,48,,0,True,True,True,True,False,2026-05-13,22:12:00,4,extragb,4 + extragb
2026-05-13 22:12:00,S,1.0,,MOBITEL_SLty1,NO,NO,NO,NO,False,,S1,YES,NO,0,0,655,,0,False,False,False,False,True,2026-05-13,22:12:00,1,Null,1 + Null
2026-05-13 22:12:00,S,,,S,NO,NO,NO,NO,False,,,NO,NO,0,0,742,,0,False,False,False,False,True,2026-05-13,22:12:00,Null,Null,Null + Null
2026-05-13 22:11:00,S,2.0,peotv,S21,NO,NO,NO,NO,True,5319.06,S2,YES,NO,0,0,264,,0,False,False,True,True,False,2026-05-13,22:11:00,2,peotv,2 + peotv
2026-05-13 22:11:00,S,2.0,peotv,S211,NO,YES,NO,NO,True,2670.37,S2,YES,NO,0,0,291,,0,False,False,True,True,False,2026-05-13,22:11:00,2,peotv,2 + peotv
2026-05-13 22:11:00,S,4.0,extragb,S4111,NO,NO,NO,YES,True,-180.76,S41,NO,NO,0,0,28,,0,True,True,True,True,False,2026-05-13,22:11:00,4,extragb,4 + extragb
2026-05-13 22:11:00,S,2.0,peotv,S21,NO,YES,NO,NO,True,-13.72,S2,YES,NO,0,0,320,,0,False,False,False,True,False,2026-05-13,22:11:00,2,peotv,2 + peotv
2026-05-13 22:11:00,S,2.0,peotv,S21,NO,NO,NO,NO,True,4143.03,S2,YES,NO,0,0,298,,0,False,False,True,True,False,2026-05-13,22:11:00,2,peotv,2 + peotv
2026-05-13 22:11:00,S,1.0,,S1,NO,NO,NO,NO,True,0.0,S1,YES,NO,0,0,496,,0,False,False,False,True,False,2026-05-13,22:11:00,1,Null,1 + Null
2026-05-13 22:11:00,S,3.0,,S3,NO,NO,NO,NO,True,8589.16,S3,YES,NO,0,0,291,,0,False,False,True,True,False,2026-05-13,22:11:00,3,Null,3 + Null
2026-05-13 22:11:00,S,4.0,extragb,S4111,NO,NO,NO,YES,True,-130.16,S41,NO,NO,0,0,70,,0,True,True,True,True,False,2026-05-13,22:11:00,4,extragb,4 + extragb
2026-05-13 22:11:00,S,,,S,NO,NO,NO,NO,False,,,NO,NO,0,0,48,,0,True,True,True,True,False,2026-05-13,22:11:00,Null,Null,Null + Null
2026-05-13 22:11:00,S,4.0,extragb,S411,NO,NO,NO,NO,True,-104.22,S41,YES,NO,0,0,129,,0,False,True,True,True,False,2026-05-13,22:11:00,4,extragb,4 + extragb
2026-05-13 22:11:00,S,,,S,NO,NO,NO,NO,True,3598.09,,NO,NO,0,0,82,,0,True,True,True,True,False,2026-05-13,22:11:00,Null,Null,Null + Null
2026-05-13 22:11:00,S,,,MOBITEL_S,NO,NO,NO,NO,False,,,NO,NO,0,0,17,,0,True,True,True,True,False,2026-05-13,22:11:00,Null,Null,Null + Null
2026-05-13 22:11:00,S,,,S,NO,NO,NO,NO,False,,,NO,NO,0,0,85,,0,True,True,True,True,False,2026-05-13,22:11:00,Null,Null,Null + Null
2026-05-13 22:11:00,S,,,S,NO,NO,NO,NO,False,,,NO,NO,0,0,27,,0,True,True,True,True,False,2026-05-13,22:11:00,Null,Null,Null + Null
2026-05-13 22:11:00,S,2.0,peotv,S211,NO,YES,NO,NO,True,5921.54,S2,YES,NO,0,0,655,,0,False,False,False,False,True,2026-05-13,22:11:00,2,peotv,2 + peotv
2026-05-13 22:11:00,S,4.0,extragb,S4111,NO,NO,NO,YES,True,-92.85,S41,NO,NO,0,0,28,,0,True,True,True,True,False,2026-05-13,22:11:00,4,extragb,4 + extragb
2026-05-13 22:11:00,S,4.0,extragb,S411,NO,NO,NO,NO,True,5753.48,S41,NO,NO,0,0,51,,0,True,True,True,True,False,2026-05-13,22:11:00,4,extragb,4 + extragb
2026-05-13 22:11:00,S,,,MOBITEL_S,NO,NO,NO,NO,False,,,NO,NO,0,0,16,,0,True,True,True,True,False,2026-05-13,22:11:00,Null,Null,Null + Null
2026-05-13 22:11:00,S,2.0,peotv,S21,YES,NO,NO,NO,True,4913.08,S2,YES,NO,0,0,965,,0,False,False,False,False,True,2026-05-13,22:11:00,2,peotv,2 + peotv
2026-05-13 22:11:00,S,3.0,,S3,NO,NO,NO,NO,True,583.11,S3,NO,NO,0,0,97,,0,True,True,True,True,False,2026-05-13,22:11:00,3,Null,3 + Null
2026-05-13 22:11:00,S,1.0,,SLty1,NO,NO,NO,NO,False,,S1,YES,NO,0,0,266,,0,False,False,True,True,False,2026-05-13,22:11:00,1,Null,1 + Null
2026-05-13 22:11:00,S,2.0,peotv,S21,NO,NO,NO,NO,True,-30.33,S2,YES,NO,0,0,518,,0,False,False,False,False,True,2026-05-13,22:11:00,2,peotv,2 + peotv
2026-05-13 22:11:00,S,2.0,peotv,S21,YES,NO,NO,NO,True,0.0,S2,NO,NO,0,0,92,,0,True,True,True,True,False,2026-05-13,22:11:00,2,peotv,2 + peotv
2026-05-13 22:11:00,S,,,S,NO,NO,NO,NO,True,488.81,,NO,NO,0,0,70,,0,True,True,True,True,False,2026-05-13,22:11:00,Null,Null,Null + Null
2026-05-13 22:11:00,S,4.0,extragb,S41121,NO,NO,NO,YES,True,6104.87,S41,NO,NO,0,0,154,,0,False,True,True,True,False,2026-05-13,22:11:00,4,extragb,4 + extragb
2026-05-13 22:11:00,S,2.0,peotv,S21,NO,NO,NO,NO,True,4721.39,S2,YES,NO,0,0,217,,0,False,False,True,True,False,2026-05-13,22:11:00,2,peotv,2 + peotv
2026-05-13 22:11:00,S,1.0,,SLty1,NO,NO,NO,NO,False,,S1,YES,NO,0,0,864,,0,False,False,False,False,True,2026-05-13,22:11:00,1,Null,1 + Null
2026-05-13 22:11:00,S,,,S,NO,NO,NO,NO,False,,,NO,NO,0,0,34,,0,True,True,True,True,False,2026-05-13,22:11:00,Null,Null,Null + Null
2026-05-13 22:11:00,S,3.0,,S3,NO,NO,NO,NO,True,-89.13,S3,NO,NO,0,0,79,,0,True,True,True,True,False,2026-05-13,22:11:00,3,Null,3 + Null
2026-05-13 22:11:00,S,4.0,extragb,S41t,NO,NO,NO,NO,True,2385.19,S41,YES,NO,0,0,444,,0,False,False,False,True,False,2026-05-13,22:11:00,4,extragb,4 + extragb
2026-05-13 22:11:00,S,1.0,,SLty1,NO,NO,NO,NO,False,,S1,YES,NO,0,0,274,,0,False,False,True,True,False,2026-05-13,22:11:00,1,Null,1 + Null
2026-05-13 22:11:00,S,2.0,peotv,S21,NO,YES,NO,NO,True,-6.94,S2,YES,NO,0,0,109,,0,False,True,True,True,False,2026-05-13,22:11:00,2,peotv,2 + peotv
2026-05-13 22:11:00,S,,,S,NO,NO,NO,NO,True,-113.84,,NO,NO,0,0,39,,0,True,True,True,True,False,2026-05-13,22:11:00,Null,Null,Null + Null
2026-05-13 22:11:00,S,2.0,peotv,S21,NO,NO,NO,NO,True,7088.61,S2,YES,NO,0,0,227,,0,False,False,True,True,False,2026-05-13,22:11:00,2,peotv,2 + peotv
2026-05-13 22:11:00,S,4.0,extragb,S4111,NO,NO,NO,YES,True,9901.66,S41,NO,NO,0,0,53,,0,True,True,True,True,False,2026-05-13,22:11:00,4,extragb,4 + extragb
2026-05-13 22:11:00,S,3.0,,S3,NO,NO,NO,NO,True,535.09,S3,NO,NO,0,0,57,,0,True,True,True,True,False,2026-05-13,22:11:00,3,Null,3 + Null
2026-05-13 22:11:00,S,2.0,peotv,S211,NO,YES,NO,NO,True,4352.8,S2,YES,YES,1033,92,1203,,1125,False,False,False,False,True,2026-05-13,22:11:00,2,peotv,2 + peotv
2026-05-13 22:11:00,S,2.0,peotv,S211,NO,YES,NO,NO,True,10366.44,S2,YES,NO,0,0,204,,0,False,False,True,True,False,2026-05-13,22:11:00,2,peotv,2 + peotv
2026-05-13 22:11:00,S,2.0,peotv,S21,NO,NO,NO,NO,True,4185.65,S2,YES,NO,0,0,226,,0,False,False,True,True,False,2026-05-13,22:11:00,2,peotv,2 + peotv
2026-05-13 22:11:00,S,3.0,,S3,NO,NO,NO,NO,True,3247.86,S3,YES,NO,0,0,132,,0,False,True,True,True,False,2026-05-13,22:11:00,3,Null,3 + Null
2026-05-13 22:11:00,S,,,S,NO,NO,NO,NO,False,,,NO,NO,0,0,24,,0,True,True,True,True,False,2026-05-13,22:11:00,Null,Null,Null + Null
2026-05-13 22:11:00,S,3.0,,S3,NO,NO,NO,NO,True,-198.78,S3,NO,NO,0,0,68,,0,True,True,True,True,False,2026-05-13,22:11:00,3,Null,3 + Null
2026-05-13 22:11:00,S,,,S,NO,NO,NO,NO,False,,,NO,NO,0,0,56,,0,True,True,True,True,False,2026-05-13,22:11:00,Null,Null,Null + Null
2026-05-13 22:11:00,S,4.0,extragb,S4112,NO,NO,NO,NO,True,10546.45,S41,NO,NO,0,0,72,,0,True,True,True,True,False,2026-05-13,22:11:00,4,extragb,4 + extragb
2026-05-13 22:11:00,S,,,S,NO,NO,NO,NO,False,,,NO,NO,0,0,23,,0,True,True,True,True,False,2026-05-13,22:11:00,Null,Null,Null + Null
2026-05-13 22:11:00,S,7.0,,S7,NO,NO,NO,NO,True,6111.96,S7,YES,YES,1036,100,1246,,1136,False,False,False,False,True,2026-05-13,22:11:00,7,Null,7 + Null
2026-05-13 22:11:00,S,,,S,NO,NO,NO,NO,True,7497.43,,NO,NO,0,0,71,,0,True,True,True,True,False,2026-05-13,22:11:00,Null,Null,Null + Null
2026-05-13 22:11:00,S,,,S,NO,NO,NO,NO,False,,,NO,NO,0,0,21,,0,True,True,True,True,False,2026-05-13,22:11:00,Null,Null,Null + Null
2026-05-13 22:11:00,S,2.0,voice,S23,NO,NO,NO,NO,True,604.44,S2,NO,NO,0,0,176,,0,False,True,True,True,False,2026-05-13,22:11:00,2,voice,2 + voice
2026-05-13 22:11:00,S,3.0,,S3,NO,NO,NO,NO,True,15543.63,S3,NO,NO,0,0,92,,0,True,True,True,True,False,2026-05-13,22:11:00,3,Null,3 + Null
2026-05-13 22:11:00,S,7.0,,MOBITEL_S7,NO,NO,NO,NO,True,11644.92,S7,YES,YES,1047,83,1185,,1130,False,False,False,False,True,2026-05-13,22:11:00,7,Null,7 + Null
2026-05-13 22:11:00,S,2.0,peotv,S211,NO,YES,NO,NO,True,4958.09,S2,YES,YES,1009,123,1257,,1132,False,False,False,False,True,2026-05-13,22:11:00,2,peotv,2 + peotv
2026-05-13 22:11:00,S,3.0,,S3,NO,NO,NO,NO,True,2331.52,S3,NO,NO,0,0,49,,0,True,True,True,True,False,2026-05-13,22:11:00,3,Null,3 + Null
2026-05-13 22:11:00,S,2.0,peotv,S21,NO,NO,NO,NO,True,2047.79,S2,YES,NO,0,0,125,,0,False,True,True,True,False,2026-05-13,22:11:00,2,peotv,2 + peotv
2026-05-13 22:11:00,S,2.0,peotv,S21,NO,YES,NO,NO,True,1706.8,S2,YES,NO,0,0,669,,0,False,False,False,False,True,2026-05-13,22:11:00,2,peotv,2 + peotv
2026-05-13 22:11:00,E,1.0,,MOBITEL_ELty1,NO,NO,NO,NO,False,,E1,YES,NO,0,0,196,,0,False,True,True,True,False,2026-05-13,22:11:00,1,Null,1 + Null
2026-05-13 22:11:00,S,2.0,peotv,S21,YES,NO,NO,NO,True,6762.16,S2,YES,NO,0,0,251,,0,False,False,True,True,False,2026-05-13,22:11:00,2,peotv,2 + peotv
2026-05-13 22:11:00,S,7.0,,S7,NO,NO,NO,NO,True,3009.88,S7,YES,NO,0,0,855,,0,False,False,False,False,True,2026-05-13,22:11:00,7,Null,7 + Null
2026-05-13 22:11:00,S,2.0,peotv,S211,NO,YES,NO,NO,True,4436.73,S2,YES,NO,0,0,655,,0,False,False,False,False,True,2026-05-13,22:11:00,2,peotv,2 + peotv
2026-05-13 22:11:00,E,7.0,,E7,NO,NO,NO,NO,True,7173.73,E7,YES,YES,844,140,1095,,984,False,False,False,False,True,2026-05-13,22:11:00,7,Null,7 + Null
2026-05-13 22:10:00,S,,,MOBITEL_S,NO,NO,NO,NO,False,,,NO,NO,0,0,19,,0,True,True,True,True,False,2026-05-13,22:10:00,Null,Null,Null + Null
2026-05-13 22:10:00,S,2.0,peotv,S21,NO,YES,NO,NO,True,-3.04,S2,YES,NO,0,0,296,,0,False,False,True,True,False,2026-05-13,22:10:00,2,peotv,2 + peotv
2026-05-13 22:10:00,S,2.0,peotv,S21,NO,YES,NO,NO,True,-27.4,S2,YES,NO,0,0,424,,0,False,False,False,True,False,2026-05-13,22:10:00,2,peotv,2 + peotv
2026-05-13 22:10:00,T,,,T,NO,NO,NO,NO,False,,,NO,NO,0,0,20,,0,True,True,True,True,False,2026-05-13,22:10:00,Null,Null,Null + Null
2026-05-13 22:10:00,S,7.0,,S7,NO,NO,NO,NO,True,4299.09,S7,YES,NO,0,0,1009,,0,False,False,False,False,True,2026-05-13,22:10:00,7,Null,7 + Null
2026-05-13 22:10:00,S,2.0,voice,S23,NO,NO,NO,NO,True,6142.97,S2,YES,NO,0,0,608,,0,False,False,False,False,True,2026-05-13,22:10:00,2,voice,2 + voice
2026-05-13 22:10:00,S,,,S,NO,NO,NO,NO,False,,,NO,NO,0,0,15,,0,True,True,True,True,False,2026-05-13,22:10:00,Null,Null,Null + Null
2026-05-13 22:10:00,S,,,S,NO,NO,NO,NO,True,3973.05,,NO,NO,0,0,40,,0,True,True,True,True,False,2026-05-13,22:10:00,Null,Null,Null + Null
2026-05-13 22:10:00,S,4.0,extragb,S4111,NO,NO,NO,YES,True,1192.0,S41,NO,NO,0,0,101,,0,False,True,True,True,False,2026-05-13,22:10:00,4,extragb,4 + extragb
2026-05-13 22:10:00,S,1.0,,S1,NO,NO,NO,NO,True,-29.8,S1,YES,NO,0,0,337,,0,False,False,False,True,False,2026-05-13,22:10:00,1,Null,1 + Null
2026-05-13 22:10:00,S,7.0,,S7,NO,NO,NO,NO,True,785.75,S7,YES,NO,0,0,355,,0,False,False,False,True,False,2026-05-13,22:10:00,7,Null,7 + Null
2026-05-13 22:10:00,S,2.0,peotv,S21,NO,NO,NO,NO,True,8819.2,S2,YES,NO,0,0,603,,0,False,False,False,False,True,2026-05-13,22:10:00,2,peotv,2 + peotv
2026-05-13 22:10:00,S,2.0,broadband,S22,NO,NO,NO,NO,True,4444.14,S2,YES,NO,0,0,522,,0,False,False,False,False,True,2026-05-13,22:10:00,2,broadband,2 + broadband
2026-05-13 22:10:00,S,7.0,,S7,NO,NO,NO,NO,True,11621.49,S7,YES,NO,0,0,526,,0,False,False,False,False,True,2026-05-13,22:10:00,7,Null,7 + Null
2026-05-13 22:10:00,S,,,S,NO,NO,NO,NO,False,,,NO,NO,0,0,47,,0,True,True,True,True,False,2026-05-13,22:10:00,Null,Null,Null + Null
2026-05-13 22:10:00,S,2.0,peotv,S21,NO,YES,NO,NO,True,548.6,S2,YES,NO,0,0,641,,0,False,False,False,False,True,2026-05-13,22:10:00,2,peotv,2 + peotv
2026-05-13 22:10:00,S,2.0,peotv,S21,NO,NO,NO,NO,True,7196.45,S2,YES,NO,0,0,334,,0,False,False,False,True,False,2026-05-13,22:10:00,2,peotv,2 + peotv
2026-05-13 22:10:00,S,3.0,,S3,NO,NO,NO,NO,True,5092.49,S3,NO,NO,0,0,145,,0,False,True,True,True,False,2026-05-13,22:10:00,3,Null,3 + Null
2026-05-13 22:10:00,S,7.0,,S7,NO,NO,NO,NO,True,10131.17,S7,YES,NO,0,0,658,,0,False,False,False,False,True,2026-05-13,22:10:00,7,Null,7 + Null
2026-05-13 22:10:00,S,2.0,peotv,S21,NO,YES,NO,NO,True,10457.67,S2,NO,NO,0,0,19,,0,True,True,True,True,False,2026-05-13,22:10:00,2,peotv,2 + peotv
2026-05-13 22:10:00,S,3.0,,S3,NO,NO,NO,NO,True,-113.84,S3,NO,NO,0,0,99,,0,True,True,True,True,False,2026-05-13,22:10:00,3,Null,3 + Null
2026-05-13 22:10:00,S,3.0,,S3,NO,NO,NO,NO,True,-10386.25,S3,NO,NO,0,0,80,,0,True,True,True,True,False,2026-05-13,22:10:00,3,Null,3 + Null
2026-05-13 22:10:00,S,2.0,peotv,S21,NO,NO,NO,NO,True,5026.09,S2,YES,NO,0,0,249,,0,False,False,True,True,False,2026-05-13,22:10:00,2,peotv,2 + peotv
2026-05-13 22:10:00,S,2.0,peotv,S21,NO,NO,NO,NO,True,2682.84,S2,YES,NO,0,0,927,,0,False,False,False,False,True,2026-05-13,22:10:00,2,peotv,2 + peotv
2026-05-13 22:10:00,S,2.0,broadband,S22,NO,NO,NO,NO,True,8635.58,S2,YES,NO,0,0,150,,0,False,True,True,True,False,2026-05-13,22:10:00,2,broadband,2 + broadband
2026-05-13 22:10:00,S,3.0,,S3,NO,NO,NO,NO,True,9685.58,S3,YES,NO,0,0,343,,0,False,False,False,True,False,2026-05-13,22:10:00,3,Null,3 + Null
2026-05-13 22:10:00,S,7.0,,S7,NO,NO,NO,NO,True,7980.52,S7,YES,NO,0,0,601,,0,False,False,False,False,True,2026-05-13,22:10:00,7,Null,7 + Null
2026-05-13 22:10:00,S,7.0,,S7,NO,NO,NO,NO,True,0.0,S7,YES,NO,0,0,387,,0,False,False,False,True,False,2026-05-13,22:10:00,7,Null,7 + Null
2026-05-13 22:10:00,S,2.0,peotv,S21,NO,YES,NO,NO,True,-68.04,S2,YES,NO,0,0,646,,0,False,False,False,False,True,2026-05-13,22:10:00,2,peotv,2 + peotv
2026-05-13 22:10:00,S,3.0,,MOBITEL_S3,NO,NO,NO,NO,True,6822.81,S3,YES,NO,0,0,610,,0,False,False,False,False,True,2026-05-13,22:10:00,3,Null,3 + Null
2026-05-13 22:10:00,S,,,S,NO,NO,NO,NO,False,,,NO,NO,0,0,678,,0,False,False,False,False,True,2026-05-13,22:10:00,Null,Null,Null + Null
2026-05-13 22:10:00,S,,,S,NO,NO,NO,NO,False,,,NO,NO,0,0,33,,0,True,True,True,True,False,2026-05-13,22:10:00,Null,Null,Null + Null
2026-05-13 22:10:00,S,,,S,NO,NO,NO,NO,False,,,NO,NO,0,0,23,,0,True,True,True,True,False,2026-05-13,22:10:00,Null,Null,Null + Null
2026-05-13 22:10:00,S,2.0,peotv,S21,NO,YES,NO,NO,True,-389.81,S2,YES,NO,0,0,281,,0,False,False,True,True,False,2026-05-13,22:10:00,2,peotv,2 + peotv
2026-05-13 22:10:00,S,3.0,,S3,NO,NO,NO,NO,True,3589.26,S3,NO,NO,0,0,99,,0,True,True,True,True,False,2026-05-13,22:10:00,3,Null,3 + Null
2026-05-13 22:10:00,S,,,S,NO,NO,NO,NO,False,,,NO,NO,0,0,24,,0,True,True,True,True,False,2026-05-13,22:10:00,Null,Null,Null + Null
2026-05-13 22:10:00,S,2.0,peotv,S21,YES,NO,NO,NO,True,2416.23,S2,YES,NO,0,0,623,,0,False,False,False,False,True,2026-05-13,22:10:00,2,peotv,2 + peotv
2026-05-13 22:10:00,S,,,S,NO,NO,NO,NO,False,,,NO,NO,0,0,46,,0,True,True,True,True,False,2026-05-13,22:10:00,Null,Null,Null + Null
2026-05-13 22:10:00,S,2.0,peotv,S21,NO,NO,NO,NO,True,4920.82,S2,YES,NO,0,0,106,,0,False,True,True,True,False,2026-05-13,22:10:00,2,peotv,2 + peotv
2026-05-13 22:10:00,E,,,E,NO,NO,NO,NO,False,,,NO,NO,0,0,27,,0,True,True,True,True,False,2026-05-13,22:10:00,Null,Null,Null + Null
2026-05-13 22:10:00,S,,,S,NO,NO,NO,NO,False,,,NO,NO,0,0,64,,0,True,True,True,True,False,2026-05-13,22:10:00,Null,Null,Null + Null
2026-05-13 22:10:00,S,7.0,,S7,NO,NO,NO,NO,False,,S7,YES,NO,0,0,978,,0,False,False,False,False,True,2026-05-13,22:10:00,7,Null,7 + Null
2026-05-13 22:10:00,S,1.0,,S1,NO,NO,NO,NO,True,6000.36,S1,NO,NO,0,0,49,,0,True,True,True,True,False,2026-05-13,22:10:00,1,Null,1 + Null
2026-05-13 22:10:00,S,3.0,,S3,NO,NO,NO,NO,True,3776.13,S3,YES,YES,1008,72,1176,,1080,False,False,False,False,True,2026-05-13,22:10:00,3,Null,3 + Null
2026-05-13 22:10:00,S,,,S,NO,NO,NO,NO,False,,,NO,NO,0,0,20,,0,True,True,True,True,False,2026-05-13,22:10:00,Null,Null,Null + Null
2026-05-13 22:10:00,S,3.0,,S3,NO,NO,NO,NO,True,2965.28,S3,NO,NO,0,0,72,,0,True,True,True,True,False,2026-05-13,22:10:00,3,Null,3 + Null
2026-05-13 22:10:00,S,2.0,peotv,S21,NO,NO,NO,NO,True,4329.17,S2,YES,NO,0,0,152,,0,False,True,True,True,False,2026-05-13,22:10:00,2,peotv,2 + peotv
2026-05-13 22:10:00,S,2.0,voice,S23,NO,NO,NO,NO,True,10734.67,S2,NO,NO,0,0,161,,0,False,True,True,True,False,2026-05-13,22:10:00,2,voice,2 + voice
2026-05-13 22:10:00,S,7.0,,S7,NO,NO,NO,NO,True,3598.09,S7,YES,NO,0,0,74,,0,True,True,True,True,False,2026-05-13,22:10:00,7,Null,7 + Null
2026-05-13 22:10:00,S,2.0,peotv,S21,NO,NO,NO,NO,True,0.0,S2,YES,NO,0,0,123,,0,False,True,True,True,False,2026-05-13,22:10:00,2,peotv,2 + peotv
2026-05-13 22:10:00,S,2.0,peotv,S21,NO,NO,NO,NO,True,-1152.45,S2,YES,NO,0,0,455,,0,False,False,False,True,False,2026-05-13,22:10:00,2,peotv,2 + peotv
2026-05-13 22:10:00,S,,,S,NO,NO,NO,NO,False,,,NO,NO,0,0,22,,0,True,True,True,True,False,2026-05-13,22:10:00,Null,Null,Null + Null
2026-05-13 22:10:00,S,2.0,peotv,S21,NO,NO,NO,NO,True,7044.08,S2,YES,NO,0,0,377,,0,False,False,False,True,False,2026-05-13,22:10:00,2,peotv,2 + peotv
2026-05-13 22:10:00,S,1.0,,MOBITEL_SLty1,NO,NO,NO,NO,False,,S1,YES,NO,0,0,90,,0,True,True,True,True,False,2026-05-13,22:10:00,1,Null,1 + Null
2026-05-13 22:10:00,S,,,S,NO,NO,NO,NO,False,,,NO,NO,0,0,130,,0,False,True,True,True,False,2026-05-13,22:10:00,Null,Null,Null + Null
2026-05-13 22:10:00,S,6.0,1,S1,NO,NO,NO,NO,,,ECS,YES,NO,0,0,45,,0,True,True,True,True,False,2026-05-13,22:10:00,6,1,6 + 1
2026-05-13 22:10:00,S,1.0,,MOBITEL_S1,NO,NO,NO,NO,False,,S1,YES,NO,0,0,468,,0,False,False,False,True,False,2026-05-13,22:10:00,1,Null,1 + Null
2026-05-13 22:10:00,S,,,S,NO,NO,NO,NO,False,,,NO,NO,0,0,538,,0,False,False,False,False,True,2026-05-13,22:10:00,Null,Null,Null + Null
2026-05-13 22:10:00,S,7.0,,S7,NO,NO,NO,NO,True,-632.02,S7,YES,NO,0,0,332,,0,False,False,False,True,False,2026-05-13,22:10:00,7,Null,7 + Null
2026-05-13 22:10:00,S,,,S,NO,NO,NO,NO,False,,,NO,NO,0,0,13,,0,True,True,True,True,False,2026-05-13,22:10:00,Null,Null,Null + Null
2026-05-13 22:10:00,S,1.0,,S1,NO,NO,NO,NO,True,2851.89,S1,YES,NO,0,0,108,,0,False,True,True,True,False,2026-05-13,22:10:00,1,Null,1 + Null
2026-05-13 22:10:00,S,,,S,NO,NO,NO,NO,False,,,NO,NO,0,0,34,,0,True,True,True,True,False,2026-05-13,22:10:00,Null,Null,Null + Null
2026-05-13 22:10:00,S,2.0,peotv,S21,NO,NO,NO,NO,True,2728.25,S2,YES,NO,0,0,625,,0,False,False,False,False,True,2026-05-13,22:10:00,2,peotv,2 + peotv
2026-05-13 22:10:00,S,7.0,,S7,NO,NO,NO,NO,True,11437.9,S7,YES,NO,0,0,521,,0,False,False,False,False,True,2026-05-13,22:10:00,7,Null,7 + Null
2026-05-13 22:10:00,S,2.0,peotv,S21,NO,NO,NO,NO,True,4055.19,S2,YES,NO,0,0,46,,0,True,True,True,True,False,2026-05-13,22:10:00,2,peotv,2 + peotv
2026-05-13 22:10:00,S,2.0,peotv,S21,NO,YES,NO,NO,True,-1894.51,S2,YES,YES,948,122,1157,,1070,False,False,False,False,True,2026-05-13,22:10:00,2,peotv,2 + peotv
2026-05-13 22:10:00,S,2.0,peotv,S21,NO,NO,NO,NO,True,-39.6,S2,YES,NO,0,0,1170,,0,False,False,False,False,True,2026-05-13,22:10:00,2,peotv,2 + peotv
2026-05-13 22:10:00,S,2.0,peotv,S21,NO,YES,NO,NO,True,3543.99,S2,NO,NO,0,0,121,,0,False,True,True,True,False,2026-05-13,22:10:00,2,peotv,2 + peotv
2026-05-13 22:10:00,S,2.0,peotv,S21,YES,NO,NO,NO,True,0.0,S2,YES,NO,0,0,953,,0,False,False,False,False,True,2026-05-13,22:10:00,2,peotv,2 + peotv
2026-05-13 22:10:00,E,4.0,extragb,E4112,NO,NO,NO,NO,True,6294.11,E41,NO,NO,0,0,67,,0,True,True,True,True,False,2026-05-13,22:10:00,4,extragb,4 + extragb
2026-05-13 22:10:00,S,2.0,peotv,S21,YES,NO,NO,NO,True,0.0,S2,NO,NO,0,0,104,,0,False,True,True,True,False,2026-05-13,22:10:00,2,peotv,2 + peotv
2026-05-13 22:09:00,S,3.0,,S3,NO,NO,NO,NO,True,7044.08,S3,YES,NO,0,0,428,,0,False,False,False,True,False,2026-05-13,22:09:00,3,Null,3 + Null
2026-05-13 22:09:00,S,2.0,peotv,S21,NO,NO,NO,NO,True,-28.45,S2,YES,NO,0,0,274,,0,False,False,True,True,False,2026-05-13,22:09:00,2,peotv,2 + peotv
2026-05-13 22:09:00,S,2.0,peotv,S21,NO,NO,NO,NO,True,930.33,S2,YES,NO,0,0,54,,0,True,True,True,True,False,2026-05-13,22:09:00,2,peotv,2 + peotv
2026-05-13 22:09:00,S,2.0,peotv,S21,NO,NO,NO,NO,True,7620.04,S2,YES,NO,0,0,254,,0,False,False,True,True,False,2026-05-13,22:09:00,2,peotv,2 + peotv
2026-05-13 22:09:00,S,7.0,,S7,NO,NO,NO,NO,True,2293.69,S7,YES,NO,0,0,637,,0,False,False,False,False,True,2026-05-13,22:09:00,7,Null,7 + Null
2026-05-13 22:09:00,S,7.0,,S7,NO,NO,NO,NO,True,1755.95,S7,YES,NO,0,0,635,,0,False,False,False,False,True,2026-05-13,22:09:00,7,Null,7 + Null
2026-05-13 22:09:00,S,2.0,peotv,S21,NO,NO,NO,NO,True,12163.92,S2,YES,YES,1006,49,1142,,1055,False,False,False,False,True,2026-05-13,22:09:00,2,peotv,2 + peotv
2026-05-13 22:09:00,S,2.0,peotv,S21,NO,YES,NO,NO,True,-16.07,S2,YES,NO,0,0,715,,0,False,False,False,False,True,2026-05-13,22:09:00,2,peotv,2 + peotv
2026-05-13 22:09:00,S,4.0,extragb,S41121,NO,NO,NO,YES,True,10310.86,S41,NO,NO,0,0,110,,0,False,True,True,True,False,2026-05-13,22:09:00,4,extragb,4 + extragb
2026-05-13 22:09:00,S,7.0,,S7,NO,NO,NO,NO,True,3817.9,S7,YES,NO,0,0,970,,0,False,False,False,False,True,2026-05-13,22:09:00,7,Null,7 + Null
2026-05-13 22:09:00,S,,,S,NO,NO,NO,NO,False,,,NO,NO,0,0,28,,0,True,True,True,True,False,2026-05-13,22:09:00,Null,Null,Null + Null
2026-05-13 22:09:00,S,1.0,,S1,NO,NO,NO,NO,False,,S1,NO,NO,0,0,112,,0,False,True,True,True,False,2026-05-13,22:09:00,1,Null,1 + Null
2026-05-13 22:09:00,S,7.0,,S7,NO,NO,NO,NO,True,3056.75,S7,YES,NO,0,0,740,,0,False,False,False,False,True,2026-05-13,22:09:00,7,Null,7 + Null
2026-05-13 22:09:00,S,2.0,peotv,S211,NO,YES,NO,NO,True,2763.81,S2,YES,NO,0,0,899,,0,False,False,False,False,True,2026-05-13,22:09:00,2,peotv,2 + peotv
2026-05-13 22:09:00,S,2.0,peotv,S21,NO,NO,NO,NO,True,1329.11,S2,YES,NO,0,0,704,,0,False,False,False,False,True,2026-05-13,22:09:00,2,peotv,2 + peotv
2026-05-13 22:09:00,S,7.0,,S7,NO,NO,NO,NO,True,5083.95,S7,YES,NO,0,0,313,,0,False,False,False,True,False,2026-05-13,22:09:00,7,Null,7 + Null
2026-05-13 22:09:00,S,2.0,other,MOBITEL_S2t,NO,NO,NO,NO,True,3455.12,S2,YES,NO,0,0,715,,0,False,False,False,False,True,2026-05-13,22:09:00,2,other,2 + other
2026-05-13 22:09:00,S,,,S,NO,NO,NO,NO,False,,,NO,NO,0,0,772,,0,False,False,False,False,True,2026-05-13,22:09:00,Null,Null,Null + Null
2026-05-13 22:09:00,S,3.0,,S3,NO,NO,NO,NO,True,6418.68,S3,YES,NO,0,0,100,,0,False,True,True,True,False,2026-05-13,22:09:00,3,Null,3 + Null
2026-05-13 22:09:00,S,2.0,peotv,S21,NO,YES,NO,NO,True,-6.54,S2,YES,YES,933,147,1128,,1080,False,False,False,False,True,2026-05-13,22:09:00,2,peotv,2 + peotv
2026-05-13 22:09:00,S,2.0,peotv,S211,NO,YES,NO,NO,True,2818.71,S2,YES,YES,157,0,318,,157,False,False,False,True,False,2026-05-13,22:09:00,2,peotv,2 + peotv
2026-05-13 22:09:00,S,2.0,peotv,S21,NO,NO,NO,NO,True,-4284.0,S2,YES,NO,0,0,197,,0,False,True,True,True,False,2026-05-13,22:09:00,2,peotv,2 + peotv
2026-05-13 22:09:00,E,4.0,extragb,E4111,NO,NO,NO,YES,True,0.0,E41,NO,NO,0,0,28,,0,True,True,True,True,False,2026-05-13,22:09:00,4,extragb,4 + extragb
2026-05-13 22:09:00,S,7.0,,S7,NO,NO,NO,NO,True,-2082.53,S7,YES,YES,988,57,1164,,1045,False,False,False,False,True,2026-05-13,22:09:00,7,Null,7 + Null
2026-05-13 22:09:00,S,2.0,peotv,S21,NO,NO,NO,NO,True,892.0,S2,YES,NO,0,0,230,,0,False,False,True,True,False,2026-05-13,22:09:00,2,peotv,2 + peotv
2026-05-13 22:09:00,S,1.0,,SLty1,NO,NO,NO,NO,False,,S1,YES,NO,0,0,482,,0,False,False,False,True,False,2026-05-13,22:09:00,1,Null,1 + Null
2026-05-13 22:09:00,S,,,S,NO,NO,NO,NO,False,,,NO,NO,0,0,33,,0,True,True,True,True,False,2026-05-13,22:09:00,Null,Null,Null + Null
2026-05-13 22:09:00,S,3.0,,S3,NO,NO,NO,NO,True,5998.49,S3,NO,NO,0,0,86,,0,True,True,True,True,False,2026-05-13,22:09:00,3,Null,3 + Null
2026-05-13 22:09:00,S,2.0,peotv,S21,NO,NO,NO,NO,True,9241.53,S2,YES,NO,0,0,592,,0,False,False,False,False,True,2026-05-13,22:09:00,2,peotv,2 + peotv
2026-05-13 22:09:00,S,2.0,peotv,S21,NO,YES,NO,NO,True,1878.73,S2,YES,NO,0,0,1044,,0,False,False,False,False,True,2026-05-13,22:09:00,2,peotv,2 + peotv
2026-05-13 22:09:00,S,2.0,peotv,S21,NO,NO,NO,NO,True,-32.37,S2,YES,YES,1008,27,1091,,1035,False,False,False,False,True,2026-05-13,22:09:00,2,peotv,2 + peotv
2026-05-13 22:09:00,S,,,S,NO,NO,NO,NO,False,,,NO,NO,0,0,26,,0,True,True,True,True,False,2026-05-13,22:09:00,Null,Null,Null + Null
2026-05-13 22:09:00,S,2.0,peotv,S21,NO,NO,NO,NO,True,4682.3,S2,YES,NO,0,0,630,,0,False,False,False,False,True,2026-05-13,22:09:00,2,peotv,2 + peotv
2026-05-13 22:09:00,S,,,S,NO,NO,NO,NO,False,,,NO,NO,0,0,24,,0,True,True,True,True,False,2026-05-13,22:09:00,Null,Null,Null + Null
2026-05-13 22:09:00,S,1.0,,SLty1,NO,NO,NO,NO,False,,S1,YES,NO,0,0,618,,0,False,False,False,False,True,2026-05-13,22:09:00,1,Null,1 + Null
2026-05-13 22:09:00,S,7.0,,S7,NO,NO,NO,NO,True,6274.47,S7,YES,NO,0,0,920,,0,False,False,False,False,True,2026-05-13,22:09:00,7,Null,7 + Null
2026-05-13 22:09:00,S,3.0,,S3,NO,NO,NO,NO,True,10214.54,S3,YES,NO,0,0,232,,0,False,False,True,True,False,2026-05-13,22:09:00,3,Null,3 + Null
2026-05-13 22:09:00,S,,,S,NO,NO,NO,NO,False,,,NO,NO,0,0,15,,0,True,True,True,True,False,2026-05-13,22:09:00,Null,Null,Null + Null
2026-05-13 22:09:00,S,7.0,,S7,NO,NO,NO,NO,True,3206.16,S7,YES,NO,0,0,214,,0,False,False,True,True,False,2026-05-13,22:09:00,7,Null,7 + Null
2026-05-13 22:09:00,S,2.0,peotv,S21,NO,NO,NO,NO,True,2492.3,S2,YES,NO,0,0,474,,0,False,False,False,True,False,2026-05-13,22:09:00,2,peotv,2 + peotv
2026-05-13 22:09:00,S,,,S,NO,NO,NO,NO,False,,,NO,NO,0,0,21,,0,True,True,True,True,False,2026-05-13,22:09:00,Null,Null,Null + Null
2026-05-13 22:09:00,S,,,S,NO,NO,NO,NO,True,6000.36,,NO,NO,0,0,60,,0,True,True,True,True,False,2026-05-13,22:09:00,Null,Null,Null + Null
2026-05-13 22:09:00,S,2.0,peotv,S21,NO,NO,NO,NO,True,-61.64,S2,YES,NO,0,0,543,,0,False,False,False,False,True,2026-05-13,22:09:00,2,peotv,2 + peotv
2026-05-13 22:09:00,S,2.0,peotv,S211,NO,YES,NO,NO,True,6635.04,S2,YES,NO,0,0,537,,0,False,False,False,False,True,2026-05-13,22:09:00,2,peotv,2 + peotv
2026-05-13 22:09:00,S,1.0,,SLty1,NO,NO,NO,NO,False,,S1,YES,NO,0,0,221,,0,False,False,True,True,False,2026-05-13,22:09:00,1,Null,1 + Null
2026-05-13 22:09:00,S,2.0,peotv,S21,NO,NO,NO,NO,True,-156.92,S2,NO,NO,0,0,51,,0,True,True,True,True,False,2026-05-13,22:09:00,2,peotv,2 + peotv
2026-05-13 22:09:00,S,2.0,peotv,S21,NO,NO,NO,NO,True,0.0,S2,YES,NO,0,0,142,,0,False,True,True,True,False,2026-05-13,22:09:00,2,peotv,2 + peotv
2026-05-13 22:09:00,S,,,S,NO,NO,NO,NO,False,,,NO,NO,0,0,34,,0,True,True,True,True,False,2026-05-13,22:09:00,Null,Null,Null + Null
2026-05-13 22:09:00,T,,,T,NO,NO,NO,NO,False,,,NO,NO,0,0,58,,0,True,True,True,True,False,2026-05-13,22:09:00,Null,Null,Null + Null
2026-05-13 22:09:00,S,2.0,peotv,S21,NO,YES,NO,NO,True,-3257.25,S2,YES,NO,0,0,139,,0,False,True,True,True,False,2026-05-13,22:09:00,2,peotv,2 + peotv
2026-05-13 22:09:00,S,2.0,peotv,S21,YES,NO,NO,NO,True,5166.3,S2,YES,NO,0,0,820,,0,False,False,False,False,True,2026-05-13,22:09:00,2,peotv,2 + peotv
2026-05-13 22:09:00,S,4.0,extragb,MOBITEL_S4111,NO,NO,NO,YES,True,7490.95,S41,NO,NO,0,0,48,,0,True,True,True,True,False,2026-05-13,22:09:00,4,extragb,4 + extragb
2026-05-13 22:09:00,S,,,S,NO,NO,NO,NO,False,,,NO,NO,0,0,60,,0,True,True,True,True,False,2026-05-13,22:09:00,Null,Null,Null + Null
2026-05-13 22:09:00,S,,,S,NO,NO,NO,NO,False,,,NO,NO,0,0,14,,0,True,True,True,True,False,2026-05-13,22:09:00,Null,Null,Null + Null
2026-05-13 22:09:00,S,,,S,NO,NO,NO,NO,False,,,NO,NO,0,0,23,,0,True,True,True,True,False,2026-05-13,22:09:00,Null,Null,Null + Null
2026-05-13 22:09:00,S,2.0,peotv,S21,NO,NO,NO,NO,True,-40.75,S2,YES,NO,0,0,157,,0,False,True,True,True,False,2026-05-13,22:09:00,2,peotv,2 + peotv
2026-05-13 22:09:00,S,4.0,extragb,S4111,NO,NO,NO,YES,True,18267.52,S41,NO,NO,0,0,44,,0,True,True,True,True,False,2026-05-13,22:09:00,4,extragb,4 + extragb
2026-05-13 22:09:00,S,1.0,,SLty1,NO,NO,NO,NO,False,,S1,YES,NO,0,0,118,,0,False,True,True,True,False,2026-05-13,22:09:00,1,Null,1 + Null
2026-05-13 22:09:00,S,4.0,,S41,NO,NO,NO,NO,True,4589.44,S41,NO,NO,0,0,75,,0,True,True,True,True,False,2026-05-13,22:09:00,4,Null,4 + Null
2026-05-13 22:09:00,S,2.0,peotv,S21,NO,YES,NO,NO,True,6948.91,S2,NO,NO,0,0,99,,0,True,True,True,True,False,2026-05-13,22:09:00,2,peotv,2 + peotv
2026-05-13 22:09:00,S,2.0,peotv,S21,NO,NO,NO,NO,True,-82.42,S2,YES,NO,0,0,875,,0,False,False,False,False,True,2026-05-13,22:09:00,2,peotv,2 + peotv
2026-05-13 22:09:00,S,7.0,,S7,NO,NO,NO,NO,True,10376.8,S7,YES,NO,0,0,612,,0,False,False,False,False,True,2026-05-13,22:09:00,7,Null,7 + Null
2026-05-13 22:09:00,S,7.0,,S7,NO,NO,NO,NO,True,-471.7,S7,YES,NO,0,0,378,,0,False,False,False,True,False,2026-05-13,22:09:00,7,Null,7 + Null
2026-05-13 22:09:00,S,2.0,peotv,S21,NO,NO,NO,NO,True,2471.4,S2,YES,YES,903,235,1202,,1138,False,False,False,False,True,2026-05-13,22:09:00,2,peotv,2 + peotv
2026-05-13 22:09:00,S,2.0,voice,S23,YES,NO,NO,NO,True,3419.24,S2,YES,YES,947,86,1147,,1033,False,False,False,False,True,2026-05-13,22:09:00,2,voice,2 + voice
2026-05-13 22:09:00,S,7.0,,S7,NO,NO,NO,NO,True,821.77,S7,YES,YES,960,51,1124,,1011,False,False,False,False,True,2026-05-13,22:09:00,7,Null,7 + Null
2026-05-13 22:09:00,S,2.0,peotv,S21,NO,NO,NO,NO,True,9099.89,S2,YES,NO,0,0,237,,0,False,False,True,True,False,2026-05-13,22:09:00,2,peotv,2 + peotv
2026-05-13 22:09:00,S,2.0,peotv,S211,NO,YES,NO,NO,True,6312.25,S2,YES,YES,914,130,1207,,1044,False,False,False,False,True,2026-05-13,22:09:00,2,peotv,2 + peotv
2026-05-13 22:09:00,S,2.0,peotv,S21,YES,NO,NO,NO,True,-60.29,S2,NO,NO,0,0,81,,0,True,True,True,True,False,2026-05-13,22:09:00,2,peotv,2 + peotv
2026-05-13 22:08:00,S,4.0,extragb,S4111,NO,NO,NO,YES,True,2747.04,S41,NO,NO,0,0,99,,0,True,True,True,True,False,2026-05-13,22:08:00,4,extragb,4 + extragb
2026-05-13 22:08:00,S,3.0,,S3,NO,NO,NO,NO,True,2900.11,S3,YES,YES,963,41,1069,,1004,False,False,False,False,True,2026-05-13,22:08:00,3,Null,3 + Null
2026-05-13 22:08:00,S,,,S,NO,NO,NO,NO,False,,,NO,NO,0,0,24,,0,True,True,True,True,False,2026-05-13,22:08:00,Null,Null,Null + Null
2026-05-13 22:08:00,T,3.0,,T3,NO,NO,NO,NO,True,5582.32,T3,YES,NO,0,0,502,,0,False,False,False,False,True,2026-05-13,22:08:00,3,Null,3 + Null
2026-05-13 22:08:00,S,4.0,extragb,S41t,NO,NO,NO,NO,True,4280.67,S41,NO,NO,0,0,24,,0,True,True,True,True,False,2026-05-13,22:08:00,4,extragb,4 + extragb
2026-05-13 22:08:00,S,2.0,peotv,S21,YES,NO,NO,NO,True,0.0,S2,YES,NO,0,0,476,,0,False,False,False,True,False,2026-05-13,22:08:00,2,peotv,2 + peotv
2026-05-13 22:08:00,S,4.0,extragb,S4111,NO,NO,NO,YES,True,13703.32,S41,NO,NO,0,0,42,,0,True,True,True,True,False,2026-05-13,22:08:00,4,extragb,4 + extragb
2026-05-13 22:08:00,S,2.0,broadband,S22,YES,NO,NO,NO,True,16073.38,S2,YES,NO,0,0,236,,0,False,False,True,True,False,2026-05-13,22:08:00,2,broadband,2 + broadband
2026-05-13 22:08:00,S,,,S,NO,NO,NO,NO,False,,,NO,NO,0,0,54,,0,True,True,True,True,False,2026-05-13,22:08:00,Null,Null,Null + Null
2026-05-13 22:08:00,S,2.0,peotv,MOBITEL_S21,NO,NO,NO,NO,True,4208.74,S2,YES,NO,0,0,348,,0,False,False,False,True,False,2026-05-13,22:08:00,2,peotv,2 + peotv
2026-05-13 22:08:00,S,,,S,NO,NO,NO,NO,False,,,NO,NO,0,0,426,,0,False,False,False,True,False,2026-05-13,22:08:00,Null,Null,Null + Null
2026-05-13 22:08:00,S,2.0,peotv,S21,NO,NO,NO,NO,True,-6843.42,S2,YES,NO,0,0,241,,0,False,False,True,True,False,2026-05-13,22:08:00,2,peotv,2 + peotv
2026-05-13 22:08:00,S,2.0,peotv,S21,NO,YES,NO,NO,True,771.55,S2,YES,NO,0,0,646,,0,False,False,False,False,True,2026-05-13,22:08:00,2,peotv,2 + peotv
2026-05-13 22:08:00,S,2.0,peotv,S21,NO,NO,NO,NO,True,6038.58,S2,YES,NO,0,0,251,,0,False,False,True,True,False,2026-05-13,22:08:00,2,peotv,2 + peotv
2026-05-13 22:08:00,T,2.0,peotv,T21,NO,YES,NO,NO,True,-77.33,T2,YES,NO,0,0,241,,0,False,False,True,True,False,2026-05-13,22:08:00,2,peotv,2 + peotv
2026-05-13 22:08:00,S,,,S,NO,NO,NO,NO,False,,,NO,NO,0,0,31,,0,True,True,True,True,False,2026-05-13,22:08:00,Null,Null,Null + Null
2026-05-13 22:08:00,S,4.0,extragb,S41121,NO,NO,NO,YES,True,6868.65,S41,NO,NO,0,0,101,,0,False,True,True,True,False,2026-05-13,22:08:00,4,extragb,4 + extragb
2026-05-13 22:08:00,S,3.0,,S3,NO,NO,NO,NO,True,985.36,S3,NO,NO,0,0,105,,0,False,True,True,True,False,2026-05-13,22:08:00,3,Null,3 + Null
2026-05-13 22:08:00,S,4.0,extragb,S411,NO,NO,NO,NO,True,4037.61,S41,YES,NO,0,0,261,,0,False,False,True,True,False,2026-05-13,22:08:00,4,extragb,4 + extragb
2026-05-13 22:08:00,S,,,S,NO,NO,NO,NO,False,,,NO,NO,0,0,8,,0,True,True,True,True,False,2026-05-13,22:08:00,Null,Null,Null + Null
2026-05-13 22:08:00,S,2.0,peotv,S21,NO,NO,NO,NO,True,-0.18,S2,YES,NO,0,0,158,,0,False,True,True,True,False,2026-05-13,22:08:00,2,peotv,2 + peotv
2026-05-13 22:08:00,S,2.0,peotv,S21,NO,NO,NO,NO,True,5228.05,S2,YES,NO,0,0,94,,0,True,True,True,True,False,2026-05-13,22:08:00,2,peotv,2 + peotv
2026-05-13 22:08:00,S,2.0,peotv,S21,NO,NO,NO,NO,True,5520.66,S2,YES,NO,0,0,1038,,0,False,False,False,False,True,2026-05-13,22:08:00,2,peotv,2 + peotv
2026-05-13 22:08:00,S,4.0,extragb,S4111,NO,NO,NO,YES,True,6754.35,S41,NO,NO,0,0,49,,0,True,True,True,True,False,2026-05-13,22:08:00,4,extragb,4 + extragb
2026-05-13 22:08:00,S,2.0,voice,S23,NO,NO,NO,NO,True,1140.36,S2,NO,NO,0,0,160,,0,False,True,True,True,False,2026-05-13,22:08:00,2,voice,2 + voice
2026-05-13 22:08:00,T,1.0,,TLty1,NO,NO,NO,NO,False,,T1,YES,NO,0,0,362,,0,False,False,False,True,False,2026-05-13,22:08:00,1,Null,1 + Null
2026-05-13 22:08:00,S,7.0,,S7,NO,NO,NO,NO,True,2443.46,S7,YES,NO,0,0,435,,0,False,False,False,True,False,2026-05-13,22:08:00,7,Null,7 + Null
2026-05-13 22:08:00,S,2.0,other,MOBITEL_S2t,NO,NO,NO,NO,False,,S2,YES,NO,0,0,336,,0,False,False,False,True,False,2026-05-13,22:08:00,2,other,2 + other
2026-05-13 22:08:00,S,,,S,NO,NO,NO,NO,False,,,NO,NO,0,0,395,,0,False,False,False,True,False,2026-05-13,22:08:00,Null,Null,Null + Null
2026-05-13 22:08:00,S,4.0,extragb,S411,NO,NO,NO,NO,True,-151.46,S41,YES,NO,0,0,261,,0,False,False,True,True,False,2026-05-13,22:08:00,4,extragb,4 + extragb
2026-05-13 22:08:00,S,3.0,,S3,NO,NO,NO,NO,True,4920.82,S3,NO,NO,0,0,73,,0,True,True,True,True,False,2026-05-13,22:08:00,3,Null,3 + Null
2026-05-13 22:08:00,S,2.0,peotv,S21,NO,YES,NO,NO,True,-865.18,S2,YES,NO,0,0,435,,0,False,False,False,True,False,2026-05-13,22:08:00,2,peotv,2 + peotv
2026-05-13 22:08:00,T,2.0,peotv,T211,NO,YES,NO,NO,True,3640.94,T2,YES,YES,1114,119,1385,,1233,False,False,False,False,True,2026-05-13,22:08:00,2,peotv,2 + peotv
2026-05-13 22:08:00,S,2.0,peotv,S211,NO,YES,NO,NO,True,5176.39,S2,YES,NO,0,0,703,,0,False,False,False,False,True,2026-05-13,22:08:00,2,peotv,2 + peotv
2026-05-13 22:08:00,T,2.0,peotv,T21,NO,NO,NO,NO,True,5825.54,T2,YES,NO,0,0,693,,0,False,False,False,False,True,2026-05-13,22:08:00,2,peotv,2 + peotv
2026-05-13 22:08:00,S,7.0,,S7,NO,NO,NO,NO,True,-534.74,S7,YES,NO,0,0,330,,0,False,False,False,True,False,2026-05-13,22:08:00,7,Null,7 + Null
2026-05-13 22:08:00,S,1.0,,S1,NO,NO,NO,NO,True,-250.22,S1,YES,NO,0,0,390,,0,False,False,False,True,False,2026-05-13,22:08:00,1,Null,1 + Null
2026-05-13 22:08:00,S,7.0,,S7,NO,NO,NO,NO,True,2932.4,S7,YES,NO,0,0,87,,0,True,True,True,True,False,2026-05-13,22:08:00,7,Null,7 + Null
2026-05-13 22:08:00,S,2.0,peotv,S21,NO,YES,NO,NO,True,583.11,S2,YES,NO,0,0,712,,0,False,False,False,False,True,2026-05-13,22:08:00,2,peotv,2 + peotv
2026-05-13 22:08:00,S,7.0,,S7,NO,NO,NO,NO,True,9552.88,S7,YES,NO,0,0,625,,0,False,False,False,False,True,2026-05-13,22:08:00,7,Null,7 + Null
2026-05-13 22:08:00,S,2.0,peotv,S21,NO,NO,NO,NO,True,5506.25,S2,YES,YES,891,136,1081,,1027,False,False,False,False,True,2026-05-13,22:08:00,2,peotv,2 + peotv
2026-05-13 22:08:00,S,,,S,NO,NO,NO,NO,False,,,NO,NO,0,0,34,,0,True,True,True,True,False,2026-05-13,22:08:00,Null,Null,Null + Null
2026-05-13 22:08:00,S,2.0,peotv,S211,NO,YES,NO,NO,True,3597.48,S2,YES,NO,0,0,128,,0,False,True,True,True,False,2026-05-13,22:08:00,2,peotv,2 + peotv
2026-05-13 22:08:00,S,4.0,extragb,S4112,NO,NO,NO,NO,True,7035.04,S41,NO,NO,0,0,66,,0,True,True,True,True,False,2026-05-13,22:08:00,4,extragb,4 + extragb
2026-05-13 22:08:00,S,2.0,other,S2t,NO,NO,NO,NO,False,,S2,YES,NO,0,0,572,,0,False,False,False,False,True,2026-05-13,22:08:00,2,other,2 + other
2026-05-13 22:08:00,S,3.0,,S3,NO,NO,NO,NO,True,5158.42,S3,YES,NO,0,0,755,,0,False,False,False,False,True,2026-05-13,22:08:00,3,Null,3 + Null
2026-05-13 22:08:00,S,2.0,peotv,S21,NO,NO,NO,NO,True,3045.62,S2,YES,YES,903,130,1168,,1033,False,False,False,False,True,2026-05-13,22:08:00,2,peotv,2 + peotv
2026-05-13 22:08:00,S,2.0,peotv,S211,NO,YES,NO,NO,True,4883.11,S2,YES,NO,0,0,509,,0,False,False,False,False,True,2026-05-13,22:08:00,2,peotv,2 + peotv
2026-05-13 22:08:00,S,4.0,extragb,S4112,NO,NO,NO,NO,True,0.0,S41,NO,NO,0,0,22,,0,True,True,True,True,False,2026-05-13,22:08:00,4,extragb,4 + extragb
2026-05-13 22:08:00,S,,,S,NO,NO,NO,NO,False,,,NO,NO,0,0,23,,0,True,True,True,True,False,2026-05-13,22:08:00,Null,Null,Null + Null
2026-05-13 22:08:00,S,2.0,peotv,S21,NO,NO,NO,NO,True,0.0,S2,YES,NO,0,0,745,,0,False,False,False,False,True,2026-05-13,22:08:00,2,peotv,2 + peotv
2026-05-13 22:08:00,S,2.0,peotv,S21,NO,NO,NO,NO,True,13703.32,S2,NO,NO,0,0,56,,0,True,True,True,True,False,2026-05-13,22:08:00,2,peotv,2 + peotv
2026-05-13 22:08:00,S,,,S,NO,NO,NO,NO,False,,,NO,NO,0,0,17,,0,True,True,True,True,False,2026-05-13,22:08:00,Null,Null,Null + Null
2026-05-13 22:08:00,T,,,T,NO,NO,NO,NO,False,,,NO,NO,0,0,78,,0,True,True,True,True,False,2026-05-13,22:08:00,Null,Null,Null + Null
2026-05-13 22:08:00,S,1.0,,SLty1,NO,NO,NO,NO,False,,S1,YES,NO,0,0,511,,0,False,False,False,False,True,2026-05-13,22:08:00,1,Null,1 + Null
2026-05-13 22:08:00,S,2.0,peotv,S21,NO,NO,NO,NO,True,-1288.62,S2,YES,NO,0,0,319,,0,False,False,False,True,False,2026-05-13,22:08:00,2,peotv,2 + peotv
2026-05-13 22:08:00,S,7.0,,S,NO,NO,NO,NO,False,,S_LTY,YES,YES,22,57,123,,79,False,True,True,True,False,2026-05-13,22:08:00,7,Null,7 + Null
2026-05-13 22:08:00,S,2.0,other,S24,NO,NO,NO,NO,False,,S2,YES,NO,0,0,735,,0,False,False,False,False,True,2026-05-13,22:08:00,2,other,2 + other
2026-05-13 22:08:00,S,3.0,,S3,NO,NO,NO,NO,True,-3.44,S3,NO,NO,0,0,132,,0,False,True,True,True,False,2026-05-13,22:08:00,3,Null,3 + Null
2026-05-13 22:08:00,S,3.0,,S3,NO,NO,NO,NO,True,816.75,S3,YES,NO,0,0,543,,0,False,False,False,False,True,2026-05-13,22:08:00,3,Null,3 + Null
2026-05-13 22:08:00,S,2.0,voice,S23,NO,NO,NO,NO,True,0.0,S2,NO,NO,0,0,192,,0,False,True,True,True,False,2026-05-13,22:08:00,2,voice,2 + voice
2026-05-13 22:08:00,S,,,S,NO,NO,NO,NO,False,,,NO,NO,0,0,45,,0,True,True,True,True,False,2026-05-13,22:08:00,Null,Null,Null + Null
2026-05-13 22:07:00,S,3.0,,S3,NO,NO,NO,NO,True,2604.5,S3,YES,YES,888,146,1134,,1034,False,False,False,False,True,2026-05-13,22:07:00,3,Null,3 + Null
2026-05-13 22:07:00,E,2.0,broadband,E22,NO,NO,NO,NO,True,8635.58,E2,YES,NO,0,0,359,,0,False,False,False,True,False,2026-05-13,22:07:00,2,broadband,2 + broadband
2026-05-13 22:07:00,S,2.0,peotv,S21,NO,YES,NO,NO,True,11458.5,S2,NO,NO,0,0,155,,0,False,True,True,True,False,2026-05-13,22:07:00,2,peotv,2 + peotv
2026-05-13 22:07:00,S,,,S,NO,NO,NO,NO,False,,,NO,NO,0,0,25,,0,True,True,True,True,False,2026-05-13,22:07:00,Null,Null,Null + Null
2026-05-13 22:07:00,S,2.0,peotv,S21,NO,NO,NO,NO,True,10353.93,S2,YES,NO,0,0,791,,0,False,False,False,False,True,2026-05-13,22:07:00,2,peotv,2 + peotv
2026-05-13 22:07:00,S,2.0,,S2,NO,NO,NO,NO,True,-82.74,S2,NO,NO,0,0,41,,0,True,True,True,True,False,2026-05-13,22:07:00,2,Null,2 + Null
2026-05-13 22:07:00,S,3.0,,S3,NO,NO,NO,NO,True,6418.68,S3,NO,NO,0,0,78,,0,True,True,True,True,False,2026-05-13,22:07:00,3,Null,3 + Null
2026-05-13 22:07:00,S,4.0,extragb,S41t,NO,NO,NO,NO,False,,S41,YES,YES,878,206,1177,,1084,False,False,False,False,True,2026-05-13,22:07:00,4,extragb,4 + extragb
2026-05-13 22:07:00,S,,,S,NO,NO,NO,NO,False,,,NO,NO,0,0,58,,0,True,True,True,True,False,2026-05-13,22:07:00,Null,Null,Null + Null
2026-05-13 22:07:00,S,2.0,peotv,S21,NO,NO,NO,NO,True,5917.58,S2,YES,YES,888,91,1098,,979,False,False,False,False,True,2026-05-13,22:07:00,2,peotv,2 + peotv
2026-05-13 22:07:00,S,,,S,NO,NO,NO,NO,False,,,NO,NO,0,0,30,,0,True,True,True,True,False,2026-05-13,22:07:00,Null,Null,Null + Null
2026-05-13 22:07:00,S,,,S,NO,NO,NO,NO,False,,,NO,NO,0,0,40,,0,True,True,True,True,False,2026-05-13,22:07:00,Null,Null,Null + Null
2026-05-13 22:07:00,S,,,S,NO,NO,NO,NO,True,2720.53,,NO,NO,0,0,58,,0,True,True,True,True,False,2026-05-13,22:07:00,Null,Null,Null + Null
2026-05-13 22:07:00,S,2.0,peotv,S21,NO,NO,NO,NO,True,2697.67,S2,YES,NO,0,0,515,,0,False,False,False,False,True,2026-05-13,22:07:00,2,peotv,2 + peotv
2026-05-13 22:07:00,S,1.0,,SLty1,NO,NO,NO,NO,False,,S1,YES,NO,0,0,238,,0,False,False,True,True,False,2026-05-13,22:07:00,1,Null,1 + Null
2026-05-13 22:07:00,S,3.0,,S3,NO,NO,NO,NO,False,,S3,YES,NO,0,0,998,,0,False,False,False,False,True,2026-05-13,22:07:00,3,Null,3 + Null
2026-05-13 22:07:00,S,2.0,voice,S23,NO,NO,NO,NO,True,5247.56,S2,YES,NO,0,0,305,,0,False,False,False,True,False,2026-05-13,22:07:00,2,voice,2 + voice
2026-05-13 22:07:00,S,2.0,peotv,S21,NO,NO,NO,NO,True,8127.66,S2,YES,NO,0,0,747,,0,False,False,False,False,True,2026-05-13,22:07:00,2,peotv,2 + peotv
2026-05-13 22:07:00,S,7.0,,S7,NO,NO,NO,NO,True,13056.5,S7,YES,YES,893,87,1124,,980,False,False,False,False,True,2026-05-13,22:07:00,7,Null,7 + Null
2026-05-13 22:07:00,S,2.0,voice,S23,NO,NO,NO,NO,True,405.53,S2,YES,NO,0,0,966,,0,False,False,False,False,True,2026-05-13,22:07:00,2,voice,2 + voice
2026-05-13 22:07:00,S,2.0,peotv,S21,NO,NO,NO,NO,True,3589.26,S2,YES,NO,0,0,426,,0,False,False,False,True,False,2026-05-13,22:07:00,2,peotv,2 + peotv
2026-05-13 22:07:00,S,2.0,peotv,S21,NO,NO,NO,NO,True,2404.96,S2,YES,NO,0,0,264,,0,False,False,True,True,False,2026-05-13,22:07:00,2,peotv,2 + peotv
2026-05-13 22:07:00,S,3.0,,S3,NO,NO,NO,NO,True,6900.0,S3,YES,NO,0,0,188,,0,False,True,True,True,False,2026-05-13,22:07:00,3,Null,3 + Null
2026-05-13 22:07:00,S,2.0,peotv,S21,NO,NO,NO,NO,True,3822.13,S2,YES,NO,0,0,160,,0,False,True,True,True,False,2026-05-13,22:07:00,2,peotv,2 + peotv
2026-05-13 22:07:00,S,4.0,extragb,S4112,NO,NO,NO,NO,True,14695.25,S41,NO,NO,0,0,60,,0,True,True,True,True,False,2026-05-13,22:07:00,4,extragb,4 + extragb
2026-05-13 22:07:00,S,2.0,peotv,S21,NO,YES,NO,NO,True,681.45,S2,YES,NO,0,0,619,,0,False,False,False,False,True,2026-05-13,22:07:00,2,peotv,2 + peotv
2026-05-13 22:07:00,E,2.0,peotv,E21,NO,NO,NO,NO,True,5822.1,E2,YES,NO,0,0,148,,0,False,True,True,True,False,2026-05-13,22:07:00,2,peotv,2 + peotv
2026-05-13 22:07:00,S,2.0,peotv,S211,NO,YES,NO,NO,True,3095.9,S2,YES,NO,0,0,227,,0,False,False,True,True,False,2026-05-13,22:07:00,2,peotv,2 + peotv
2026-05-13 22:07:00,S,4.0,extragb,S4112,NO,NO,NO,NO,True,-294.89,S41,NO,NO,0,0,76,,0,True,True,True,True,False,2026-05-13,22:07:00,4,extragb,4 + extragb
2026-05-13 22:07:00,S,,,S,NO,NO,NO,NO,False,,,NO,NO,0,0,39,,0,True,True,True,True,False,2026-05-13,22:07:00,Null,Null,Null + Null
2026-05-13 22:07:00,S,,,S,NO,NO,NO,NO,False,,,NO,NO,0,0,27,,0,True,True,True,True,False,2026-05-13,22:07:00,Null,Null,Null + Null
2026-05-13 22:07:00,S,2.0,voice,S23,NO,NO,NO,NO,True,434.84,S2,NO,NO,0,0,151,,0,False,True,True,True,False,2026-05-13,22:07:00,2,voice,2 + voice
2026-05-13 22:07:00,S,2.0,voice,S23,YES,NO,NO,NO,True,-295.13,S2,YES,NO,0,0,257,,0,False,False,True,True,False,2026-05-13,22:07:00,2,voice,2 + voice
2026-05-13 22:07:00,E,2.0,peotv,E21,YES,NO,NO,NO,True,6839.02,E2,YES,NO,0,0,269,,0,False,False,True,True,False,2026-05-13,22:07:00,2,peotv,2 + peotv
2026-05-13 22:07:00,S,4.0,extragb,S4111,NO,NO,NO,YES,True,9950.7,S41,NO,NO,0,0,36,,0,True,True,True,True,False,2026-05-13,22:07:00,4,extragb,4 + extragb
2026-05-13 22:07:00,S,,,S,NO,NO,NO,NO,False,,,NO,NO,0,0,28,,0,True,True,True,True,False,2026-05-13,22:07:00,Null,Null,Null + Null
2026-05-13 22:07:00,S,3.0,,S3,NO,NO,NO,NO,True,3247.86,S3,YES,YES,913,23,996,,936,False,False,False,False,True,2026-05-13,22:07:00,3,Null,3 + Null
2026-05-13 22:07:00,S,7.0,,S7,NO,NO,NO,NO,True,11195.68,S7,YES,NO,0,0,692,,0,False,False,False,False,True,2026-05-13,22:07:00,7,Null,7 + Null
2026-05-13 22:07:00,S,7.0,,S7,NO,NO,NO,NO,True,-0.05,S7,YES,NO,0,0,178,,0,False,True,True,True,False,2026-05-13,22:07:00,7,Null,7 + Null
2026-05-13 22:07:00,S,2.0,peotv,S21,NO,NO,NO,NO,True,2855.47,S2,YES,YES,888,50,999,,938,False,False,False,False,True,2026-05-13,22:07:00,2,peotv,2 + peotv
2026-05-13 22:07:00,S,2.0,peotv,S21,NO,NO,NO,NO,True,10737.63,S2,YES,NO,0,0,321,,0,False,False,False,True,False,2026-05-13,22:07:00,2,peotv,2 + peotv
2026-05-13 22:07:00,S,1.0,,SLty1,NO,NO,NO,NO,False,,S1,YES,NO,0,0,97,,0,True,True,True,True,False,2026-05-13,22:07:00,1,Null,1 + Null
2026-05-13 22:07:00,S,2.0,peotv,S21,NO,YES,NO,NO,True,1411.77,S2,YES,NO,0,0,776,,0,False,False,False,False,True,2026-05-13,22:07:00,2,peotv,2 + peotv
2026-05-13 22:07:00,E,2.0,peotv,E21,NO,NO,NO,NO,True,0.0,E2,YES,NO,0,0,387,,0,False,False,False,True,False,2026-05-13,22:07:00,2,peotv,2 + peotv
2026-05-13 22:07:00,S,2.0,peotv,S21,NO,NO,NO,NO,True,2118.64,S2,YES,NO,0,0,412,,0,False,False,False,True,False,2026-05-13,22:07:00,2,peotv,2 + peotv
2026-05-13 22:07:00,T,1.0,,TLty1,NO,NO,NO,NO,False,,T1,YES,NO,0,0,502,,0,False,False,False,False,True,2026-05-13,22:07:00,1,Null,1 + Null
2026-05-13 22:07:00,S,3.0,,S3,NO,NO,NO,NO,True,9533.43,S3,NO,NO,0,0,53,,0,True,True,True,True,False,2026-05-13,22:07:00,3,Null,3 + Null
2026-05-13 22:07:00,S,2.0,peotv,S21,NO,NO,NO,NO,True,3065.74,S2,YES,NO,0,0,313,,0,False,False,False,True,False,2026-05-13,22:07:00,2,peotv,2 + peotv
2026-05-13 22:07:00,S,4.0,extragb,S4111,NO,NO,NO,YES,True,3643.57,S41,NO,NO,0,0,69,,0,True,True,True,True,False,2026-05-13,22:07:00,4,extragb,4 + extragb
2026-05-13 22:07:00,S,2.0,peotv,S21,NO,YES,NO,NO,True,5487.65,S2,NO,NO,0,0,82,,0,True,True,True,True,False,2026-05-13,22:07:00,2,peotv,2 + peotv
2026-05-13 22:07:00,S,2.0,peotv,MOBITEL_S21,NO,NO,NO,NO,True,4739.06,S2,YES,NO,0,0,197,,0,False,True,True,True,False,2026-05-13,22:07:00,2,peotv,2 + peotv
2026-05-13 22:07:00,S,,,S,NO,NO,NO,NO,False,,,NO,NO,0,0,273,,0,False,False,True,True,False,2026-05-13,22:07:00,Null,Null,Null + Null
2026-05-13 22:07:00,S,4.0,extragb,S41t,NO,NO,NO,NO,False,,S41,YES,NO,0,0,91,,0,True,True,True,True,False,2026-05-13,22:07:00,4,extragb,4 + extragb
2026-05-13 22:07:00,S,,,S,NO,NO,NO,NO,False,,ING_SINHALA,YES,NO,0,0,104,,0,False,True,True,True,False,2026-05-13,22:07:00,Null,Null,Null + Null
2026-05-13 22:06:00,S,2.0,peotv,MOBITEL_S211,NO,YES,NO,NO,True,3052.5,S2,YES,NO,0,0,610,,0,False,False,False,False,True,2026-05-13,22:06:00,2,peotv,2 + peotv
2026-05-13 22:06:00,S,,,S,NO,NO,NO,NO,False,,,NO,NO,0,0,678,,0,False,False,False,False,True,2026-05-13,22:06:00,Null,Null,Null + Null
2026-05-13 22:06:00,S,4.0,,S41,NO,NO,NO,NO,True,2932.4,S41,NO,NO,0,0,15,,0,True,True,True,True,False,2026-05-13,22:06:00,4,Null,4 + Null
2026-05-13 22:06:00,S,2.0,peotv,S21,NO,NO,NO,NO,True,4319.87,S2,YES,NO,0,0,370,,0,False,False,False,True,False,2026-05-13,22:06:00,2,peotv,2 + peotv
2026-05-13 22:06:00,S,2.0,peotv,S21,NO,NO,NO,NO,True,2258.1,S2,YES,NO,0,0,286,,0,False,False,True,True,False,2026-05-13,22:06:00,2,peotv,2 + peotv
2026-05-13 22:06:00,E,2.0,peotv,E21,NO,NO,NO,NO,True,2364.6,E2,YES,NO,0,0,253,,0,False,False,True,True,False,2026-05-13,22:06:00,2,peotv,2 + peotv
2026-05-13 22:06:00,S,2.0,peotv,MOBITEL_S21,NO,NO,NO,NO,True,1068.59,S2,YES,NO,0,0,804,,0,False,False,False,False,True,2026-05-13,22:06:00,2,peotv,2 + peotv
2026-05-13 22:06:00,S,2.0,other,S24,NO,NO,NO,NO,False,,S2,YES,NO,0,0,538,,0,False,False,False,False,True,2026-05-13,22:06:00,2,other,2 + other
2026-05-13 22:06:00,S,4.0,extragb,S41121,NO,NO,NO,YES,True,15481.16,S41,NO,NO,0,0,75,,0,True,True,True,True,False,2026-05-13,22:06:00,4,extragb,4 + extragb
2026-05-13 22:06:00,S,3.0,,S3,NO,NO,NO,NO,True,3084.42,S3,YES,NO,0,0,136,,0,False,True,True,True,False,2026-05-13,22:06:00,3,Null,3 + Null
2026-05-13 22:06:00,S,4.0,extragb,S411,NO,NO,NO,NO,True,4529.3,S41,YES,NO,0,0,199,,0,False,True,True,True,False,2026-05-13,22:06:00,4,extragb,4 + extragb
2026-05-13 22:06:00,S,,,MOBITEL_S,NO,NO,NO,NO,False,,,NO,NO,0,0,36,,0,True,True,True,True,False,2026-05-13,22:06:00,Null,Null,Null + Null
2026-05-13 22:06:00,S,,,S,NO,NO,NO,NO,False,,,NO,NO,0,0,109,,0,False,True,True,True,False,2026-05-13,22:06:00,Null,Null,Null + Null
2026-05-13 22:06:00,S,2.0,peotv,S211,NO,YES,NO,NO,True,3207.97,S2,YES,YES,908,45,1037,,953,False,False,False,False,True,2026-05-13,22:06:00,2,peotv,2 + peotv
2026-05-13 22:06:00,S,4.0,extragb,S4112,NO,NO,NO,NO,True,11356.84,S41,NO,NO,0,0,94,,0,True,True,True,True,False,2026-05-13,22:06:00,4,extragb,4 + extragb
2026-05-13 22:06:00,S,,,S,NO,NO,NO,NO,True,2269.05,,NO,NO,0,0,29,,0,True,True,True,True,False,2026-05-13,22:06:00,Null,Null,Null + Null
2026-05-13 22:06:00,S,2.0,peotv,S21,NO,NO,NO,NO,True,18371.36,S2,YES,YES,888,75,1013,,963,False,False,False,False,True,2026-05-13,22:06:00,2,peotv,2 + peotv
2026-05-13 22:06:00,S,1.0,,SLty1,NO,NO,NO,NO,False,,S1,YES,NO,0,0,106,,0,False,True,True,True,False,2026-05-13,22:06:00,1,Null,1 + Null
2026-05-13 22:06:00,S,4.0,extragb,S411,NO,NO,NO,NO,True,2932.4,S41,NO,NO,0,0,27,,0,True,True,True,True,False,2026-05-13,22:06:00,4,extragb,4 + extragb
2026-05-13 22:06:00,S,2.0,peotv,S21,NO,YES,NO,NO,True,-37.58,S2,YES,NO,0,0,206,,0,False,False,True,True,False,2026-05-13,22:06:00,2,peotv,2 + peotv
2026-05-13 22:06:00,S,,,S,NO,NO,NO,NO,False,,,NO,NO,0,0,83,,0,True,True,True,True,False,2026-05-13,22:06:00,Null,Null,Null + Null
2026-05-13 22:06:00,T,,,T,NO,NO,NO,NO,False,,,NO,NO,0,0,51,,0,True,True,True,True,False,2026-05-13,22:06:00,Null,Null,Null + Null
2026-05-13 22:06:00,S,,,S,NO,NO,NO,NO,False,,,NO,NO,0,0,33,,0,True,True,True,True,False,2026-05-13,22:06:00,Null,Null,Null + Null
2026-05-13 22:06:00,S,2.0,peotv,S21,NO,NO,NO,NO,True,2526.06,S2,YES,NO,0,0,391,,0,False,False,False,True,False,2026-05-13,22:06:00,2,peotv,2 + peotv
2026-05-13 22:06:00,S,2.0,peotv,S211,NO,YES,NO,NO,True,3066.04,S2,YES,NO,0,0,535,,0,False,False,False,False,True,2026-05-13,22:06:00,2,peotv,2 + peotv
2026-05-13 22:06:00,S,2.0,peotv,S21,NO,YES,NO,NO,True,2720.53,S2,NO,NO,0,0,55,,0,True,True,True,True,False,2026-05-13,22:06:00,2,peotv,2 + peotv
2026-05-13 22:06:00,S,2.0,peotv,S21,NO,YES,NO,NO,True,0.0,S2,YES,NO,0,0,326,,0,False,False,False,True,False,2026-05-13,22:06:00,2,peotv,2 + peotv
2026-05-13 22:06:00,S,7.0,,S7,NO,NO,NO,NO,True,-261.45,S7,YES,NO,0,0,174,,0,False,True,True,True,False,2026-05-13,22:06:00,7,Null,7 + Null
2026-05-13 22:06:00,S,3.0,,S3,NO,NO,NO,NO,True,46.87,S3,YES,NO,0,0,260,,0,False,False,True,True,False,2026-05-13,22:06:00,3,Null,3 + Null
2026-05-13 22:06:00,S,2.0,peotv,S21,NO,YES,NO,NO,True,-89.13,S2,YES,NO,0,0,63,,0,True,True,True,True,False,2026-05-13,22:06:00,2,peotv,2 + peotv
2026-05-13 22:06:00,S,2.0,voice,S23,NO,NO,NO,NO,True,2087.7,S2,YES,NO,0,0,687,,0,False,False,False,False,True,2026-05-13,22:06:00,2,voice,2 + voice
2026-05-13 22:06:00,S,4.0,extragb,S41121,NO,NO,NO,NO,True,3456.35,S41,NO,NO,0,0,107,,0,False,True,True,True,False,2026-05-13,22:06:00,4,extragb,4 + extragb
2026-05-13 22:06:00,S,1.0,,MOBITEL_SLty1,NO,NO,NO,NO,False,,S1,YES,NO,0,0,257,,0,False,False,True,True,False,2026-05-13,22:06:00,1,Null,1 + Null
2026-05-13 22:06:00,S,2.0,peotv,S21,NO,NO,NO,NO,True,4194.34,S2,YES,NO,0,0,449,,0,False,False,False,True,False,2026-05-13,22:06:00,2,peotv,2 + peotv
2026-05-13 22:06:00,S,,,S,NO,NO,NO,NO,False,,,NO,NO,0,0,481,,0,False,False,False,True,False,2026-05-13,22:06:00,Null,Null,Null + Null
2026-05-13 22:06:00,S,2.0,peotv,S211,NO,YES,NO,NO,True,2886.31,S2,YES,NO,0,0,425,,0,False,False,False,True,False,2026-05-13,22:06:00,2,peotv,2 + peotv
2026-05-13 22:06:00,S,2.0,peotv,S21,NO,NO,NO,NO,True,-63.17,S2,YES,NO,0,0,457,,0,False,False,False,True,False,2026-05-13,22:06:00,2,peotv,2 + peotv
2026-05-13 22:06:00,S,2.0,peotv,S21,NO,NO,NO,NO,True,-7.9,S2,YES,NO,0,0,303,,0,False,False,False,True,False,2026-05-13,22:06:00,2,peotv,2 + peotv
2026-05-13 22:06:00,S,2.0,peotv,S21,NO,NO,NO,NO,True,2047.79,S2,YES,NO,0,0,507,,0,False,False,False,False,True,2026-05-13,22:06:00,2,peotv,2 + peotv
2026-05-13 22:06:00,S,3.0,,S3,NO,NO,NO,NO,True,11444.51,S3,YES,NO,0,0,566,,0,False,False,False,False,True,2026-05-13,22:06:00,3,Null,3 + Null
2026-05-13 22:06:00,E,7.0,,E7,NO,NO,NO,NO,True,-4500.0,E7,YES,YES,665,595,1351,,1260,False,False,False,False,True,2026-05-13,22:06:00,7,Null,7 + Null
2026-05-13 22:06:00,S,,,S,NO,NO,NO,NO,True,14695.25,,NO,NO,0,0,15,,0,True,True,True,True,False,2026-05-13,22:06:00,Null,Null,Null + Null
2026-05-13 22:06:00,S,7.0,,S7,NO,NO,NO,NO,True,3301.18,S7,YES,NO,0,0,693,,0,False,False,False,False,True,2026-05-13,22:06:00,7,Null,7 + Null
2026-05-13 22:06:00,S,,,S,NO,NO,NO,NO,False,,,NO,NO,0,0,20,,0,True,True,True,True,False,2026-05-13,22:06:00,Null,Null,Null + Null
2026-05-13 22:06:00,S,2.0,peotv,S21,NO,NO,NO,NO,True,985.36,S2,YES,NO,0,0,393,,0,False,False,False,True,False,2026-05-13,22:06:00,2,peotv,2 + peotv
2026-05-13 22:06:00,S,1.0,,S1,NO,NO,NO,NO,True,6174.81,S1,YES,NO,0,0,466,,0,False,False,False,True,False,2026-05-13,22:06:00,1,Null,1 + Null
2026-05-13 22:06:00,S,2.0,peotv,S21,NO,YES,NO,NO,True,249.69,S2,YES,NO,0,0,219,,0,False,False,True,True,False,2026-05-13,22:06:00,2,peotv,2 + peotv
2026-05-13 22:06:00,S,2.0,peotv,S211,NO,YES,NO,NO,True,2484.8,S2,YES,NO,0,0,463,,0,False,False,False,True,False,2026-05-13,22:06:00,2,peotv,2 + peotv
2026-05-13 22:06:00,S,2.0,broadband,S22,NO,NO,NO,NO,True,9689.76,S2,YES,NO,0,0,801,,0,False,False,False,False,True,2026-05-13,22:06:00,2,broadband,2 + broadband
2026-05-13 22:06:00,S,2.0,peotv,S21,NO,NO,NO,NO,True,10412.66,S2,YES,NO,0,0,315,,0,False,False,False,True,False,2026-05-13,22:06:00,2,peotv,2 + peotv
2026-05-13 22:06:00,S,2.0,,S2,NO,NO,NO,NO,True,-13.72,S2,NO,NO,0,0,111,,0,False,True,True,True,False,2026-05-13,22:06:00,2,Null,2 + Null
2026-05-13 22:06:00,S,3.0,,S3,NO,NO,NO,NO,True,8412.74,S3,NO,NO,0,0,73,,0,True,True,True,True,False,2026-05-13,22:06:00,3,Null,3 + Null
2026-05-13 22:06:00,S,2.0,peotv,S21,NO,NO,NO,NO,True,32.28,S2,YES,YES,896,73,1033,,969,False,False,False,False,True,2026-05-13,22:06:00,2,peotv,2 + peotv
2026-05-13 22:06:00,S,4.0,extragb,S41121,NO,NO,NO,YES,True,6318.71,S41,NO,NO,0,0,95,,0,True,True,True,True,False,2026-05-13,22:06:00,4,extragb,4 + extragb
2026-05-13 22:06:00,S,7.0,,S7,NO,NO,NO,NO,True,2932.4,S7,YES,NO,0,0,63,,0,True,True,True,True,False,2026-05-13,22:06:00,7,Null,7 + Null
2026-05-13 22:06:00,S,2.0,other,S2t,NO,NO,NO,NO,True,3597.48,S2,YES,NO,0,0,118,,0,False,True,True,True,False,2026-05-13,22:06:00,2,other,2 + other
2026-05-13 22:06:00,S,2.0,,S2,NO,NO,NO,NO,True,4314.27,S2,NO,NO,0,0,133,,0,False,True,True,True,False,2026-05-13,22:06:00,2,Null,2 + Null
2026-05-13 22:06:00,S,2.0,peotv,S211,NO,YES,NO,NO,True,11965.87,S2,YES,YES,835,185,1109,,1020,False,False,False,False,True,2026-05-13,22:06:00,2,peotv,2 + peotv
2026-05-13 22:06:00,S,1.0,,SLty1,NO,NO,NO,NO,False,,S1,YES,NO,0,0,440,,0,False,False,False,True,False,2026-05-13,22:06:00,1,Null,1 + Null
2026-05-13 22:06:00,S,2.0,peotv,S21,NO,NO,NO,NO,True,-161.65,S2,YES,YES,844,162,1129,,1006,False,False,False,False,True,2026-05-13,22:06:00,2,peotv,2 + peotv
2026-05-13 22:06:00,S,2.0,peotv,S21,NO,NO,NO,NO,True,9293.79,S2,YES,NO,0,0,108,,0,False,True,True,True,False,2026-05-13,22:06:00,2,peotv,2 + peotv
2026-05-13 22:06:00,S,,,S,NO,NO,NO,NO,True,1428.66,,NO,NO,0,0,39,,0,True,True,True,True,False,2026-05-13,22:06:00,Null,Null,Null + Null
2026-05-13 22:06:00,S,2.0,peotv,S21,NO,NO,NO,NO,True,2008.12,S2,YES,YES,787,256,1171,,1043,False,False,False,False,True,2026-05-13,22:06:00,2,peotv,2 + peotv
2026-05-13 22:06:00,S,,,S,NO,NO,NO,NO,False,,,NO,NO,0,0,34,,0,True,True,True,True,False,2026-05-13,22:06:00,Null,Null,Null + Null
2026-05-13 22:06:00,S,3.0,,S3,NO,NO,NO,NO,True,9510.76,S3,NO,NO,0,0,99,,0,True,True,True,True,False,2026-05-13,22:06:00,3,Null,3 + Null
2026-05-13 22:06:00,S,2.0,peotv,S21,NO,NO,NO,NO,True,3932.74,S2,YES,YES,872,102,1100,,974,False,False,False,False,True,2026-05-13,22:06:00,2,peotv,2 + peotv
2026-05-13 22:05:00,S,,,S,NO,NO,NO,NO,False,,,NO,NO,0,0,23,,0,True,True,True,True,False,2026-05-13,22:05:00,Null,Null,Null + Null
2026-05-13 22:05:00,S,2.0,peotv,S21,NO,NO,NO,NO,True,4997.79,S2,YES,NO,0,0,661,,0,False,False,False,False,True,2026-05-13,22:05:00,2,peotv,2 + peotv
2026-05-13 22:05:00,S,4.0,extragb,S411,NO,NO,NO,NO,True,-391.95,S41,YES,NO,0,0,763,,0,False,False,False,False,True,2026-05-13,22:05:00,4,extragb,4 + extragb
2026-05-13 22:05:00,S,2.0,voice,S23,NO,NO,NO,NO,True,4679.81,S2,YES,NO,0,0,960,,0,False,False,False,False,True,2026-05-13,22:05:00,2,voice,2 + voice
2026-05-13 22:05:00,S,4.0,extragb,S4111,NO,NO,NO,YES,True,-112.12,S41,NO,NO,0,0,55,,0,True,True,True,True,False,2026-05-13,22:05:00,4,extragb,4 + extragb
2026-05-13 22:05:00,S,3.0,,S3,NO,NO,NO,NO,True,9459.99,S3,YES,NO,0,0,278,,0,False,False,True,True,False,2026-05-13,22:05:00,3,Null,3 + Null
2026-05-13 22:05:00,S,2.0,peotv,S21,NO,YES,NO,NO,True,782.74,S2,YES,NO,0,0,108,,0,False,True,True,True,False,2026-05-13,22:05:00,2,peotv,2 + peotv
2026-05-13 22:05:00,S,2.0,peotv,S21,NO,YES,NO,NO,True,6948.91,S2,NO,NO,0,0,94,,0,True,True,True,True,False,2026-05-13,22:05:00,2,peotv,2 + peotv
2026-05-13 22:05:00,S,4.0,extragb,S4112,NO,NO,NO,NO,True,4854.09,S41,NO,NO,0,0,61,,0,True,True,True,True,False,2026-05-13,22:05:00,4,extragb,4 + extragb
2026-05-13 22:05:00,S,,,S,NO,NO,NO,NO,True,1811.99,,NO,NO,0,0,53,,0,True,True,True,True,False,2026-05-13,22:05:00,Null,Null,Null + Null
2026-05-13 22:05:00,S,3.0,,S3,NO,NO,NO,NO,True,3247.86,S3,YES,NO,0,0,564,,0,False,False,False,False,True,2026-05-13,22:05:00,3,Null,3 + Null
2026-05-13 22:05:00,S,,,S,NO,NO,NO,NO,False,,,NO,NO,0,0,24,,0,True,True,True,True,False,2026-05-13,22:05:00,Null,Null,Null + Null
2026-05-13 22:05:00,S,1.0,,SLty1,NO,NO,NO,NO,False,,S1,YES,YES,782,248,1088,,1030,False,False,False,False,True,2026-05-13,22:05:00,1,Null,1 + Null
2026-05-13 22:05:00,S,,,S,NO,NO,NO,NO,False,,,NO,NO,0,0,58,,0,True,True,True,True,False,2026-05-13,22:05:00,Null,Null,Null + Null
2026-05-13 22:05:00,S,4.0,extragb,S4111,NO,NO,NO,YES,True,14670.57,S41,NO,NO,0,0,81,,0,True,True,True,True,False,2026-05-13,22:05:00,4,extragb,4 + extragb
2026-05-13 22:05:00,S,4.0,extragb,S411,NO,NO,NO,NO,True,6933.92,S41,NO,NO,0,0,49,,0,True,True,True,True,False,2026-05-13,22:05:00,4,extragb,4 + extragb
2026-05-13 22:05:00,S,,,S,NO,NO,NO,NO,False,,,NO,NO,0,0,18,,0,True,True,True,True,False,2026-05-13,22:05:00,Null,Null,Null + Null
2026-05-13 22:05:00,S,,,S,NO,NO,NO,NO,False,,,NO,NO,0,0,26,,0,True,True,True,True,False,2026-05-13,22:05:00,Null,Null,Null + Null
2026-05-13 22:05:00,S,4.0,extragb,S4112,NO,NO,NO,NO,True,11904.17,S41,NO,NO,0,0,18,,0,True,True,True,True,False,2026-05-13,22:05:00,4,extragb,4 + extragb
2026-05-13 22:05:00,S,3.0,,S3,NO,NO,NO,NO,True,-3.04,S3,YES,NO,0,0,160,,0,False,True,True,True,False,2026-05-13,22:05:00,3,Null,3 + Null
2026-05-13 22:05:00,S,2.0,peotv,S21,NO,YES,NO,NO,True,-3.44,S2,YES,NO,0,0,127,,0,False,True,True,True,False,2026-05-13,22:05:00,2,peotv,2 + peotv
2026-05-13 22:05:00,S,2.0,peotv,S21,NO,YES,NO,NO,True,-1000.0,S2,YES,NO,0,0,223,,0,False,False,True,True,False,2026-05-13,22:05:00,2,peotv,2 + peotv
2026-05-13 22:05:00,T,2.0,voice,T23,NO,NO,NO,NO,True,21106.76,T2,YES,NO,0,0,610,,0,False,False,False,False,True,2026-05-13,22:05:00,2,voice,2 + voice
2026-05-13 22:05:00,S,7.0,,S7,NO,NO,NO,NO,True,12625.78,S7,YES,YES,830,165,1068,,995,False,False,False,False,True,2026-05-13,22:05:00,7,Null,7 + Null
2026-05-13 22:05:00,S,2.0,peotv,S211,NO,YES,NO,NO,True,12257.66,S2,YES,NO,0,0,744,,0,False,False,False,False,True,2026-05-13,22:05:00,2,peotv,2 + peotv
2026-05-13 22:05:00,S,,,S,NO,NO,NO,NO,False,,,NO,NO,0,0,33,,0,True,True,True,True,False,2026-05-13,22:05:00,Null,Null,Null + Null
2026-05-13 22:05:00,S,2.0,peotv,S21,NO,NO,NO,NO,True,13263.5,S2,YES,NO,0,0,382,,0,False,False,False,True,False,2026-05-13,22:05:00,2,peotv,2 + peotv
2026-05-13 22:05:00,S,2.0,peotv,S211,NO,YES,NO,NO,True,10297.76,S2,YES,NO,0,0,461,,0,False,False,False,True,False,2026-05-13,22:05:00,2,peotv,2 + peotv
2026-05-13 22:05:00,E,4.0,extragb,E4111,NO,NO,NO,YES,True,4770.43,E41,NO,NO,0,0,102,,0,False,True,True,True,False,2026-05-13,22:05:00,4,extragb,4 + extragb
2026-05-13 22:05:00,S,,,S,NO,NO,NO,NO,False,,,NO,NO,0,0,44,,0,True,True,True,True,False,2026-05-13,22:05:00,Null,Null,Null + Null
2026-05-13 22:05:00,S,2.0,peotv,S21,NO,NO,NO,NO,True,6148.69,S2,YES,NO,0,0,151,,0,False,True,True,True,False,2026-05-13,22:05:00,2,peotv,2 + peotv
2026-05-13 22:05:00,S,2.0,peotv,S21,NO,YES,NO,NO,True,-66.59,S2,YES,NO,0,0,788,,0,False,False,False,False,True,2026-05-13,22:05:00,2,peotv,2 + peotv
2026-05-13 22:05:00,S,4.0,extragb,S41t,NO,NO,NO,NO,True,-1103.8,S41,YES,NO,0,0,470,,0,False,False,False,True,False,2026-05-13,22:05:00,4,extragb,4 + extragb
2026-05-13 22:05:00,S,2.0,peotv,S21,NO,YES,NO,NO,True,-6.94,S2,YES,NO,0,0,504,,0,False,False,False,False,True,2026-05-13,22:05:00,2,peotv,2 + peotv
2026-05-13 22:05:00,S,3.0,,S3,NO,NO,NO,NO,True,8028.32,S3,YES,NO,0,0,728,,0,False,False,False,False,True,2026-05-13,22:05:00,3,Null,3 + Null
2026-05-13 22:05:00,S,2.0,peotv,S21,NO,YES,NO,NO,True,-820.59,S2,YES,NO,0,0,886,,0,False,False,False,False,True,2026-05-13,22:05:00,2,peotv,2 + peotv
2026-05-13 22:05:00,S,,,S,NO,NO,NO,NO,False,,,NO,NO,0,0,19,,0,True,True,True,True,False,2026-05-13,22:05:00,Null,Null,Null + Null
2026-05-13 22:05:00,S,,,S,NO,NO,NO,NO,False,,,NO,NO,0,0,34,,0,True,True,True,True,False,2026-05-13,22:05:00,Null,Null,Null + Null
2026-05-13 22:05:00,S,2.0,peotv,S21,NO,YES,NO,NO,True,2720.53,S2,NO,NO,0,0,76,,0,True,True,True,True,False,2026-05-13,22:05:00,2,peotv,2 + peotv
2026-05-13 22:05:00,S,2.0,broadband,S22,NO,NO,NO,NO,True,5541.88,S2,YES,NO,0,0,337,,0,False,False,False,True,False,2026-05-13,22:05:00,2,broadband,2 + broadband
2026-05-13 22:05:00,S,,,S,NO,NO,NO,NO,False,,,NO,NO,0,0,51,,0,True,True,True,True,False,2026-05-13,22:05:00,Null,Null,Null + Null
2026-05-13 22:05:00,S,2.0,peotv,S21,NO,NO,NO,NO,True,1179.34,S2,YES,NO,0,0,135,,0,False,True,True,True,False,2026-05-13,22:05:00,2,peotv,2 + peotv
2026-05-13 22:05:00,S,3.0,,S3,NO,NO,NO,NO,True,6099.14,S3,NO,NO,0,0,53,,0,True,True,True,True,False,2026-05-13,22:05:00,3,Null,3 + Null
2026-05-13 22:05:00,S,,,S,NO,NO,NO,NO,False,,,NO,NO,0,0,28,,0,True,True,True,True,False,2026-05-13,22:05:00,Null,Null,Null + Null
2026-05-13 22:05:00,S,4.0,extragb,S411,NO,NO,NO,NO,True,2135.24,S41,YES,NO,0,0,346,,0,False,False,False,True,False,2026-05-13,22:05:00,4,extragb,4 + extragb
2026-05-13 22:05:00,S,4.0,extragb,S41121,NO,NO,NO,YES,True,4834.66,S41,NO,NO,0,0,55,,0,True,True,True,True,False,2026-05-13,22:05:00,4,extragb,4 + extragb
2026-05-13 22:05:00,T,7.0,,T7,NO,NO,NO,NO,True,2803.9,T7,YES,NO,0,0,347,,0,False,False,False,True,False,2026-05-13,22:05:00,7,Null,7 + Null
2026-05-13 22:05:00,S,2.0,peotv,S21,YES,NO,NO,NO,True,7313.61,S2,YES,NO,0,0,555,,0,False,False,False,False,True,2026-05-13,22:05:00,2,peotv,2 + peotv
2026-05-13 22:05:00,S,,,S,NO,NO,NO,NO,True,-4284.0,,NO,NO,0,0,64,,0,True,True,True,True,False,2026-05-13,22:05:00,Null,Null,Null + Null
2026-05-13 22:05:00,S,,,S,NO,NO,NO,NO,False,,,NO,NO,0,0,48,,0,True,True,True,True,False,2026-05-13,22:05:00,Null,Null,Null + Null
2026-05-13 22:05:00,S,,,S,NO,NO,NO,NO,False,,,NO,NO,0,0,21,,0,True,True,True,True,False,2026-05-13,22:05:00,Null,Null,Null + Null
2026-05-13 22:05:00,S,2.0,peotv,S21,NO,YES,NO,NO,True,-60.75,S2,YES,NO,0,0,252,,0,False,False,True,True,False,2026-05-13,22:05:00,2,peotv,2 + peotv
2026-05-13 22:05:00,S,3.0,,S3,NO,NO,NO,NO,True,-89.13,S3,YES,NO,0,0,370,,0,False,False,False,True,False,2026-05-13,22:05:00,3,Null,3 + Null
2026-05-13 22:05:00,S,2.0,peotv,S21,NO,YES,NO,NO,True,-516.89,S2,YES,YES,874,50,979,,924,False,False,False,False,True,2026-05-13,22:05:00,2,peotv,2 + peotv
2026-05-13 22:05:00,S,2.0,peotv,S21,NO,NO,NO,NO,True,0.0,S2,YES,YES,877,47,980,,924,False,False,False,False,True,2026-05-13,22:05:00,2,peotv,2 + peotv
2026-05-13 22:05:00,S,2.0,voice,S23,NO,NO,NO,NO,True,5305.38,S2,NO,NO,0,0,126,,0,False,True,True,True,False,2026-05-13,22:05:00,2,voice,2 + voice
2026-05-13 22:05:00,S,2.0,broadband,S22,NO,NO,NO,NO,True,-48.99,S2,YES,NO,0,0,575,,0,False,False,False,False,True,2026-05-13,22:05:00,2,broadband,2 + broadband
2026-05-13 22:05:00,S,2.0,peotv,S21,NO,YES,NO,NO,True,-68.01,S2,YES,NO,0,0,77,,0,True,True,True,True,False,2026-05-13,22:05:00,2,peotv,2 + peotv
2026-05-13 22:05:00,S,7.0,,S7,NO,NO,NO,NO,False,,S7,YES,NO,0,0,811,,0,False,False,False,False,True,2026-05-13,22:05:00,7,Null,7 + Null
2026-05-13 22:05:00,S,7.0,,S7,NO,NO,NO,NO,True,2932.4,S7,YES,NO,0,0,192,,0,False,True,True,True,False,2026-05-13,22:05:00,7,Null,7 + Null
2026-05-13 22:05:00,S,7.0,,S7,NO,NO,NO,NO,True,11568.52,S7,YES,NO,0,0,295,,0,False,False,True,True,False,2026-05-13,22:05:00,7,Null,7 + Null
2026-05-13 22:05:00,S,3.0,,MOBITEL_S3,NO,NO,NO,NO,True,342.06,S3,YES,NO,0,0,180,,0,False,True,True,True,False,2026-05-13,22:05:00,3,Null,3 + Null
2026-05-13 22:05:00,S,,,S,NO,NO,NO,NO,False,,,NO,NO,0,0,269,,0,False,False,True,True,False,2026-05-13,22:05:00,Null,Null,Null + Null
2026-05-13 22:04:00,S,2.0,peotv,S21,NO,NO,NO,NO,True,-516.38,S2,YES,NO,0,0,93,,0,True,True,True,True,False,2026-05-13,22:04:00,2,peotv,2 + peotv
2026-05-13 22:04:00,S,,,S,NO,NO,NO,NO,False,,,NO,NO,0,0,31,,0,True,True,True,True,False,2026-05-13,22:04:00,Null,Null,Null + Null
2026-05-13 22:04:00,S,2.0,peotv,S211,NO,YES,NO,NO,True,3043.32,S2,YES,YES,869,42,986,,911,False,False,False,False,True,2026-05-13,22:04:00,2,peotv,2 + peotv
2026-05-13 22:04:00,S,7.0,,S7,NO,NO,NO,NO,True,0.0,S7,YES,NO,0,0,300,,0,False,False,False,True,False,2026-05-13,22:04:00,7,Null,7 + Null
2026-05-13 22:04:00,S,2.0,peotv,S21,NO,NO,NO,NO,True,2024.97,S2,YES,NO,0,0,112,,0,False,True,True,True,False,2026-05-13,22:04:00,2,peotv,2 + peotv
2026-05-13 22:04:00,S,,,S,NO,NO,NO,NO,False,,,NO,NO,0,0,65,,0,True,True,True,True,False,2026-05-13,22:04:00,Null,Null,Null + Null
2026-05-13 22:04:00,S,2.0,peotv,S21,NO,NO,NO,NO,True,-11.87,S2,YES,NO,0,0,413,,0,False,False,False,True,False,2026-05-13,22:04:00,2,peotv,2 + peotv
2026-05-13 22:04:00,S,,,S,NO,NO,NO,NO,False,,,NO,NO,0,0,81,,0,True,True,True,True,False,2026-05-13,22:04:00,Null,Null,Null + Null
2026-05-13 22:04:00,S,2.0,peotv,S21,NO,YES,NO,NO,True,-6.94,S2,YES,NO,0,0,283,,0,False,False,True,True,False,2026-05-13,22:04:00,2,peotv,2 + peotv
2026-05-13 22:04:00,S,4.0,extragb,MOBITEL_S41t,NO,NO,NO,NO,True,3747.77,S41,YES,NO,0,0,406,,0,False,False,False,True,False,2026-05-13,22:04:00,4,extragb,4 + extragb
2026-05-13 22:04:00,S,,,S,NO,NO,NO,NO,True,0.0,,NO,NO,0,0,114,,0,False,True,True,True,False,2026-05-13,22:04:00,Null,Null,Null + Null
2026-05-13 22:04:00,S,,,S,NO,NO,NO,NO,False,,,NO,NO,0,0,449,,0,False,False,False,True,False,2026-05-13,22:04:00,Null,Null,Null + Null
2026-05-13 22:04:00,S,,,MOBITEL_S,NO,NO,NO,NO,False,,,NO,NO,0,0,18,,0,True,True,True,True,False,2026-05-13,22:04:00,Null,Null,Null + Null
2026-05-13 22:04:00,S,7.0,,S7,NO,NO,NO,NO,True,6955.79,S7,YES,NO,0,0,468,,0,False,False,False,True,False,2026-05-13,22:04:00,7,Null,7 + Null
2026-05-13 22:04:00,S,2.0,peotv,S21,NO,NO,NO,NO,True,1811.99,S2,YES,NO,0,0,488,,0,False,False,False,True,False,2026-05-13,22:04:00,2,peotv,2 + peotv
2026-05-13 22:04:00,S,2.0,peotv,S21,NO,NO,NO,NO,True,4380.23,S2,YES,NO,0,0,485,,0,False,False,False,True,False,2026-05-13,22:04:00,2,peotv,2 + peotv
2026-05-13 22:04:00,S,,,S,NO,NO,NO,NO,False,,,NO,NO,0,0,24,,0,True,True,True,True,False,2026-05-13,22:04:00,Null,Null,Null + Null
2026-05-13 22:04:00,S,4.0,extragb,S411,NO,NO,NO,NO,True,6933.92,S41,YES,NO,0,0,323,,0,False,False,False,True,False,2026-05-13,22:04:00,4,extragb,4 + extragb
2026-05-13 22:04:00,S,4.0,extragb,S41121,NO,NO,NO,YES,True,11356.84,S41,NO,NO,0,0,186,,0,False,True,True,True,False,2026-05-13,22:04:00,4,extragb,4 + extragb
2026-05-13 22:04:00,S,,,S,NO,NO,NO,NO,False,,,NO,NO,0,0,59,,0,True,True,True,True,False,2026-05-13,22:04:00,Null,Null,Null + Null
2026-05-13 22:04:00,S,2.0,other,MOBITEL_S24,NO,NO,NO,NO,True,3206.16,S2,YES,NO,0,0,246,,0,False,False,True,True,False,2026-05-13,22:04:00,2,other,2 + other
2026-05-13 22:04:00,S,,,S,NO,NO,NO,NO,False,,,NO,NO,0,0,297,,0,False,False,True,True,False,2026-05-13,22:04:00,Null,Null,Null + Null
2026-05-13 22:04:00,S,7.0,,S7,NO,NO,NO,NO,True,3822.13,S7,YES,NO,0,0,97,,0,True,True,True,True,False,2026-05-13,22:04:00,7,Null,7 + Null
2026-05-13 22:04:00,S,2.0,peotv,S21,NO,NO,NO,NO,True,-0.75,S2,YES,YES,848,64,1013,,912,False,False,False,False,True,2026-05-13,22:04:00,2,peotv,2 + peotv
2026-05-13 22:04:00,S,2.0,peotv,S21,NO,NO,NO,NO,True,7700.33,S2,YES,NO,0,0,178,,0,False,True,True,True,False,2026-05-13,22:04:00,2,peotv,2 + peotv
2026-05-13 22:04:00,S,4.0,extragb,S41121,NO,NO,NO,YES,True,0.0,S41,NO,NO,0,0,106,,0,False,True,True,True,False,2026-05-13,22:04:00,4,extragb,4 + extragb
2026-05-13 22:04:00,T,4.0,extragb,T4111,NO,NO,NO,NO,True,-77.33,T41,NO,NO,0,0,89,,0,True,True,True,True,False,2026-05-13,22:04:00,4,extragb,4 + extragb
2026-05-13 22:04:00,S,2.0,peotv,S211,NO,YES,NO,NO,True,7938.31,S2,YES,NO,0,0,824,,0,False,False,False,False,True,2026-05-13,22:04:00,2,peotv,2 + peotv
2026-05-13 22:04:00,S,2.0,peotv,S211,NO,YES,NO,NO,True,6395.86,S2,YES,NO,0,0,329,,0,False,False,False,True,False,2026-05-13,22:04:00,2,peotv,2 + peotv
2026-05-13 22:04:00,S,,,S,NO,NO,NO,NO,True,4794.41,,NO,NO,0,0,65,,0,True,True,True,True,False,2026-05-13,22:04:00,Null,Null,Null + Null
2026-05-13 22:04:00,S,4.0,addon,S412,NO,NO,NO,NO,True,12952.52,S41,YES,NO,0,0,892,,0,False,False,False,False,True,2026-05-13,22:04:00,4,addon,4 + addon
2026-05-13 22:04:00,S,2.0,other,S24,NO,NO,NO,NO,True,4784.25,S2,YES,NO,0,0,458,,0,False,False,False,True,False,2026-05-13,22:04:00,2,other,2 + other
2026-05-13 22:04:00,S,2.0,broadband,S222,NO,NO,YES,NO,True,6044.27,S2,YES,NO,0,0,788,,0,False,False,False,False,True,2026-05-13,22:04:00,2,broadband,2 + broadband
2026-05-13 22:04:00,S,4.0,extragb,S4111,NO,NO,NO,YES,True,8167.45,S41,NO,NO,0,0,115,,0,False,True,True,True,False,2026-05-13,22:04:00,4,extragb,4 + extragb
2026-05-13 22:04:00,S,2.0,voice,S23,NO,NO,NO,NO,True,6395.86,S2,NO,NO,0,0,94,,0,True,True,True,True,False,2026-05-13,22:04:00,2,voice,2 + voice
2026-05-13 22:04:00,S,2.0,voice,S23,NO,NO,NO,NO,True,0.0,S2,NO,NO,0,0,87,,0,True,True,True,True,False,2026-05-13,22:04:00,2,voice,2 + voice
2026-05-13 22:04:00,S,,,S,NO,NO,NO,NO,False,,,NO,NO,0,0,23,,0,True,True,True,True,False,2026-05-13,22:04:00,Null,Null,Null + Null
2026-05-13 22:04:00,E,4.0,extragb,E411,NO,NO,NO,NO,True,8425.76,E41,NO,NO,0,0,61,,0,True,True,True,True,False,2026-05-13,22:04:00,4,extragb,4 + extragb
2026-05-13 22:04:00,S,2.0,peotv,S21,NO,NO,NO,NO,True,8065.6,S2,YES,NO,0,0,402,,0,False,False,False,True,False,2026-05-13,22:04:00,2,peotv,2 + peotv
2026-05-13 22:04:00,S,,,S,NO,NO,NO,NO,False,,,NO,NO,0,0,34,,0,True,True,True,True,False,2026-05-13,22:04:00,Null,Null,Null + Null
2026-05-13 22:04:00,S,2.0,peotv,S21,YES,NO,NO,NO,True,4581.34,S2,YES,NO,0,0,426,,0,False,False,False,True,False,2026-05-13,22:04:00,2,peotv,2 + peotv
2026-05-13 22:04:00,S,2.0,peotv,S21,NO,NO,NO,NO,True,5914.9,S2,YES,NO,0,0,302,,0,False,False,False,True,False,2026-05-13,22:04:00,2,peotv,2 + peotv
2026-05-13 22:04:00,S,2.0,peotv,S21,NO,NO,NO,NO,True,0.0,S2,YES,NO,0,0,432,,0,False,False,False,True,False,2026-05-13,22:04:00,2,peotv,2 + peotv
2026-05-13 22:04:00,S,7.0,,S7,NO,NO,NO,NO,True,2264.2,S7,YES,YES,849,49,1032,,898,False,False,False,False,True,2026-05-13,22:04:00,7,Null,7 + Null
2026-05-13 22:04:00,S,2.0,voice,S23,NO,NO,NO,NO,True,0.0,S2,YES,YES,794,179,1111,,973,False,False,False,False,True,2026-05-13,22:04:00,2,voice,2 + voice
2026-05-13 22:04:00,S,,,S,NO,NO,NO,NO,False,,,NO,NO,0,0,68,,0,True,True,True,True,False,2026-05-13,22:04:00,Null,Null,Null + Null
2026-05-13 22:04:00,S,,,S,NO,NO,NO,NO,False,,,NO,NO,0,0,18,,0,True,True,True,True,False,2026-05-13,22:04:00,Null,Null,Null + Null
2026-05-13 22:04:00,S,,,MOBITEL_S,NO,NO,NO,NO,False,,,NO,NO,0,0,16,,0,True,True,True,True,False,2026-05-13,22:04:00,Null,Null,Null + Null
2026-05-13 22:04:00,S,,,S,NO,NO,NO,NO,False,,,NO,NO,0,0,30,,0,True,True,True,True,False,2026-05-13,22:04:00,Null,Null,Null + Null
2026-05-13 22:04:00,S,3.0,,S3,NO,NO,NO,NO,True,20852.71,S3,NO,NO,0,0,90,,0,True,True,True,True,False,2026-05-13,22:04:00,3,Null,3 + Null
2026-05-13 22:04:00,S,2.0,peotv,S21,YES,NO,NO,NO,True,4745.46,S2,NO,NO,0,0,85,,0,True,True,True,True,False,2026-05-13,22:04:00,2,peotv,2 + peotv
2026-05-13 22:04:00,S,7.0,,S7,NO,NO,NO,NO,True,708.93,S7,YES,YES,815,102,1004,,917,False,False,False,False,True,2026-05-13,22:04:00,7,Null,7 + Null
2026-05-13 22:04:00,E,4.0,extragb,E4111,NO,NO,NO,NO,True,5129.6,E41,NO,NO,0,0,89,,0,True,True,True,True,False,2026-05-13,22:04:00,4,extragb,4 + extragb
2026-05-13 22:04:00,S,,,S,NO,NO,NO,NO,False,,,NO,NO,0,0,19,,0,True,True,True,True,False,2026-05-13,22:04:00,Null,Null,Null + Null
2026-05-13 22:04:00,S,7.0,,S7,NO,NO,NO,NO,True,4557.33,S7,YES,YES,815,95,974,,910,False,False,False,False,True,2026-05-13,22:04:00,7,Null,7 + Null
2026-05-13 22:04:00,S,4.0,extragb,S41t,NO,NO,NO,NO,True,3261.72,S41,YES,NO,0,0,281,,0,False,False,True,True,False,2026-05-13,22:04:00,4,extragb,4 + extragb
2026-05-13 22:04:00,S,2.0,peotv,S211,NO,YES,NO,NO,True,10206.3,S2,YES,NO,0,0,486,,0,False,False,False,True,False,2026-05-13,22:04:00,2,peotv,2 + peotv
2026-05-13 22:04:00,S,2.0,peotv,S21,NO,NO,NO,NO,True,3195.9,S2,YES,NO,0,0,283,,0,False,False,True,True,False,2026-05-13,22:04:00,2,peotv,2 + peotv
2026-05-13 22:04:00,S,,,S,NO,NO,NO,NO,False,,,NO,NO,0,0,77,,0,True,True,True,True,False,2026-05-13,22:04:00,Null,Null,Null + Null
2026-05-13 22:04:00,E,1.0,,MOBITEL_ELty1,NO,NO,NO,NO,False,,E1,YES,NO,0,0,357,,0,False,False,False,True,False,2026-05-13,22:04:00,1,Null,1 + Null
2026-05-13 22:04:00,S,4.0,extragb,S4111,NO,NO,NO,YES,True,10355.34,S41,NO,NO,0,0,51,,0,True,True,True,True,False,2026-05-13,22:04:00,4,extragb,4 + extragb
2026-05-13 22:04:00,S,,,S,NO,NO,NO,NO,False,,,NO,NO,0,0,123,,0,False,True,True,True,False,2026-05-13,22:04:00,Null,Null,Null + Null
2026-05-13 22:04:00,S,2.0,peotv,S211,NO,YES,NO,NO,True,6655.27,S2,YES,NO,0,0,334,,0,False,False,False,True,False,2026-05-13,22:04:00,2,peotv,2 + peotv
2026-05-13 22:03:00,S,,,S,NO,NO,NO,NO,False,,,NO,NO,0,0,36,,0,True,True,True,True,False,2026-05-13,22:03:00,Null,Null,Null + Null
2026-05-13 22:03:00,S,2.0,peotv,S21,NO,NO,NO,NO,True,2487.73,S2,YES,NO,0,0,509,,0,False,False,False,False,True,2026-05-13,22:03:00,2,peotv,2 + peotv
2026-05-13 22:03:00,S,3.0,,S3,NO,NO,NO,NO,True,5824.41,S3,YES,NO,0,0,137,,0,False,True,True,True,False,2026-05-13,22:03:00,3,Null,3 + Null
2026-05-13 22:03:00,S,,,S,NO,NO,NO,NO,False,,,NO,NO,0,0,114,,0,False,True,True,True,False,2026-05-13,22:03:00,Null,Null,Null + Null
2026-05-13 22:03:00,S,7.0,,S7,NO,NO,NO,NO,True,7243.18,S7,YES,NO,0,0,535,,0,False,False,False,False,True,2026-05-13,22:03:00,7,Null,7 + Null
2026-05-13 22:03:00,S,2.0,peotv,S21,NO,NO,NO,NO,True,1497.66,S2,YES,NO,0,0,170,,0,False,True,True,True,False,2026-05-13,22:03:00,2,peotv,2 + peotv
2026-05-13 22:03:00,S,3.0,,S3,NO,NO,NO,NO,True,4415.15,S3,YES,NO,0,0,225,,0,False,False,True,True,False,2026-05-13,22:03:00,3,Null,3 + Null
2026-05-13 22:03:00,S,,,S,NO,NO,NO,NO,False,,,NO,NO,0,0,33,,0,True,True,True,True,False,2026-05-13,22:03:00,Null,Null,Null + Null
2026-05-13 22:03:00,S,,,S,NO,NO,NO,NO,False,,,NO,NO,0,0,20,,0,True,True,True,True,False,2026-05-13,22:03:00,Null,Null,Null + Null
2026-05-13 22:03:00,S,,,S,NO,NO,NO,NO,False,,,NO,NO,0,0,23,,0,True,True,True,True,False,2026-05-13,22:03:00,Null,Null,Null + Null
2026-05-13 22:03:00,S,,,S,NO,NO,NO,NO,False,,,NO,NO,0,0,34,,0,True,True,True,True,False,2026-05-13,22:03:00,Null,Null,Null + Null
2026-05-13 22:03:00,E,3.0,,MOBITEL_E3,NO,NO,NO,NO,False,,E3,NO,NO,0,0,42,,0,True,True,True,True,False,2026-05-13,22:03:00,3,Null,3 + Null
2026-05-13 22:03:00,S,4.0,extragb,S411,NO,NO,NO,NO,True,3739.45,S41,YES,NO,0,0,87,,0,True,True,True,True,False,2026-05-13,22:03:00,4,extragb,4 + extragb
2026-05-13 22:03:00,S,,,S,NO,NO,NO,NO,False,,,NO,NO,0,0,95,,0,True,True,True,True,False,2026-05-13,22:03:00,Null,Null,Null + Null
2026-05-13 22:03:00,S,4.0,extragb,S4111,NO,NO,NO,YES,True,2764.03,S41,NO,NO,0,0,52,,0,True,True,True,True,False,2026-05-13,22:03:00,4,extragb,4 + extragb
2026-05-13 22:03:00,S,3.0,,S3,NO,NO,NO,NO,True,6900.0,S3,YES,NO,0,0,477,,0,False,False,False,True,False,2026-05-13,22:03:00,3,Null,3 + Null
2026-05-13 22:03:00,S,2.0,peotv,S21,YES,NO,NO,NO,True,5769.95,S2,YES,YES,797,97,977,,894,False,False,False,False,True,2026-05-13,22:03:00,2,peotv,2 + peotv
2026-05-13 22:03:00,S,,,S,NO,NO,NO,NO,False,,,NO,NO,0,0,63,,0,True,True,True,True,False,2026-05-13,22:03:00,Null,Null,Null + Null
2026-05-13 22:03:00,S,3.0,,S3,NO,NO,NO,NO,False,,S3,YES,NO,0,0,205,,0,False,False,True,True,False,2026-05-13,22:03:00,3,Null,3 + Null
2026-05-13 22:03:00,S,6.0,1,S1,NO,NO,NO,NO,,,ECS,YES,NO,0,0,195,,0,False,True,True,True,False,2026-05-13,22:03:00,6,1,6 + 1
2026-05-13 22:03:00,S,3.0,,S3,NO,NO,NO,NO,True,-27.4,S3,NO,NO,0,0,98,,0,True,True,True,True,False,2026-05-13,22:03:00,3,Null,3 + Null
2026-05-13 22:03:00,S,4.0,extragb,S4112,NO,NO,NO,NO,True,3474.01,S41,NO,NO,0,0,40,,0,True,True,True,True,False,2026-05-13,22:03:00,4,extragb,4 + extragb
2026-05-13 22:03:00,S,2.0,peotv,S21,YES,NO,NO,NO,True,5646.88,S2,YES,YES,791,177,1069,,968,False,False,False,False,True,2026-05-13,22:03:00,2,peotv,2 + peotv
2026-05-13 22:03:00,S,2.0,peotv,S21,NO,YES,NO,NO,True,-68.01,S2,YES,NO,0,0,228,,0,False,False,True,True,False,2026-05-13,22:03:00,2,peotv,2 + peotv
2026-05-13 22:03:00,S,,,S,NO,NO,NO,NO,False,,,NO,NO,0,0,41,,0,True,True,True,True,False,2026-05-13,22:03:00,Null,Null,Null + Null
2026-05-13 22:03:00,S,2.0,peotv,S21,NO,NO,NO,NO,True,4047.1,S2,YES,NO,0,0,418,,0,False,False,False,True,False,2026-05-13,22:03:00,2,peotv,2 + peotv
2026-05-13 22:03:00,S,,,S,NO,NO,NO,NO,False,,,NO,NO,0,0,38,,0,True,True,True,True,False,2026-05-13,22:03:00,Null,Null,Null + Null
2026-05-13 22:03:00,S,3.0,,S3,NO,NO,NO,NO,True,3095.9,S3,NO,NO,0,0,77,,0,True,True,True,True,False,2026-05-13,22:03:00,3,Null,3 + Null
2026-05-13 22:03:00,E,2.0,peotv,E21,NO,YES,NO,NO,True,0.0,E2,YES,YES,781,113,1004,,894,False,False,False,False,True,2026-05-13,22:03:00,2,peotv,2 + peotv
2026-05-13 22:03:00,S,7.0,,S7,NO,NO,NO,NO,True,-40.27,S7,YES,NO,0,0,587,,0,False,False,False,False,True,2026-05-13,22:03:00,7,Null,7 + Null
2026-05-13 22:03:00,S,3.0,,S3,NO,NO,NO,NO,True,3597.48,S3,YES,NO,0,0,258,,0,False,False,True,True,False,2026-05-13,22:03:00,3,Null,3 + Null
2026-05-13 22:03:00,S,3.0,,S3,NO,NO,NO,NO,True,5588.48,S3,NO,NO,0,0,92,,0,True,True,True,True,False,2026-05-13,22:03:00,3,Null,3 + Null
2026-05-13 22:03:00,S,2.0,peotv,S21,NO,NO,NO,NO,True,7140.99,S2,YES,NO,0,0,484,,0,False,False,False,True,False,2026-05-13,22:03:00,2,peotv,2 + peotv
2026-05-13 22:03:00,S,2.0,peotv,S211,NO,YES,NO,NO,True,4723.29,S2,YES,NO,0,0,821,,0,False,False,False,False,True,2026-05-13,22:03:00,2,peotv,2 + peotv
2026-05-13 22:03:00,S,2.0,peotv,S21,YES,NO,NO,NO,True,3806.05,S2,NO,NO,0,0,66,,0,True,True,True,True,False,2026-05-13,22:03:00,2,peotv,2 + peotv
2026-05-13 22:03:00,S,,,S,NO,NO,NO,NO,False,,,NO,NO,0,0,25,,0,True,True,True,True,False,2026-05-13,22:03:00,Null,Null,Null + Null
2026-05-13 22:03:00,S,3.0,,S3,NO,NO,NO,NO,True,1758.15,S3,NO,NO,0,0,127,,0,False,True,True,True,False,2026-05-13,22:03:00,3,Null,3 + Null
2026-05-13 22:03:00,S,2.0,peotv,S21,NO,NO,NO,NO,True,2517.46,S2,NO,NO,0,0,54,,0,True,True,True,True,False,2026-05-13,22:03:00,2,peotv,2 + peotv
2026-05-13 22:03:00,S,2.0,peotv,S21,YES,NO,NO,NO,True,-0.56,S2,YES,NO,0,0,908,,0,False,False,False,False,True,2026-05-13,22:03:00,2,peotv,2 + peotv
2026-05-13 22:03:00,S,2.0,peotv,S21,NO,NO,NO,NO,True,3349.93,S2,YES,NO,0,0,299,,0,False,False,True,True,False,2026-05-13,22:03:00,2,peotv,2 + peotv
2026-05-13 22:03:00,S,4.0,extragb,S4111,NO,NO,NO,YES,True,9926.98,S41,NO,NO,0,0,63,,0,True,True,True,True,False,2026-05-13,22:03:00,4,extragb,4 + extragb
2026-05-13 22:03:00,S,2.0,peotv,S211,NO,YES,NO,NO,True,2720.53,S2,YES,NO,0,0,425,,0,False,False,False,True,False,2026-05-13,22:03:00,2,peotv,2 + peotv
2026-05-13 22:03:00,S,7.0,,S7,NO,NO,NO,NO,True,1491.01,S7,YES,NO,0,0,70,,0,True,True,True,True,False,2026-05-13,22:03:00,7,Null,7 + Null
2026-05-13 22:03:00,S,,,S,NO,NO,NO,NO,False,,,NO,NO,0,0,22,,0,True,True,True,True,False,2026-05-13,22:03:00,Null,Null,Null + Null
2026-05-13 22:03:00,S,4.0,extragb,S4111,NO,NO,NO,YES,True,9377.56,S41,NO,NO,0,0,49,,0,True,True,True,True,False,2026-05-13,22:03:00,4,extragb,4 + extragb
2026-05-13 22:03:00,E,4.0,extragb,E41t,NO,NO,NO,NO,True,4609.33,E41,YES,NO,0,0,88,,0,True,True,True,True,False,2026-05-13,22:03:00,4,extragb,4 + extragb
2026-05-13 22:03:00,S,2.0,peotv,S211,NO,YES,NO,NO,True,4450.54,S2,YES,NO,0,0,288,,0,False,False,True,True,False,2026-05-13,22:03:00,2,peotv,2 + peotv
2026-05-13 22:03:00,S,2.0,peotv,S21,NO,NO,NO,NO,True,5052.7,S2,YES,NO,0,0,277,,0,False,False,True,True,False,2026-05-13,22:03:00,2,peotv,2 + peotv
2026-05-13 22:03:00,S,2.0,peotv,S21,NO,YES,NO,NO,True,0.0,S2,YES,NO,0,0,115,,0,False,True,True,True,False,2026-05-13,22:03:00,2,peotv,2 + peotv
2026-05-13 22:03:00,S,2.0,peotv,S21,NO,YES,NO,NO,True,0.0,S2,YES,YES,815,42,930,,857,False,False,False,False,True,2026-05-13,22:03:00,2,peotv,2 + peotv
2026-05-13 22:03:00,S,2.0,peotv,S21,NO,YES,NO,NO,True,393.54,S2,YES,NO,0,0,817,,0,False,False,False,False,True,2026-05-13,22:03:00,2,peotv,2 + peotv
2026-05-13 22:03:00,S,1.0,,S1,NO,NO,NO,NO,True,3245.5,S1,YES,YES,67,0,168,,67,False,True,True,True,False,2026-05-13,22:03:00,1,Null,1 + Null
2026-05-13 22:03:00,S,2.0,peotv,S21,NO,NO,NO,NO,True,2606.54,S2,YES,NO,0,0,309,,0,False,False,False,True,False,2026-05-13,22:03:00,2,peotv,2 + peotv
2026-05-13 22:03:00,S,,,S,NO,NO,NO,NO,False,,,NO,NO,0,0,26,,0,True,True,True,True,False,2026-05-13,22:03:00,Null,Null,Null + Null
2026-05-13 22:03:00,S,3.0,,S3,NO,NO,NO,NO,True,518.52,S3,YES,NO,0,0,158,,0,False,True,True,True,False,2026-05-13,22:03:00,3,Null,3 + Null
2026-05-13 22:03:00,S,2.0,peotv,S211,NO,YES,NO,NO,True,5950.66,S2,YES,NO,0,0,368,,0,False,False,False,True,False,2026-05-13,22:03:00,2,peotv,2 + peotv
2026-05-13 22:03:00,S,2.0,peotv,S21,NO,NO,NO,NO,True,5892.74,S2,YES,NO,0,0,298,,0,False,False,True,True,False,2026-05-13,22:03:00,2,peotv,2 + peotv
2026-05-13 22:02:00,S,,,S,NO,NO,NO,NO,False,,,NO,NO,0,0,32,,0,True,True,True,True,False,2026-05-13,22:02:00,Null,Null,Null + Null
2026-05-13 22:02:00,T,,,T,NO,NO,NO,NO,False,,,NO,NO,0,0,4,,0,True,True,True,True,False,2026-05-13,22:02:00,Null,Null,Null + Null
2026-05-13 22:02:00,S,1.0,,SLty1,NO,NO,NO,NO,False,,S1,YES,NO,0,0,310,,0,False,False,False,True,False,2026-05-13,22:02:00,1,Null,1 + Null
2026-05-13 22:02:00,S,4.0,extragb,S41t,NO,NO,NO,NO,True,6318.25,S41,YES,NO,0,0,162,,0,False,True,True,True,False,2026-05-13,22:02:00,4,extragb,4 + extragb
2026-05-13 22:02:00,S,2.0,peotv,S21,YES,NO,NO,NO,True,-295.13,S2,NO,NO,0,0,86,,0,True,True,True,True,False,2026-05-13,22:02:00,2,peotv,2 + peotv
2026-05-13 22:02:00,S,2.0,peotv,S21,NO,YES,NO,NO,True,11065.25,S2,NO,NO,0,0,78,,0,True,True,True,True,False,2026-05-13,22:02:00,2,peotv,2 + peotv
2026-05-13 22:02:00,S,,,S,NO,NO,NO,NO,False,,,NO,NO,0,0,67,,0,True,True,True,True,False,2026-05-13,22:02:00,Null,Null,Null + Null
2026-05-13 22:02:00,T,,,T,NO,NO,NO,NO,False,,,NO,NO,0,0,15,,0,True,True,True,True,False,2026-05-13,22:02:00,Null,Null,Null + Null
2026-05-13 22:02:00,S,,,S,NO,NO,NO,NO,False,,,NO,NO,0,0,25,,0,True,True,True,True,False,2026-05-13,22:02:00,Null,Null,Null + Null
2026-05-13 22:02:00,S,2.0,peotv,S21,NO,YES,NO,NO,True,-3.04,S2,YES,NO,0,0,133,,0,False,True,True,True,False,2026-05-13,22:02:00,2,peotv,2 + peotv
2026-05-13 22:02:00,S,7.0,,S7,NO,NO,NO,NO,True,5998.72,S7,YES,YES,741,228,1077,,969,False,False,False,False,True,2026-05-13,22:02:00,7,Null,7 + Null
2026-05-13 22:02:00,S,5.0,organizational,S51,NO,NO,NO,NO,True,37.49,S51,YES,NO,0,0,201,,0,False,False,True,True,False,2026-05-13,22:02:00,5,organizational,5 + organizational
2026-05-13 22:02:00,T,3.0,,T3,NO,NO,NO,NO,True,-77.33,T3,YES,NO,0,0,846,,0,False,False,False,False,True,2026-05-13,22:02:00,3,Null,3 + Null
2026-05-13 22:02:00,S,3.0,,S3,NO,NO,NO,NO,True,5129.17,S3,NO,NO,0,0,81,,0,True,True,True,True,False,2026-05-13,22:02:00,3,Null,3 + Null
2026-05-13 22:02:00,S,2.0,other,S24,NO,NO,NO,NO,True,2247.45,S2,YES,NO,0,0,460,,0,False,False,False,True,False,2026-05-13,22:02:00,2,other,2 + other
2026-05-13 22:02:00,S,2.0,peotv,S21,NO,NO,NO,NO,True,3183.2,S2,YES,YES,779,79,963,,858,False,False,False,False,True,2026-05-13,22:02:00,2,peotv,2 + peotv
2026-05-13 22:02:00,T,1.0,,MOBITEL_TLty1,NO,NO,NO,NO,False,,T1,YES,NO,0,0,607,,0,False,False,False,False,True,2026-05-13,22:02:00,1,Null,1 + Null
2026-05-13 22:02:00,T,,,T,NO,NO,NO,NO,False,,,NO,NO,0,0,3,,0,True,True,True,True,False,2026-05-13,22:02:00,Null,Null,Null + Null
2026-05-13 22:02:00,S,2.0,peotv,S21,NO,NO,NO,NO,True,5438.11,S2,YES,NO,0,0,536,,0,False,False,False,False,True,2026-05-13,22:02:00,2,peotv,2 + peotv
2026-05-13 22:02:00,S,,,S,NO,NO,NO,NO,False,,,NO,NO,0,0,15,,0,True,True,True,True,False,2026-05-13,22:02:00,Null,Null,Null + Null
2026-05-13 22:02:00,S,2.0,peotv,S21,NO,YES,NO,NO,True,514.74,S2,YES,NO,0,0,883,,0,False,False,False,False,True,2026-05-13,22:02:00,2,peotv,2 + peotv
2026-05-13 22:02:00,S,7.0,,S7,NO,NO,NO,NO,True,0.0,S7,YES,NO,0,0,91,,0,True,True,True,True,False,2026-05-13,22:02:00,7,Null,7 + Null
2026-05-13 22:02:00,T,,,T,NO,NO,NO,NO,False,,,NO,NO,0,0,20,,0,True,True,True,True,False,2026-05-13,22:02:00,Null,Null,Null + Null
2026-05-13 22:02:00,S,2.0,peotv,S21,NO,YES,NO,NO,True,-7.52,S2,YES,NO,0,0,669,,0,False,False,False,False,True,2026-05-13,22:02:00,2,peotv,2 + peotv
2026-05-13 22:02:00,S,,,S,NO,NO,NO,NO,False,,,NO,NO,0,0,265,,0,False,False,True,True,False,2026-05-13,22:02:00,Null,Null,Null + Null
2026-05-13 22:02:00,S,,,MOBITEL_S,NO,NO,NO,NO,False,,,NO,NO,0,0,190,,0,False,True,True,True,False,2026-05-13,22:02:00,Null,Null,Null + Null
2026-05-13 22:02:00,S,4.0,extragb,S4112,NO,NO,NO,NO,True,41.48,S41,NO,NO,0,0,37,,0,True,True,True,True,False,2026-05-13,22:02:00,4,extragb,4 + extragb
2026-05-13 22:02:00,S,7.0,,S7,NO,NO,NO,NO,True,3590.45,S7,YES,NO,0,0,364,,0,False,False,False,True,False,2026-05-13,22:02:00,7,Null,7 + Null
2026-05-13 22:02:00,S,2.0,broadband,S221,NO,NO,YES,NO,True,8167.45,S2,YES,NO,0,0,310,,0,False,False,False,True,False,2026-05-13,22:02:00,2,broadband,2 + broadband
2026-05-13 22:02:00,S,4.0,extragb,S4112,NO,NO,NO,NO,True,20852.71,S41,NO,NO,0,0,84,,0,True,True,True,True,False,2026-05-13,22:02:00,4,extragb,4 + extragb
2026-05-13 22:02:00,S,,,S,NO,NO,NO,NO,False,,,NO,NO,0,0,22,,0,True,True,True,True,False,2026-05-13,22:02:00,Null,Null,Null + Null
2026-05-13 22:02:00,S,2.0,other,S2t,NO,NO,NO,NO,True,5061.19,S2,YES,NO,0,0,323,,0,False,False,False,True,False,2026-05-13,22:02:00,2,other,2 + other
2026-05-13 22:02:00,S,,,S,NO,NO,NO,NO,False,,,NO,NO,0,0,24,,0,True,True,True,True,False,2026-05-13,22:02:00,Null,Null,Null + Null
2026-05-13 22:02:00,S,4.0,extragb,S4111,NO,NO,NO,YES,True,6524.47,S41,NO,NO,0,0,35,,0,True,True,True,True,False,2026-05-13,22:02:00,4,extragb,4 + extragb
2026-05-13 22:02:00,S,,,S,NO,NO,NO,NO,False,,,NO,NO,0,0,11,,0,True,True,True,True,False,2026-05-13,22:02:00,Null,Null,Null + Null
2026-05-13 22:02:00,S,3.0,,S3,NO,NO,NO,NO,True,11026.93,S3,NO,NO,0,0,38,,0,True,True,True,True,False,2026-05-13,22:02:00,3,Null,3 + Null
2026-05-13 22:02:00,S,2.0,peotv,S21,NO,NO,NO,NO,True,9207.88,S2,YES,NO,0,0,227,,0,False,False,True,True,False,2026-05-13,22:02:00,2,peotv,2 + peotv
2026-05-13 22:02:00,S,2.0,peotv,S21,NO,NO,NO,NO,True,4143.03,S2,YES,NO,0,0,495,,0,False,False,False,True,False,2026-05-13,22:02:00,2,peotv,2 + peotv
2026-05-13 22:02:00,T,,,T,NO,NO,NO,NO,False,,,NO,NO,0,0,27,,0,True,True,True,True,False,2026-05-13,22:02:00,Null,Null,Null + Null
2026-05-13 22:02:00,S,2.0,peotv,S21,NO,NO,NO,NO,True,2364.6,S2,YES,NO,0,0,810,,0,False,False,False,False,True,2026-05-13,22:02:00,2,peotv,2 + peotv
2026-05-13 22:02:00,S,,,S,NO,NO,NO,NO,False,,,NO,NO,0,0,34,,0,True,True,True,True,False,2026-05-13,22:02:00,Null,Null,Null + Null
2026-05-13 22:02:00,S,3.0,,S3,NO,NO,NO,NO,True,3278.81,S3,YES,NO,0,0,180,,0,False,True,True,True,False,2026-05-13,22:02:00,3,Null,3 + Null
2026-05-13 22:02:00,S,,,S,NO,NO,NO,NO,False,,,NO,NO,0,0,80,,0,True,True,True,True,False,2026-05-13,22:02:00,Null,Null,Null + Null
2026-05-13 22:02:00,S,2.0,peotv,S21,NO,YES,NO,NO,True,10366.44,S2,NO,NO,0,0,69,,0,True,True,True,True,False,2026-05-13,22:02:00,2,peotv,2 + peotv
2026-05-13 22:02:00,S,2.0,peotv,S21,NO,YES,NO,NO,True,4206.57,S2,NO,NO,0,0,99,,0,True,True,True,True,False,2026-05-13,22:02:00,2,peotv,2 + peotv
2026-05-13 22:02:00,S,2.0,voice,S23,NO,NO,NO,NO,True,5247.56,S2,NO,NO,0,0,124,,0,False,True,True,True,False,2026-05-13,22:02:00,2,voice,2 + voice
2026-05-13 22:02:00,T,,,T,NO,NO,NO,NO,False,,,NO,NO,0,0,22,,0,True,True,True,True,False,2026-05-13,22:02:00,Null,Null,Null + Null
2026-05-13 22:02:00,T,,,T,NO,NO,NO,NO,False,,,NO,NO,0,0,33,,0,True,True,True,True,False,2026-05-13,22:02:00,Null,Null,Null + Null
2026-05-13 22:02:00,S,4.0,addon,S412,NO,NO,YES,NO,True,9926.98,S41,NO,NO,0,0,28,,0,True,True,True,True,False,2026-05-13,22:02:00,4,addon,4 + addon
2026-05-13 22:02:00,S,2.0,peotv,S21,NO,NO,NO,NO,True,-1286.28,S2,YES,NO,0,0,241,,0,False,False,True,True,False,2026-05-13,22:02:00,2,peotv,2 + peotv
2026-05-13 22:02:00,S,4.0,extragb,S4112,NO,NO,NO,NO,True,8394.06,S41,NO,NO,0,0,50,,0,True,True,True,True,False,2026-05-13,22:02:00,4,extragb,4 + extragb
2026-05-13 22:02:00,S,7.0,,S7,NO,NO,NO,NO,True,6843.36,S7,YES,NO,0,0,593,,0,False,False,False,False,True,2026-05-13,22:02:00,7,Null,7 + Null
2026-05-13 22:02:00,S,4.0,addon,S412,NO,NO,NO,NO,True,11707.6,S41,NO,NO,0,0,64,,0,True,True,True,True,False,2026-05-13,22:02:00,4,addon,4 + addon
2026-05-13 22:02:00,S,2.0,broadband,S22,NO,NO,NO,NO,True,8246.36,S2,YES,NO,0,0,227,,0,False,False,True,True,False,2026-05-13,22:02:00,2,broadband,2 + broadband
2026-05-13 22:02:00,S,2.0,peotv,S21,NO,NO,NO,NO,True,-1.13,S2,YES,YES,771,99,987,,870,False,False,False,False,True,2026-05-13,22:02:00,2,peotv,2 + peotv
2026-05-13 22:02:00,S,7.0,,S7,NO,NO,NO,NO,True,2641.77,S7,YES,NO,0,0,386,,0,False,False,False,True,False,2026-05-13,22:02:00,7,Null,7 + Null
2026-05-13 22:02:00,S,2.0,peotv,S21,NO,NO,NO,NO,True,2313.22,S2,YES,YES,787,63,912,,850,False,False,False,False,True,2026-05-13,22:02:00,2,peotv,2 + peotv
2026-05-13 22:02:00,S,1.0,,S1,NO,NO,NO,NO,True,2895.6,S1,YES,YES,789,54,897,,843,False,False,False,False,True,2026-05-13,22:02:00,1,Null,1 + Null
2026-05-13 22:02:00,S,,,S,NO,NO,NO,NO,False,,,NO,NO,0,0,44,,0,True,True,True,True,False,2026-05-13,22:02:00,Null,Null,Null + Null
2026-05-13 22:01:00,T,4.0,extragb,T41t,NO,NO,NO,NO,True,-134.75,T41,YES,NO,0,0,472,,0,False,False,False,True,False,2026-05-13,22:01:00,4,extragb,4 + extragb
2026-05-13 22:01:00,S,3.0,,S3,NO,NO,NO,NO,True,10583.57,S3,YES,NO,0,0,420,,0,False,False,False,True,False,2026-05-13,22:01:00,3,Null,3 + Null
2026-05-13 22:01:00,S,3.0,,S3,NO,NO,NO,NO,True,5065.28,S3,NO,NO,0,0,60,,0,True,True,True,True,False,2026-05-13,22:01:00,3,Null,3 + Null
2026-05-13 22:01:00,E,7.0,,E7,NO,NO,NO,NO,True,2008.12,E7,YES,NO,0,0,193,,0,False,True,True,True,False,2026-05-13,22:01:00,7,Null,7 + Null
2026-05-13 22:01:00,S,7.0,,S7,NO,NO,NO,NO,True,794.43,S7,YES,NO,0,0,682,,0,False,False,False,False,True,2026-05-13,22:01:00,7,Null,7 + Null
2026-05-13 22:01:00,S,2.0,peotv,S21,NO,NO,NO,NO,True,3754.26,S2,YES,NO,0,0,299,,0,False,False,True,True,False,2026-05-13,22:01:00,2,peotv,2 + peotv
2026-05-13 22:01:00,S,3.0,,S3,NO,NO,NO,NO,True,5588.48,S3,YES,NO,0,0,211,,0,False,False,True,True,False,2026-05-13,22:01:00,3,Null,3 + Null
2026-05-13 22:01:00,S,7.0,,S7,NO,NO,NO,NO,True,9257.08,S7,YES,NO,0,0,618,,0,False,False,False,False,True,2026-05-13,22:01:00,7,Null,7 + Null
2026-05-13 22:01:00,E,,,E,NO,NO,NO,NO,False,,,NO,NO,0,0,25,,0,True,True,True,True,False,2026-05-13,22:01:00,Null,Null,Null + Null
2026-05-13 22:01:00,S,,,S,NO,NO,NO,NO,False,,,NO,NO,0,0,11,,0,True,True,True,True,False,2026-05-13,22:01:00,Null,Null,Null + Null
2026-05-13 22:01:00,S,3.0,,MOBITEL_S3,NO,NO,NO,NO,False,,S3,YES,NO,0,0,270,,0,False,False,True,True,False,2026-05-13,22:01:00,3,Null,3 + Null
2026-05-13 22:01:00,S,,,S,NO,NO,NO,NO,False,,,NO,NO,0,0,385,,0,False,False,False,True,False,2026-05-13,22:01:00,Null,Null,Null + Null
2026-05-13 22:01:00,S,1.0,,SLty1,NO,NO,NO,NO,False,,S1,YES,NO,0,0,52,,0,True,True,True,True,False,2026-05-13,22:01:00,1,Null,1 + Null
2026-05-13 22:01:00,S,2.0,peotv,S211,NO,YES,NO,NO,True,3863.87,S2,YES,NO,0,0,172,,0,False,True,True,True,False,2026-05-13,22:01:00,2,peotv,2 + peotv
2026-05-13 22:01:00,S,2.0,peotv,S21,NO,YES,NO,NO,True,11621.49,S2,NO,NO,0,0,101,,0,False,True,True,True,False,2026-05-13,22:01:00,2,peotv,2 + peotv
2026-05-13 22:01:00,S,2.0,peotv,S211,NO,YES,NO,NO,True,6416.32,S2,YES,YES,783,25,876,,808,False,False,False,False,True,2026-05-13,22:01:00,2,peotv,2 + peotv
2026-05-13 22:01:00,S,3.0,,S3,NO,NO,NO,NO,True,4738.09,S3,YES,NO,0,0,115,,0,False,True,True,True,False,2026-05-13,22:01:00,3,Null,3 + Null
2026-05-13 22:01:00,S,1.0,,SLty1,NO,NO,NO,NO,False,,S1,YES,NO,0,0,583,,0,False,False,False,False,True,2026-05-13,22:01:00,1,Null,1 + Null
2026-05-13 22:01:00,S,2.0,voice,S23,NO,NO,NO,NO,True,-9000.0,S2,YES,NO,0,0,673,,0,False,False,False,False,True,2026-05-13,22:01:00,2,voice,2 + voice
2026-05-13 22:01:00,S,1.0,,SLty1,NO,NO,NO,NO,False,,S1,YES,NO,0,0,363,,0,False,False,False,True,False,2026-05-13,22:01:00,1,Null,1 + Null
2026-05-13 22:01:00,S,2.0,peotv,S211,NO,YES,NO,NO,True,3149.88,S2,YES,YES,769,55,934,,824,False,False,False,False,True,2026-05-13,22:01:00,2,peotv,2 + peotv
2026-05-13 22:01:00,T,1.0,,MOBITEL_T1,NO,NO,NO,NO,False,,T1,YES,NO,0,0,207,,0,False,False,True,True,False,2026-05-13,22:01:00,1,Null,1 + Null
2026-05-13 22:01:00,S,7.0,,S7,NO,NO,NO,NO,True,2932.4,S7,YES,NO,0,0,262,,0,False,False,True,True,False,2026-05-13,22:01:00,7,Null,7 + Null
2026-05-13 22:01:00,S,,,MOBITEL_S,NO,NO,NO,NO,False,,,NO,NO,0,0,1,,0,True,True,True,True,False,2026-05-13,22:01:00,Null,Null,Null + Null
2026-05-13 22:01:00,S,7.0,,S7,NO,NO,NO,NO,True,7564.12,S7,YES,NO,0,0,840,,0,False,False,False,False,True,2026-05-13,22:01:00,7,Null,7 + Null
2026-05-13 22:01:00,E,2.0,other,E24,NO,NO,NO,NO,True,-3.31,E2,YES,NO,0,0,233,,0,False,False,True,True,False,2026-05-13,22:01:00,2,other,2 + other
2026-05-13 22:01:00,T,1.0,,TLty1,NO,NO,NO,NO,False,,T1,YES,NO,0,0,469,,0,False,False,False,True,False,2026-05-13,22:01:00,1,Null,1 + Null
2026-05-13 22:01:00,S,2.0,peotv,S21,NO,NO,NO,NO,True,4280.67,S2,YES,NO,0,0,563,,0,False,False,False,False,True,2026-05-13,22:01:00,2,peotv,2 + peotv
2026-05-13 22:01:00,S,4.0,extragb,S4112,NO,NO,NO,NO,True,9621.2,S41,NO,NO,0,0,19,,0,True,True,True,True,False,2026-05-13,22:01:00,4,extragb,4 + extragb
2026-05-13 22:01:00,S,,,S,NO,NO,NO,NO,False,,,NO,NO,0,0,23,,0,True,True,True,True,False,2026-05-13,22:01:00,Null,Null,Null + Null
2026-05-13 22:01:00,S,2.0,peotv,S21,NO,NO,NO,NO,True,2024.97,S2,YES,NO,0,0,113,,0,False,True,True,True,False,2026-05-13,22:01:00,2,peotv,2 + peotv
2026-05-13 22:01:00,S,3.0,,S3,NO,NO,NO,NO,True,7049.78,S3,NO,NO,0,0,102,,0,False,True,True,True,False,2026-05-13,22:01:00,3,Null,3 + Null
2026-05-13 22:01:00,S,,,S,NO,NO,NO,NO,False,,,NO,NO,0,0,98,,0,True,True,True,True,False,2026-05-13,22:01:00,Null,Null,Null + Null
2026-05-13 22:01:00,S,,,S,NO,NO,NO,NO,False,,,NO,NO,0,0,34,,0,True,True,True,True,False,2026-05-13,22:01:00,Null,Null,Null + Null
2026-05-13 22:01:00,S,2.0,peotv,S21,YES,NO,NO,NO,True,-534.74,S2,YES,NO,0,0,895,,0,False,False,False,False,True,2026-05-13,22:01:00,2,peotv,2 + peotv
2026-05-13 22:01:00,S,4.0,extragb,S41121,NO,NO,NO,YES,True,16414.79,S41,NO,NO,0,0,101,,0,False,True,True,True,False,2026-05-13,22:01:00,4,extragb,4 + extragb
2026-05-13 22:01:00,S,,,S,NO,NO,NO,NO,False,,,NO,NO,0,0,59,,0,True,True,True,True,False,2026-05-13,22:01:00,Null,Null,Null + Null
2026-05-13 22:01:00,S,,,S,NO,NO,NO,NO,False,,,NO,NO,0,0,24,,0,True,True,True,True,False,2026-05-13,22:01:00,Null,Null,Null + Null
2026-05-13 22:01:00,S,2.0,peotv,S211,NO,YES,NO,NO,True,10604.78,S2,YES,YES,773,92,957,,865,False,False,False,False,True,2026-05-13,22:01:00,2,peotv,2 + peotv
2026-05-13 22:01:00,S,3.0,,S3,NO,NO,NO,NO,True,9685.58,S3,YES,NO,0,0,480,,0,False,False,False,True,False,2026-05-13,22:01:00,3,Null,3 + Null
2026-05-13 22:01:00,S,2.0,peotv,S21,NO,YES,NO,NO,True,-8.19,S2,YES,NO,0,0,270,,0,False,False,True,True,False,2026-05-13,22:01:00,2,peotv,2 + peotv
2026-05-13 22:01:00,S,2.0,peotv,S21,NO,NO,NO,NO,True,-20.55,S2,YES,NO,0,0,133,,0,False,True,True,True,False,2026-05-13,22:01:00,2,peotv,2 + peotv
2026-05-13 22:01:00,S,3.0,,S3,NO,NO,NO,NO,True,-257.95,S3,YES,YES,776,42,874,,818,False,False,False,False,True,2026-05-13,22:01:00,3,Null,3 + Null
2026-05-13 22:01:00,S,4.0,extragb,S4112,NO,NO,NO,NO,True,9026.81,S41,NO,NO,0,0,37,,0,True,True,True,True,False,2026-05-13,22:01:00,4,extragb,4 + extragb
2026-05-13 22:01:00,S,4.0,extragb,S4112,NO,NO,NO,NO,True,2731.43,S41,NO,NO,0,0,58,,0,True,True,True,True,False,2026-05-13,22:01:00,4,extragb,4 + extragb
2026-05-13 22:01:00,S,3.0,,S3,NO,NO,NO,NO,True,2907.83,S3,YES,YES,781,37,904,,818,False,False,False,False,True,2026-05-13,22:01:00,3,Null,3 + Null
2026-05-13 22:01:00,T,2.0,broadband,T222,NO,NO,YES,NO,True,8122.55,T2,YES,NO,0,0,328,,0,False,False,False,True,False,2026-05-13,22:01:00,2,broadband,2 + broadband
2026-05-13 22:01:00,S,4.0,extragb,S4111,NO,NO,NO,YES,True,4739.56,S41,NO,NO,0,0,94,,0,True,True,True,True,False,2026-05-13,22:01:00,4,extragb,4 + extragb
2026-05-13 22:01:00,S,2.0,peotv,S21,NO,YES,NO,NO,True,-0.99,S2,YES,NO,0,0,131,,0,False,True,True,True,False,2026-05-13,22:01:00,2,peotv,2 + peotv
2026-05-13 22:01:00,S,1.0,,S1,NO,NO,NO,NO,True,0.0,S1,YES,YES,764,68,900,,832,False,False,False,False,True,2026-05-13,22:01:00,1,Null,1 + Null
2026-05-13 22:01:00,S,2.0,peotv,S21,NO,NO,NO,NO,True,2872.73,S2,YES,NO,0,0,380,,0,False,False,False,True,False,2026-05-13,22:01:00,2,peotv,2 + peotv
2026-05-13 22:01:00,S,7.0,,S7,NO,NO,NO,NO,False,,S7,YES,NO,0,0,97,,0,True,True,True,True,False,2026-05-13,22:01:00,7,Null,7 + Null
2026-05-13 22:01:00,S,7.0,,S7,NO,NO,NO,NO,True,-786.92,S7,YES,NO,0,0,219,,0,False,False,True,True,False,2026-05-13,22:01:00,7,Null,7 + Null
2026-05-13 22:01:00,S,,,S,NO,NO,NO,NO,False,,,NO,NO,0,0,49,,0,True,True,True,True,False,2026-05-13,22:01:00,Null,Null,Null + Null
2026-05-13 22:01:00,S,3.0,,S3,NO,NO,NO,NO,True,-68.56,S3,YES,NO,0,0,754,,0,False,False,False,False,True,2026-05-13,22:01:00,3,Null,3 + Null
2026-05-13 22:01:00,S,4.0,extragb,S4111,NO,NO,NO,YES,True,3792.86,S41,NO,NO,0,0,85,,0,True,True,True,True,False,2026-05-13,22:01:00,4,extragb,4 + extragb
2026-05-13 22:01:00,S,2.0,peotv,S211,NO,YES,NO,NO,True,3993.11,S2,YES,NO,0,0,495,,0,False,False,False,True,False,2026-05-13,22:01:00,2,peotv,2 + peotv
2026-05-13 22:01:00,S,4.0,extragb,S411,NO,NO,NO,NO,True,5239.4,S41,NO,NO,0,0,14,,0,True,True,True,True,False,2026-05-13,22:01:00,4,extragb,4 + extragb
2026-05-13 22:01:00,S,2.0,peotv,S211,NO,YES,NO,NO,True,4836.71,S2,YES,YES,689,443,1267,,1132,False,False,False,False,True,2026-05-13,22:01:00,2,peotv,2 + peotv
2026-05-13 22:01:00,S,2.0,peotv,S21,NO,NO,NO,NO,True,5171.04,S2,YES,NO,0,0,248,,0,False,False,True,True,False,2026-05-13,22:01:00,2,peotv,2 + peotv
2026-05-13 22:01:00,S,2.0,peotv,S211,NO,YES,NO,NO,True,18797.1,S2,YES,YES,745,119,978,,864,False,False,False,False,True,2026-05-13,22:01:00,2,peotv,2 + peotv
2026-05-13 22:01:00,S,3.0,,S3,NO,NO,NO,NO,True,5795.56,S3,YES,NO,0,0,669,,0,False,False,False,False,True,2026-05-13,22:01:00,3,Null,3 + Null
2026-05-13 22:00:00,S,3.0,,S3,NO,NO,NO,NO,True,3310.6,S3,NO,NO,0,0,67,,0,True,True,True,True,False,2026-05-13,22:00:00,3,Null,3 + Null
2026-05-13 22:00:00,S,4.0,extragb,S41t,NO,NO,NO,NO,True,-60.75,S41,YES,NO,0,0,201,,0,False,False,True,True,False,2026-05-13,22:00:00,4,extragb,4 + extragb
2026-05-13 22:00:00,E,2.0,peotv,E21,NO,NO,NO,NO,True,7436.57,E2,YES,NO,0,0,197,,0,False,True,True,True,False,2026-05-13,22:00:00,2,peotv,2 + peotv
2026-05-13 22:00:00,E,7.0,,E7,NO,NO,NO,NO,True,0.0,E7,YES,NO,0,0,296,,0,False,False,True,True,False,2026-05-13,22:00:00,7,Null,7 + Null
2026-05-13 22:00:00,S,4.0,extragb,S411,NO,NO,NO,NO,True,11707.6,S41,YES,NO,0,0,457,,0,False,False,False,True,False,2026-05-13,22:00:00,4,extragb,4 + extragb
2026-05-13 22:00:00,S,3.0,,S3,NO,NO,NO,NO,True,10244.13,S3,NO,NO,0,0,81,,0,True,True,True,True,False,2026-05-13,22:00:00,3,Null,3 + Null
2026-05-13 22:00:00,S,,,S,NO,NO,NO,NO,False,,,NO,NO,0,0,26,,0,True,True,True,True,False,2026-05-13,22:00:00,Null,Null,Null + Null
2026-05-13 22:00:00,E,3.0,,E3,NO,NO,NO,NO,True,5643.38,E3,NO,NO,0,0,90,,0,True,True,True,True,False,2026-05-13,22:00:00,3,Null,3 + Null
2026-05-13 22:00:00,S,4.0,extragb,S411,NO,NO,NO,NO,True,6617.36,S41,YES,NO,0,0,434,,0,False,False,False,True,False,2026-05-13,22:00:00,4,extragb,4 + extragb
2026-05-13 22:00:00,S,2.0,peotv,S21,NO,NO,NO,NO,True,0.0,S2,YES,NO,0,0,573,,0,False,False,False,False,True,2026-05-13,22:00:00,2,peotv,2 + peotv
2026-05-13 22:00:00,S,2.0,peotv,S21,NO,YES,NO,NO,True,0.34,S2,YES,NO,0,0,115,,0,False,True,True,True,False,2026-05-13,22:00:00,2,peotv,2 + peotv
2026-05-13 22:00:00,S,,,S,NO,NO,NO,NO,False,,,NO,NO,0,0,27,,0,True,True,True,True,False,2026-05-13,22:00:00,Null,Null,Null + Null
2026-05-13 22:00:00,S,,,S,NO,NO,NO,NO,False,,,NO,NO,0,0,186,,0,False,True,True,True,False,2026-05-13,22:00:00,Null,Null,Null + Null
2026-05-13 22:00:00,S,4.0,extragb,S4112,NO,NO,NO,NO,True,268.4,S41,NO,NO,0,0,38,,0,True,True,True,True,False,2026-05-13,22:00:00,4,extragb,4 + extragb
2026-05-13 22:00:00,S,2.0,peotv,S211,NO,YES,NO,NO,True,5921.54,S2,YES,NO,0,0,843,,0,False,False,False,False,True,2026-05-13,22:00:00,2,peotv,2 + peotv
2026-05-13 22:00:00,S,7.0,,S7,NO,NO,NO,NO,True,5294.77,S7,YES,YES,861,0,960,,861,False,False,False,False,True,2026-05-13,22:00:00,7,Null,7 + Null
2026-05-13 22:00:00,S,1.0,,MOBITEL_S1,NO,NO,NO,NO,True,750.07,S1,YES,NO,0,0,276,,0,False,False,True,True,False,2026-05-13,22:00:00,1,Null,1 + Null
2026-05-13 22:00:00,S,,,S,NO,NO,NO,NO,False,,,NO,NO,0,0,339,,0,False,False,False,True,False,2026-05-13,22:00:00,Null,Null,Null + Null
2026-05-13 22:00:00,S,1.0,,S1,NO,NO,NO,NO,True,-29.8,S1,YES,NO,0,0,330,,0,False,False,False,True,False,2026-05-13,22:00:00,1,Null,1 + Null
2026-05-13 22:00:00,S,,,S,NO,NO,NO,NO,False,,,NO,NO,0,0,25,,0,True,True,True,True,False,2026-05-13,22:00:00,Null,Null,Null + Null
2026-05-13 22:00:00,S,7.0,,S7,NO,NO,NO,NO,True,5826.75,S7,YES,YES,709,172,969,,881,False,False,False,False,True,2026-05-13,22:00:00,7,Null,7 + Null
2026-05-13 22:00:00,S,7.0,,S7,NO,NO,NO,NO,True,-13.92,S7,YES,YES,752,100,957,,852,False,False,False,False,True,2026-05-13,22:00:00,7,Null,7 + Null
2026-05-13 22:00:00,S,2.0,peotv,S21,NO,YES,NO,NO,True,-5000.24,S2,YES,YES,764,28,859,,792,False,False,False,False,True,2026-05-13,22:00:00,2,peotv,2 + peotv
2026-05-13 22:00:00,S,3.0,,S3,NO,NO,NO,NO,True,21080.69,S3,NO,NO,0,0,78,,0,True,True,True,True,False,2026-05-13,22:00:00,3,Null,3 + Null
2026-05-13 22:00:00,S,7.0,,S7,NO,NO,NO,NO,True,2022.11,S7,YES,NO,0,0,274,,0,False,False,True,True,False,2026-05-13,22:00:00,7,Null,7 + Null
2026-05-13 22:00:00,S,2.0,peotv,S211,NO,YES,NO,NO,True,9404.54,S2,YES,NO,0,0,655,,0,False,False,False,False,True,2026-05-13,22:00:00,2,peotv,2 + peotv
2026-05-13 22:00:00,S,2.0,peotv,S21,NO,YES,NO,NO,True,-188.96,S2,YES,NO,0,0,230,,0,False,False,True,True,False,2026-05-13,22:00:00,2,peotv,2 + peotv
2026-05-13 22:00:00,S,3.0,,S3,NO,NO,NO,NO,True,5634.58,S3,YES,YES,765,44,909,,809,False,False,False,False,True,2026-05-13,22:00:00,3,Null,3 + Null
2026-05-13 22:00:00,S,1.0,,MOBITEL_SLty1,NO,NO,NO,NO,False,,S1,YES,NO,0,0,384,,0,False,False,False,True,False,2026-05-13,22:00:00,1,Null,1 + Null
2026-05-13 22:00:00,S,,,S,NO,NO,NO,NO,False,,,NO,NO,0,0,455,,0,False,False,False,True,False,2026-05-13,22:00:00,Null,Null,Null + Null
2026-05-13 22:00:00,S,2.0,peotv,S21,NO,NO,NO,NO,True,2212.22,S2,YES,NO,0,0,570,,0,False,False,False,False,True,2026-05-13,22:00:00,2,peotv,2 + peotv
2026-05-13 22:00:00,S,2.0,peotv,S21,NO,NO,NO,NO,True,13045.31,S2,YES,NO,0,0,246,,0,False,False,True,True,False,2026-05-13,22:00:00,2,peotv,2 + peotv
2026-05-13 22:00:00,S,2.0,peotv,S21,NO,YES,NO,NO,True,-129.24,S2,YES,YES,704,165,946,,869,False,False,False,False,True,2026-05-13,22:00:00,2,peotv,2 + peotv
2026-05-13 22:00:00,S,,,S,NO,NO,NO,NO,False,,,NO,NO,0,0,45,,0,True,True,True,True,False,2026-05-13,22:00:00,Null,Null,Null + Null
2026-05-13 22:00:00,S,4.0,extragb,S4111,NO,NO,NO,YES,True,14231.78,S41,NO,NO,0,0,81,,0,True,True,True,True,False,2026-05-13,22:00:00,4,extragb,4 + extragb
2026-05-13 22:00:00,S,2.0,peotv,S21,NO,NO,NO,NO,True,-264.54,S2,YES,NO,0,0,252,,0,False,False,True,True,False,2026-05-13,22:00:00,2,peotv,2 + peotv
2026-05-13 22:00:00,S,7.0,,S7,NO,NO,NO,NO,True,11335.24,S7,YES,NO,0,0,632,,0,False,False,False,False,True,2026-05-13,22:00:00,7,Null,7 + Null
2026-05-13 22:00:00,S,,,S,NO,NO,NO,NO,False,,,NO,NO,0,0,24,,0,True,True,True,True,False,2026-05-13,22:00:00,Null,Null,Null + Null
2026-05-13 22:00:00,S,2.0,peotv,S21,NO,YES,NO,NO,True,-3.04,S2,YES,NO,0,0,313,,0,False,False,False,True,False,2026-05-13,22:00:00,2,peotv,2 + peotv
2026-05-13 22:00:00,S,2.0,peotv,S211,NO,YES,NO,NO,True,2093.04,S2,YES,YES,743,63,885,,806,False,False,False,False,True,2026-05-13,22:00:00,2,peotv,2 + peotv
2026-05-13 22:00:00,S,4.0,extragb,S411,NO,NO,NO,NO,True,4129.59,S41,YES,NO,0,0,125,,0,False,True,True,True,False,2026-05-13,22:00:00,4,extragb,4 + extragb
2026-05-13 22:00:00,S,3.0,,S3,NO,NO,NO,NO,True,7980.52,S3,NO,NO,0,0,91,,0,True,True,True,True,False,2026-05-13,22:00:00,3,Null,3 + Null
2026-05-13 22:00:00,S,2.0,peotv,S211,NO,YES,NO,NO,True,4278.44,S2,YES,NO,0,0,625,,0,False,False,False,False,True,2026-05-13,22:00:00,2,peotv,2 + peotv
2026-05-13 22:00:00,S,2.0,peotv,S21,NO,NO,NO,NO,True,807.78,S2,YES,NO,0,0,478,,0,False,False,False,True,False,2026-05-13,22:00:00,2,peotv,2 + peotv
2026-05-13 22:00:00,S,2.0,peotv,S21,NO,NO,NO,NO,True,4319.87,S2,YES,NO,0,0,320,,0,False,False,False,True,False,2026-05-13,22:00:00,2,peotv,2 + peotv
2026-05-13 22:00:00,S,2.0,peotv,S211,NO,YES,NO,NO,True,3715.07,S2,YES,NO,0,0,616,,0,False,False,False,False,True,2026-05-13,22:00:00,2,peotv,2 + peotv
2026-05-13 22:00:00,S,2.0,peotv,S21,NO,NO,NO,NO,True,-14.53,S2,YES,NO,0,0,168,,0,False,True,True,True,False,2026-05-13,22:00:00,2,peotv,2 + peotv
2026-05-13 22:00:00,S,3.0,,S3,NO,NO,NO,NO,True,794.43,S3,NO,NO,0,0,112,,0,False,True,True,True,False,2026-05-13,22:00:00,3,Null,3 + Null
2026-05-13 22:00:00,S,3.0,,S3,NO,NO,NO,NO,True,3438.61,S3,NO,NO,0,0,35,,0,True,True,True,True,False,2026-05-13,22:00:00,3,Null,3 + Null
2026-05-13 22:00:00,S,4.0,extragb,S411,NO,NO,NO,NO,True,8390.82,S41,YES,NO,0,0,308,,0,False,False,False,True,False,2026-05-13,22:00:00,4,extragb,4 + extragb
2026-05-13 22:00:00,S,,,S,NO,NO,NO,NO,False,,,NO,NO,0,0,54,,0,True,True,True,True,False,2026-05-13,22:00:00,Null,Null,Null + Null
2026-05-13 22:00:00,S,3.0,,S3,NO,NO,NO,NO,True,-0.67,S3,YES,YES,721,110,920,,831,False,False,False,False,True,2026-05-13,22:00:00,3,Null,3 + Null
2026-05-13 22:00:00,S,1.0,,S1,NO,NO,NO,NO,True,3245.5,S1,YES,NO,0,0,374,,0,False,False,False,True,False,2026-05-13,22:00:00,1,Null,1 + Null
2026-05-13 22:00:00,S,4.0,extragb,S411,NO,NO,NO,NO,True,7876.33,S41,NO,NO,0,0,17,,0,True,True,True,True,False,2026-05-13,22:00:00,4,extragb,4 + extragb
2026-05-13 22:00:00,S,2.0,peotv,S21,NO,NO,NO,NO,True,4601.96,S2,YES,NO,0,0,516,,0,False,False,False,False,True,2026-05-13,22:00:00,2,peotv,2 + peotv
2026-05-13 22:00:00,S,2.0,peotv,S21,NO,NO,NO,NO,True,2597.35,S2,YES,NO,0,0,521,,0,False,False,False,False,True,2026-05-13,22:00:00,2,peotv,2 + peotv
2026-05-13 22:00:00,S,2.0,peotv,S21,NO,NO,NO,NO,True,2184.96,S2,YES,NO,0,0,362,,0,False,False,False,True,False,2026-05-13,22:00:00,2,peotv,2 + peotv
2026-05-13 21:59:00,S,7.0,,S7,NO,NO,NO,NO,True,6012.14,S7,YES,YES,743,69,933,,812,False,False,False,False,True,2026-05-13,21:59:00,7,Null,7 + Null
2026-05-13 21:59:00,S,7.0,,S7,NO,NO,NO,NO,True,11568.52,S7,YES,NO,0,0,74,,0,True,True,True,True,False,2026-05-13,21:59:00,7,Null,7 + Null
2026-05-13 21:59:00,S,3.0,,S3,NO,NO,NO,NO,True,-167.23,S3,YES,YES,746,52,853,,798,False,False,False,False,True,2026-05-13,21:59:00,3,Null,3 + Null
2026-05-13 21:59:00,S,4.0,extragb,S4112,NO,NO,NO,NO,True,3640.62,S41,NO,NO,0,0,54,,0,True,True,True,True,False,2026-05-13,21:59:00,4,extragb,4 + extragb
2026-05-13 21:59:00,S,3.0,,S3,NO,NO,NO,NO,True,4012.29,S3,YES,YES,628,340,1076,,968,False,False,False,False,True,2026-05-13,21:59:00,3,Null,3 + Null
2026-05-13 21:59:00,S,,,S,NO,NO,NO,NO,False,,,NO,NO,0,0,23,,0,True,True,True,True,False,2026-05-13,21:59:00,Null,Null,Null + Null
2026-05-13 21:59:00,S,1.0,,SLty1,NO,NO,NO,NO,False,,S1,YES,NO,0,0,241,,0,False,False,True,True,False,2026-05-13,21:59:00,1,Null,1 + Null
2026-05-13 21:59:00,S,,,S,NO,NO,NO,NO,True,2047.79,,NO,NO,0,0,149,,0,False,True,True,True,False,2026-05-13,21:59:00,Null,Null,Null + Null
2026-05-13 21:59:00,S,2.0,peotv,S211,NO,YES,NO,NO,True,4927.02,S2,YES,NO,0,0,453,,0,False,False,False,True,False,2026-05-13,21:59:00,2,peotv,2 + peotv
2026-05-13 21:59:00,S,2.0,peotv,S21,NO,NO,NO,NO,True,6871.55,S2,YES,NO,0,0,138,,0,False,True,True,True,False,2026-05-13,21:59:00,2,peotv,2 + peotv
2026-05-13 21:59:00,T,2.0,peotv,T21,NO,NO,NO,NO,True,3706.73,T2,YES,NO,0,0,96,,0,True,True,True,True,False,2026-05-13,21:59:00,2,peotv,2 + peotv
2026-05-13 21:59:00,S,4.0,extragb,S4111,NO,NO,NO,YES,True,10.76,S41,NO,NO,0,0,30,,0,True,True,True,True,False,2026-05-13,21:59:00,4,extragb,4 + extragb
2026-05-13 21:59:00,S,7.0,,S7,NO,NO,NO,NO,True,0.0,S7,YES,NO,0,0,434,,0,False,False,False,True,False,2026-05-13,21:59:00,7,Null,7 + Null
2026-05-13 21:59:00,S,2.0,peotv,S21,NO,YES,NO,NO,True,1074.37,S2,YES,YES,721,91,862,,812,False,False,False,False,True,2026-05-13,21:59:00,2,peotv,2 + peotv
2026-05-13 21:59:00,S,2.0,peotv,S21,NO,NO,NO,NO,True,6321.94,S2,YES,NO,0,0,624,,0,False,False,False,False,True,2026-05-13,21:59:00,2,peotv,2 + peotv
2026-05-13 21:59:00,E,3.0,,E3,NO,NO,NO,NO,True,6142.97,E3,YES,NO,0,0,208,,0,False,False,True,True,False,2026-05-13,21:59:00,3,Null,3 + Null
2026-05-13 21:59:00,S,3.0,,S3,NO,NO,NO,NO,True,9800.71,S3,NO,NO,0,0,73,,0,True,True,True,True,False,2026-05-13,21:59:00,3,Null,3 + Null
2026-05-13 21:59:00,S,4.0,extragb,S41t,NO,NO,NO,NO,True,3310.6,S41,NO,NO,0,0,41,,0,True,True,True,True,False,2026-05-13,21:59:00,4,extragb,4 + extragb
2026-05-13 21:59:00,S,,,S,NO,NO,NO,NO,False,,,NO,NO,0,0,22,,0,True,True,True,True,False,2026-05-13,21:59:00,Null,Null,Null + Null
2026-05-13 21:59:00,S,2.0,peotv,S21,NO,NO,NO,NO,True,2816.17,S2,YES,YES,670,179,929,,849,False,False,False,False,True,2026-05-13,21:59:00,2,peotv,2 + peotv
2026-05-13 21:59:00,S,2.0,peotv,S21,NO,YES,NO,NO,True,1706.8,S2,YES,NO,0,0,573,,0,False,False,False,False,True,2026-05-13,21:59:00,2,peotv,2 + peotv
2026-05-13 21:59:00,S,,,S,NO,NO,NO,NO,False,,,NO,NO,0,0,97,,0,True,True,True,True,False,2026-05-13,21:59:00,Null,Null,Null + Null
2026-05-13 21:59:00,S,2.0,peotv,S21,NO,NO,NO,NO,True,-12478.09,S2,YES,NO,0,0,129,,0,False,True,True,True,False,2026-05-13,21:59:00,2,peotv,2 + peotv
2026-05-13 21:59:00,S,2.0,peotv,S21,NO,YES,NO,NO,True,-24.24,S2,YES,NO,0,0,167,,0,False,True,True,True,False,2026-05-13,21:59:00,2,peotv,2 + peotv
2026-05-13 21:59:00,S,2.0,peotv,S21,NO,NO,NO,NO,True,0.0,S2,YES,NO,0,0,365,,0,False,False,False,True,False,2026-05-13,21:59:00,2,peotv,2 + peotv
2026-05-13 21:59:00,S,2.0,peotv,S21,NO,NO,NO,NO,True,-5844.95,S2,YES,YES,747,45,847,,792,False,False,False,False,True,2026-05-13,21:59:00,2,peotv,2 + peotv
2026-05-13 21:59:00,S,2.0,peotv,S21,NO,YES,NO,NO,True,-68.01,S2,YES,NO,0,0,643,,0,False,False,False,False,True,2026-05-13,21:59:00,2,peotv,2 + peotv
2026-05-13 21:59:00,S,3.0,,S3,NO,NO,NO,NO,True,22439.85,S3,NO,NO,0,0,53,,0,True,True,True,True,False,2026-05-13,21:59:00,3,Null,3 + Null
2026-05-13 21:59:00,S,2.0,peotv,S21,NO,NO,NO,NO,True,2024.97,S2,YES,NO,0,0,438,,0,False,False,False,True,False,2026-05-13,21:59:00,2,peotv,2 + peotv
2026-05-13 21:59:00,S,3.0,,S3,NO,NO,NO,NO,True,1803.42,S3,YES,NO,0,0,558,,0,False,False,False,False,True,2026-05-13,21:59:00,3,Null,3 + Null
2026-05-13 21:59:00,S,2.0,peotv,S21,NO,NO,NO,NO,True,2252.28,S2,YES,YES,679,187,940,,866,False,False,False,False,True,2026-05-13,21:59:00,2,peotv,2 + peotv
2026-05-13 21:59:00,S,3.0,,S3,NO,NO,NO,NO,True,2604.22,S3,NO,NO,0,0,111,,0,False,True,True,True,False,2026-05-13,21:59:00,3,Null,3 + Null
2026-05-13 21:59:00,S,2.0,peotv,S211,NO,YES,NO,NO,True,3015.96,S2,YES,YES,712,87,876,,799,False,False,False,False,True,2026-05-13,21:59:00,2,peotv,2 + peotv
2026-05-13 21:59:00,S,2.0,peotv,S211,NO,YES,NO,NO,True,8973.71,S2,YES,NO,0,0,246,,0,False,False,True,True,False,2026-05-13,21:59:00,2,peotv,2 + peotv
2026-05-13 21:59:00,E,7.0,,E7,NO,NO,NO,NO,True,10112.03,E7,YES,NO,0,0,242,,0,False,False,True,True,False,2026-05-13,21:59:00,7,Null,7 + Null
2026-05-13 21:59:00,S,3.0,,S3,NO,NO,NO,NO,True,7463.79,S3,NO,NO,0,0,159,,0,False,True,True,True,False,2026-05-13,21:59:00,3,Null,3 + Null
2026-05-13 21:59:00,S,,,S,NO,NO,NO,NO,False,,,NO,NO,0,0,25,,0,True,True,True,True,False,2026-05-13,21:59:00,Null,Null,Null + Null
2026-05-13 21:59:00,S,7.0,,S7,NO,NO,NO,NO,True,7086.18,S7,YES,NO,0,0,424,,0,False,False,False,True,False,2026-05-13,21:59:00,7,Null,7 + Null
2026-05-13 21:59:00,S,2.0,peotv,S21,NO,NO,NO,NO,True,4439.45,S2,YES,NO,0,0,367,,0,False,False,False,True,False,2026-05-13,21:59:00,2,peotv,2 + peotv
2026-05-13 21:59:00,S,7.0,,S7,NO,NO,NO,NO,True,0.0,S7,YES,NO,0,0,206,,0,False,False,True,True,False,2026-05-13,21:59:00,7,Null,7 + Null
2026-05-13 21:59:00,S,2.0,peotv,S21,NO,NO,NO,NO,True,-0.18,S2,YES,YES,686,191,933,,877,False,False,False,False,True,2026-05-13,21:59:00,2,peotv,2 + peotv
2026-05-13 21:59:00,S,2.0,broadband,S22,NO,NO,NO,NO,True,2205.74,S2,YES,NO,0,0,429,,0,False,False,False,True,False,2026-05-13,21:59:00,2,broadband,2 + broadband
2026-05-13 21:59:00,S,2.0,peotv,S21,NO,YES,NO,NO,True,1182.34,S2,YES,NO,0,0,353,,0,False,False,False,True,False,2026-05-13,21:59:00,2,peotv,2 + peotv
2026-05-13 21:59:00,S,1.0,,MOBITEL_SLty1,NO,NO,NO,NO,False,,S1,YES,NO,0,0,280,,0,False,False,True,True,False,2026-05-13,21:59:00,1,Null,1 + Null
2026-05-13 21:59:00,S,,,S,NO,NO,NO,NO,False,,,NO,NO,0,0,32,,0,True,True,True,True,False,2026-05-13,21:59:00,Null,Null,Null + Null
2026-05-13 21:59:00,S,2.0,peotv,S21,NO,NO,NO,NO,True,1971.02,S2,YES,NO,0,0,869,,0,False,False,False,False,True,2026-05-13,21:59:00,2,peotv,2 + peotv
2026-05-13 21:59:00,T,4.0,extragb,T41t,NO,NO,NO,NO,True,4880.23,T41,YES,NO,0,0,334,,0,False,False,False,True,False,2026-05-13,21:59:00,4,extragb,4 + extragb
2026-05-13 21:59:00,S,4.0,extragb,S4112,NO,NO,NO,NO,True,-2746.84,S41,NO,NO,0,0,40,,0,True,True,True,True,False,2026-05-13,21:59:00,4,extragb,4 + extragb
2026-05-13 21:59:00,S,3.0,,S3,NO,NO,NO,NO,True,12629.96,S3,NO,NO,0,0,56,,0,True,True,True,True,False,2026-05-13,21:59:00,3,Null,3 + Null
2026-05-13 21:59:00,S,4.0,extragb,S411121,NO,NO,NO,YES,True,18341.58,S41,NO,NO,0,0,130,,0,False,True,True,True,False,2026-05-13,21:59:00,4,extragb,4 + extragb
2026-05-13 21:59:00,S,2.0,peotv,S21,NO,NO,NO,NO,True,4905.7,S2,YES,NO,0,0,224,,0,False,False,True,True,False,2026-05-13,21:59:00,2,peotv,2 + peotv
2026-05-13 21:59:00,S,3.0,,S3,NO,NO,NO,NO,True,9857.86,S3,YES,YES,714,72,843,,786,False,False,False,False,True,2026-05-13,21:59:00,3,Null,3 + Null
2026-05-13 21:59:00,S,,,S,NO,NO,NO,NO,False,,,NO,NO,0,0,24,,0,True,True,True,True,False,2026-05-13,21:59:00,Null,Null,Null + Null
2026-05-13 21:59:00,S,2.0,peotv,S21,NO,YES,NO,NO,True,-238.74,S2,YES,NO,0,0,369,,0,False,False,False,True,False,2026-05-13,21:59:00,2,peotv,2 + peotv
2026-05-13 21:59:00,S,2.0,peotv,S211,NO,YES,NO,NO,True,3863.01,S2,YES,NO,0,0,354,,0,False,False,False,True,False,2026-05-13,21:59:00,2,peotv,2 + peotv
2026-05-13 21:59:00,S,2.0,peotv,S21,NO,NO,NO,NO,True,-40.37,S2,YES,YES,699,95,881,,794,False,False,False,False,True,2026-05-13,21:59:00,2,peotv,2 + peotv
2026-05-13 21:59:00,S,3.0,,S3,NO,NO,NO,NO,True,1771.38,S3,NO,NO,0,0,59,,0,True,True,True,True,False,2026-05-13,21:59:00,3,Null,3 + Null
2026-05-13 21:59:00,S,2.0,peotv,S21,NO,NO,NO,NO,True,6054.27,S2,YES,NO,0,0,300,,0,False,False,False,True,False,2026-05-13,21:59:00,2,peotv,2 + peotv
2026-05-13 21:59:00,S,,,MOBITEL_S,NO,NO,NO,NO,True,3206.16,,NO,NO,0,0,12,,0,True,True,True,True,False,2026-05-13,21:59:00,Null,Null,Null + Null
2026-05-13 21:59:00,S,,,S,NO,NO,NO,NO,False,,,NO,NO,0,0,83,,0,True,True,True,True,False,2026-05-13,21:59:00,Null,Null,Null + Null
2026-05-13 21:59:00,S,2.0,other,S24,NO,NO,NO,NO,True,-0.99,S2,YES,NO,0,0,438,,0,False,False,False,True,False,2026-05-13,21:59:00,2,other,2 + other
2026-05-13 21:59:00,S,3.0,,S3,NO,NO,NO,NO,True,2560.73,S3,NO,NO,0,0,78,,0,True,True,True,True,False,2026-05-13,21:59:00,3,Null,3 + Null
2026-05-13 21:59:00,S,7.0,,S7,NO,NO,NO,NO,True,16.97,S7,YES,NO,0,0,348,,0,False,False,False,True,False,2026-05-13,21:59:00,7,Null,7 + Null
2026-05-13 21:59:00,S,4.0,extragb,S4111,NO,NO,NO,YES,True,1756.43,S41,NO,NO,0,0,87,,0,True,True,True,True,False,2026-05-13,21:59:00,4,extragb,4 + extragb
2026-05-13 21:59:00,E,,,E,NO,NO,NO,NO,False,,,NO,NO,0,0,60,,0,True,True,True,True,False,2026-05-13,21:59:00,Null,Null,Null + Null
2026-05-13 21:59:00,S,2.0,peotv,S21,NO,NO,NO,NO,True,-472.74,S2,YES,NO,0,0,226,,0,False,False,True,True,False,2026-05-13,21:59:00,2,peotv,2 + peotv
2026-05-13 21:59:00,S,3.0,,S3,NO,NO,NO,NO,True,-96.49,S3,YES,NO,0,0,769,,0,False,False,False,False,True,2026-05-13,21:59:00,3,Null,3 + Null
2026-05-13 21:59:00,S,1.0,,MOBITEL_S1,NO,NO,NO,NO,True,-109.99,S1,YES,NO,0,0,338,,0,False,False,False,True,False,2026-05-13,21:59:00,1,Null,1 + Null
2026-05-13 21:59:00,S,,,S,NO,NO,NO,NO,False,,,NO,NO,0,0,389,,0,False,False,False,True,False,2026-05-13,21:59:00,Null,Null,Null + Null
2026-05-13 21:59:00,S,2.0,peotv,S21,NO,NO,NO,NO,True,8923.09,S2,YES,NO,0,0,526,,0,False,False,False,False,True,2026-05-13,21:59:00,2,peotv,2 + peotv
2026-05-13 21:59:00,S,,,S,NO,NO,NO,NO,False,,,NO,NO,0,0,20,,0,True,True,True,True,False,2026-05-13,21:59:00,Null,Null,Null + Null
2026-05-13 21:59:00,S,2.0,peotv,S21,NO,YES,NO,NO,True,-116.19,S2,YES,YES,694,181,944,,875,False,False,False,False,True,2026-05-13,21:59:00,2,peotv,2 + peotv
2026-05-13 21:59:00,S,2.0,peotv,S211,NO,YES,NO,NO,True,5889.32,S2,YES,NO,0,0,491,,0,False,False,False,True,False,2026-05-13,21:59:00,2,peotv,2 + peotv
2026-05-13 21:59:00,S,7.0,,S7,NO,NO,NO,NO,True,5277.47,S7,YES,YES,688,160,945,,848,False,False,False,False,True,2026-05-13,21:59:00,7,Null,7 + Null
2026-05-13 21:58:00,S,,,S,NO,NO,NO,NO,True,3640.62,,NO,NO,0,0,25,,0,True,True,True,True,False,2026-05-13,21:58:00,Null,Null,Null + Null
2026-05-13 21:58:00,S,,,S,NO,NO,NO,NO,False,,,NO,NO,0,0,20,,0,True,True,True,True,False,2026-05-13,21:58:00,Null,Null,Null + Null
2026-05-13 21:58:00,S,3.0,,S3,NO,NO,NO,NO,True,7615.4,S3,YES,YES,714,50,865,,764,False,False,False,False,True,2026-05-13,21:58:00,3,Null,3 + Null
2026-05-13 21:58:00,S,4.0,extragb,S4111,NO,NO,NO,YES,True,7000.04,S41,NO,NO,0,0,47,,0,True,True,True,True,False,2026-05-13,21:58:00,4,extragb,4 + extragb
2026-05-13 21:58:00,S,2.0,peotv,S211,NO,YES,NO,NO,True,5240.53,S2,YES,YES,692,149,916,,841,False,False,False,False,True,2026-05-13,21:58:00,2,peotv,2 + peotv
2026-05-13 21:58:00,S,2.0,peotv,S21,NO,NO,NO,NO,True,61.59,S2,YES,NO,0,0,94,,0,True,True,True,True,False,2026-05-13,21:58:00,2,peotv,2 + peotv
2026-05-13 21:58:00,S,2.0,peotv,S21,NO,YES,NO,NO,True,1521.92,S2,YES,YES,698,78,851,,776,False,False,False,False,True,2026-05-13,21:58:00,2,peotv,2 + peotv
2026-05-13 21:58:00,S,2.0,peotv,S21,NO,NO,NO,NO,True,6111.96,S2,YES,NO,0,0,582,,0,False,False,False,False,True,2026-05-13,21:58:00,2,peotv,2 + peotv
2026-05-13 21:58:00,S,2.0,other,S24,NO,NO,NO,NO,True,0.0,S2,YES,YES,710,268,1054,,978,False,False,False,False,True,2026-05-13,21:58:00,2,other,2 + other
2026-05-13 21:58:00,S,2.0,peotv,S21,NO,YES,NO,NO,True,-689.59,S2,YES,NO,0,0,225,,0,False,False,True,True,False,2026-05-13,21:58:00,2,peotv,2 + peotv
2026-05-13 21:58:00,S,2.0,voice,S23,NO,NO,NO,NO,True,557.03,S2,NO,NO,0,0,114,,0,False,True,True,True,False,2026-05-13,21:58:00,2,voice,2 + voice
2026-05-13 21:58:00,S,,,S,NO,NO,NO,NO,False,,,NO,NO,0,0,34,,0,True,True,True,True,False,2026-05-13,21:58:00,Null,Null,Null + Null
2026-05-13 21:58:00,S,,,S,NO,NO,NO,NO,False,,,NO,NO,0,0,23,,0,True,True,True,True,False,2026-05-13,21:58:00,Null,Null,Null + Null
2026-05-13 21:58:00,S,2.0,peotv,S211,NO,YES,NO,NO,True,6492.14,S2,YES,YES,712,43,856,,755,False,False,False,False,True,2026-05-13,21:58:00,2,peotv,2 + peotv
2026-05-13 21:58:00,S,3.0,,S3,NO,NO,NO,NO,True,-89.13,S3,NO,NO,0,0,87,,0,True,True,True,True,False,2026-05-13,21:58:00,3,Null,3 + Null
2026-05-13 21:58:00,S,2.0,peotv,S21,NO,NO,NO,NO,True,4695.79,S2,YES,NO,0,0,390,,0,False,False,False,True,False,2026-05-13,21:58:00,2,peotv,2 + peotv
2026-05-13 21:58:00,S,3.0,,S3,NO,NO,NO,NO,True,7024.32,S3,YES,YES,700,70,844,,770,False,False,False,False,True,2026-05-13,21:58:00,3,Null,3 + Null
2026-05-13 21:58:00,S,2.0,peotv,S21,NO,NO,NO,NO,True,9638.32,S2,YES,YES,716,43,816,,759,False,False,False,False,True,2026-05-13,21:58:00,2,peotv,2 + peotv
2026-05-13 21:58:00,S,2.0,peotv,S21,NO,YES,NO,NO,True,-79.78,S2,YES,NO,0,0,144,,0,False,True,True,True,False,2026-05-13,21:58:00,2,peotv,2 + peotv
2026-05-13 21:58:00,S,4.0,extragb,S41i,NO,NO,NO,NO,True,22439.85,S41,NO,NO,0,0,31,,0,True,True,True,True,False,2026-05-13,21:58:00,4,extragb,4 + extragb
2026-05-13 21:58:00,S,3.0,,S3,NO,NO,NO,NO,True,4197.06,S3,YES,NO,0,0,376,,0,False,False,False,True,False,2026-05-13,21:58:00,3,Null,3 + Null
2026-05-13 21:58:00,S,7.0,,S7,NO,NO,NO,NO,True,0.0,S7,YES,NO,0,0,645,,0,False,False,False,False,True,2026-05-13,21:58:00,7,Null,7 + Null
2026-05-13 21:58:00,S,,,S,NO,NO,NO,NO,False,,,NO,NO,0,0,27,,0,True,True,True,True,False,2026-05-13,21:58:00,Null,Null,Null + Null
2026-05-13 21:58:00,S,2.0,peotv,S21,NO,NO,NO,NO,True,3968.56,S2,YES,NO,0,0,294,,0,False,False,True,True,False,2026-05-13,21:58:00,2,peotv,2 + peotv
2026-05-13 21:58:00,T,4.0,extragb,T4112,NO,NO,NO,NO,True,8126.14,T41,NO,NO,0,0,70,,0,True,True,True,True,False,2026-05-13,21:58:00,4,extragb,4 + extragb
2026-05-13 21:58:00,S,2.0,peotv,S211,NO,YES,NO,NO,True,6051.74,S2,YES,YES,697,148,932,,845,False,False,False,False,True,2026-05-13,21:58:00,2,peotv,2 + peotv
2026-05-13 21:58:00,S,2.0,peotv,S21,NO,NO,NO,NO,True,4671.67,S2,YES,NO,0,0,289,,0,False,False,True,True,False,2026-05-13,21:58:00,2,peotv,2 + peotv
2026-05-13 21:58:00,S,,,S,NO,NO,NO,NO,False,,ING_SINHALA,YES,NO,0,0,102,,0,False,True,True,True,False,2026-05-13,21:58:00,Null,Null,Null + Null
2026-05-13 21:58:00,S,4.0,extragb,S4111,NO,NO,NO,NO,True,0.0,S41,NO,NO,0,0,74,,0,True,True,True,True,False,2026-05-13,21:58:00,4,extragb,4 + extragb
2026-05-13 21:58:00,S,2.0,peotv,S21,NO,NO,NO,NO,True,6692.26,S2,YES,NO,0,0,432,,0,False,False,False,True,False,2026-05-13,21:58:00,2,peotv,2 + peotv
2026-05-13 21:58:00,S,2.0,peotv,S21,NO,NO,NO,NO,True,15232.85,S2,YES,NO,0,0,537,,0,False,False,False,False,True,2026-05-13,21:58:00,2,peotv,2 + peotv
2026-05-13 21:58:00,S,2.0,peotv,S211,NO,YES,NO,NO,True,3261.72,S2,YES,NO,0,0,443,,0,False,False,False,True,False,2026-05-13,21:58:00,2,peotv,2 + peotv
2026-05-13 21:58:00,S,7.0,,S7,NO,NO,NO,NO,True,11568.52,S7,YES,NO,0,0,559,,0,False,False,False,False,True,2026-05-13,21:58:00,7,Null,7 + Null
2026-05-13 21:58:00,E,4.0,extragb,E4111,NO,NO,NO,NO,True,4883.54,E41,NO,NO,0,0,64,,0,True,True,True,True,False,2026-05-13,21:58:00,4,extragb,4 + extragb
2026-05-13 21:58:00,S,,,S,NO,NO,NO,NO,True,-4500.0,,NO,NO,0,0,111,,0,False,True,True,True,False,2026-05-13,21:58:00,Null,Null,Null + Null
2026-05-13 21:58:00,S,2.0,peotv,S21,NO,NO,NO,NO,True,2.65,S2,YES,NO,0,0,126,,0,False,True,True,True,False,2026-05-13,21:58:00,2,peotv,2 + peotv
2026-05-13 21:58:00,S,,,S,NO,NO,NO,NO,True,-3.12,,NO,NO,0,0,110,,0,False,True,True,True,False,2026-05-13,21:58:00,Null,Null,Null + Null
2026-05-13 21:58:00,S,,,S,NO,NO,NO,NO,False,,,NO,NO,0,0,22,,0,True,True,True,True,False,2026-05-13,21:58:00,Null,Null,Null + Null
2026-05-13 21:58:00,S,2.0,peotv,MOBITEL_S21,NO,NO,NO,NO,True,4756.55,S2,YES,NO,0,0,643,,0,False,False,False,False,True,2026-05-13,21:58:00,2,peotv,2 + peotv
2026-05-13 21:58:00,S,7.0,,S7,NO,NO,NO,NO,True,6829.95,S7,YES,YES,694,119,920,,813,False,False,False,False,True,2026-05-13,21:58:00,7,Null,7 + Null
2026-05-13 21:58:00,S,2.0,peotv,S211,NO,YES,NO,NO,True,3083.43,S2,YES,YES,688,199,968,,887,False,False,False,False,True,2026-05-13,21:58:00,2,peotv,2 + peotv
2026-05-13 21:58:00,S,4.0,addon,S41211,NO,NO,YES,YES,True,10536.11,S41,NO,NO,0,0,183,,0,False,True,True,True,False,2026-05-13,21:58:00,4,addon,4 + addon
2026-05-13 21:58:00,S,2.0,peotv,S21,NO,YES,NO,NO,True,1251.49,S2,YES,NO,0,0,452,,0,False,False,False,True,False,2026-05-13,21:58:00,2,peotv,2 + peotv
2026-05-13 21:58:00,S,,,S,NO,NO,NO,NO,True,-2746.84,,NO,NO,0,0,19,,0,True,True,True,True,False,2026-05-13,21:58:00,Null,Null,Null + Null
2026-05-13 21:58:00,S,3.0,,S3,NO,NO,NO,NO,True,794.43,S3,YES,NO,0,0,173,,0,False,True,True,True,False,2026-05-13,21:58:00,3,Null,3 + Null
2026-05-13 21:58:00,S,,,S,NO,NO,NO,NO,False,,,NO,NO,0,0,33,,0,True,True,True,True,False,2026-05-13,21:58:00,Null,Null,Null + Null
2026-05-13 21:58:00,S,,,S,NO,NO,NO,NO,False,,,NO,NO,0,0,78,,0,True,True,True,True,False,2026-05-13,21:58:00,Null,Null,Null + Null
2026-05-13 21:58:00,S,1.0,,MOBITEL_SLty1,NO,NO,NO,NO,False,,S1,YES,NO,0,0,659,,0,False,False,False,False,True,2026-05-13,21:58:00,1,Null,1 + Null
2026-05-13 21:58:00,S,2.0,peotv,S21,NO,YES,NO,NO,True,643.54,S2,YES,NO,0,0,86,,0,True,True,True,True,False,2026-05-13,21:58:00,2,peotv,2 + peotv
2026-05-13 21:58:00,S,3.0,,S3,NO,NO,NO,NO,True,3278.81,S3,NO,NO,0,0,88,,0,True,True,True,True,False,2026-05-13,21:58:00,3,Null,3 + Null
2026-05-13 21:58:00,S,2.0,peotv,S21,YES,NO,NO,NO,True,-2748.85,S2,YES,YES,684,201,1024,,885,False,False,False,False,True,2026-05-13,21:58:00,2,peotv,2 + peotv
2026-05-13 21:58:00,S,2.0,peotv,S21,YES,NO,NO,NO,True,-93.53,S2,YES,NO,0,0,443,,0,False,False,False,True,False,2026-05-13,21:58:00,2,peotv,2 + peotv
2026-05-13 21:58:00,S,,,S,NO,NO,NO,NO,False,,,NO,NO,0,0,15,,0,True,True,True,True,False,2026-05-13,21:58:00,Null,Null,Null + Null
2026-05-13 21:58:00,S,,,S,NO,NO,NO,NO,False,,,NO,NO,0,0,29,,0,True,True,True,True,False,2026-05-13,21:58:00,Null,Null,Null + Null
2026-05-13 21:58:00,S,2.0,peotv,S211,NO,YES,NO,NO,True,11134.51,S2,YES,NO,0,0,233,,0,False,False,True,True,False,2026-05-13,21:58:00,2,peotv,2 + peotv
2026-05-13 21:58:00,S,2.0,peotv,S21,NO,NO,NO,NO,True,435.26,S2,YES,YES,706,33,831,,739,False,False,False,False,True,2026-05-13,21:58:00,2,peotv,2 + peotv
2026-05-13 21:58:00,S,7.0,,S7,NO,NO,NO,NO,True,-86.99,S7,YES,YES,685,83,825,,768,False,False,False,False,True,2026-05-13,21:58:00,7,Null,7 + Null
2026-05-13 21:58:00,T,2.0,peotv,T21,NO,NO,NO,NO,True,3706.73,T2,YES,NO,0,0,137,,0,False,True,True,True,False,2026-05-13,21:58:00,2,peotv,2 + peotv
2026-05-13 21:58:00,S,,,S,NO,NO,NO,NO,False,,,NO,NO,0,0,24,,0,True,True,True,True,False,2026-05-13,21:58:00,Null,Null,Null + Null
2026-05-13 21:58:00,S,2.0,other,S2t,NO,NO,NO,NO,True,8246.36,S2,YES,NO,0,0,327,,0,False,False,False,True,False,2026-05-13,21:58:00,2,other,2 + other
2026-05-13 21:58:00,S,7.0,,S7,NO,NO,NO,NO,True,11311.09,S7,YES,NO,0,0,462,,0,False,False,False,True,False,2026-05-13,21:58:00,7,Null,7 + Null
2026-05-13 21:57:00,S,2.0,peotv,S21,NO,NO,NO,NO,True,5052.03,S2,YES,NO,0,0,100,,0,False,True,True,True,False,2026-05-13,21:57:00,2,peotv,2 + peotv
2026-05-13 21:57:00,S,2.0,voice,S23,YES,NO,NO,NO,True,2703.03,S2,NO,NO,0,0,129,,0,False,True,True,True,False,2026-05-13,21:57:00,2,voice,2 + voice
2026-05-13 21:57:00,E,2.0,peotv,E21,NO,NO,NO,NO,True,6620.46,E2,YES,YES,688,286,1015,,974,False,False,False,False,True,2026-05-13,21:57:00,2,peotv,2 + peotv
2026-05-13 21:57:00,S,3.0,,S3,NO,NO,NO,NO,True,735.57,S3,YES,NO,0,0,272,,0,False,False,True,True,False,2026-05-13,21:57:00,3,Null,3 + Null
2026-05-13 21:57:00,S,2.0,other,S2t,NO,NO,NO,NO,True,0.0,S2,YES,NO,0,0,663,,0,False,False,False,False,True,2026-05-13,21:57:00,2,other,2 + other
2026-05-13 21:57:00,S,2.0,peotv,S21,NO,NO,NO,NO,True,5954.86,S2,YES,YES,677,83,828,,760,False,False,False,False,True,2026-05-13,21:57:00,2,peotv,2 + peotv
2026-05-13 21:57:00,S,2.0,peotv,S211,NO,YES,NO,NO,True,2739.11,S2,YES,NO,0,0,227,,0,False,False,True,True,False,2026-05-13,21:57:00,2,peotv,2 + peotv
2026-05-13 21:57:00,S,2.0,peotv,S21,NO,NO,NO,NO,True,-6238.1,S2,YES,NO,0,0,109,,0,False,True,True,True,False,2026-05-13,21:57:00,2,peotv,2 + peotv
2026-05-13 21:57:00,S,2.0,peotv,S21,NO,NO,NO,NO,True,3799.66,S2,YES,YES,687,128,877,,815,False,False,False,False,True,2026-05-13,21:57:00,2,peotv,2 + peotv
2026-05-13 21:57:00,E,,,E,NO,NO,NO,NO,False,,,NO,NO,0,0,26,,0,True,True,True,True,False,2026-05-13,21:57:00,Null,Null,Null + Null
2026-05-13 21:57:00,S,,,S,NO,NO,NO,NO,False,,,NO,NO,0,0,31,,0,True,True,True,True,False,2026-05-13,21:57:00,Null,Null,Null + Null
2026-05-13 21:57:00,S,4.0,extragb,S4111,NO,NO,NO,YES,True,-492.93,S41,NO,NO,0,0,119,,0,False,True,True,True,False,2026-05-13,21:57:00,4,extragb,4 + extragb
2026-05-13 21:57:00,S,7.0,,S7,NO,NO,NO,NO,True,5905.8,S7,YES,NO,0,0,285,,0,False,False,True,True,False,2026-05-13,21:57:00,7,Null,7 + Null
2026-05-13 21:57:00,S,4.0,extragb,S4111,NO,NO,NO,YES,True,5228.31,S41,NO,NO,0,0,118,,0,False,True,True,True,False,2026-05-13,21:57:00,4,extragb,4 + extragb
2026-05-13 21:57:00,S,2.0,peotv,S211,NO,YES,NO,NO,True,5081.41,S2,YES,NO,0,0,153,,0,False,True,True,True,False,2026-05-13,21:57:00,2,peotv,2 + peotv
2026-05-13 21:57:00,S,2.0,peotv,S21,NO,NO,NO,NO,True,0.05,S2,YES,NO,0,0,393,,0,False,False,False,True,False,2026-05-13,21:57:00,2,peotv,2 + peotv
2026-05-13 21:57:00,S,2.0,peotv,S21,NO,NO,NO,NO,True,3793.68,S2,YES,NO,0,0,218,,0,False,False,True,True,False,2026-05-13,21:57:00,2,peotv,2 + peotv
2026-05-13 21:57:00,S,2.0,peotv,S21,NO,NO,NO,NO,True,2166.9,S2,YES,NO,0,0,593,,0,False,False,False,False,True,2026-05-13,21:57:00,2,peotv,2 + peotv
2026-05-13 21:57:00,S,7.0,,S7,NO,NO,NO,NO,True,7044.0,S7,YES,NO,0,0,794,,0,False,False,False,False,True,2026-05-13,21:57:00,7,Null,7 + Null
2026-05-13 21:57:00,S,2.0,peotv,S21,NO,NO,NO,NO,True,5206.75,S2,YES,YES,677,76,845,,753,False,False,False,False,True,2026-05-13,21:57:00,2,peotv,2 + peotv
2026-05-13 21:57:00,S,7.0,,S7,NO,NO,NO,NO,True,4692.5,S7,YES,NO,0,0,130,,0,False,True,True,True,False,2026-05-13,21:57:00,7,Null,7 + Null
2026-05-13 21:57:00,S,2.0,peotv,S21,NO,NO,NO,NO,True,435.26,S2,YES,NO,0,0,414,,0,False,False,False,True,False,2026-05-13,21:57:00,2,peotv,2 + peotv
2026-05-13 21:57:00,S,2.0,peotv,S21,NO,NO,NO,NO,True,7151.06,S2,YES,NO,0,0,216,,0,False,False,True,True,False,2026-05-13,21:57:00,2,peotv,2 + peotv
2026-05-13 21:57:00,S,,,S,NO,NO,NO,NO,False,,,NO,NO,0,0,34,,0,True,True,True,True,False,2026-05-13,21:57:00,Null,Null,Null + Null
2026-05-13 21:57:00,S,2.0,peotv,S211,NO,YES,NO,NO,True,6463.85,S2,YES,YES,682,71,825,,753,False,False,False,False,True,2026-05-13,21:57:00,2,peotv,2 + peotv
2026-05-13 21:57:00,S,2.0,peotv,S21,NO,NO,NO,NO,True,-114.71,S2,YES,NO,0,0,755,,0,False,False,False,False,True,2026-05-13,21:57:00,2,peotv,2 + peotv
2026-05-13 21:57:00,S,2.0,peotv,MOBITEL_S21,NO,NO,NO,NO,True,4378.39,S2,YES,NO,0,0,638,,0,False,False,False,False,True,2026-05-13,21:57:00,2,peotv,2 + peotv
2026-05-13 21:57:00,S,,,S,NO,NO,NO,NO,False,,,NO,NO,0,0,760,,0,False,False,False,False,True,2026-05-13,21:57:00,Null,Null,Null + Null
2026-05-13 21:57:00,S,4.0,extragb,S4112,NO,NO,NO,NO,True,5308.56,S41,NO,NO,0,0,47,,0,True,True,True,True,False,2026-05-13,21:57:00,4,extragb,4 + extragb
2026-05-13 21:57:00,S,7.0,,S7,NO,NO,NO,NO,True,5189.25,S7,YES,YES,693,169,957,,862,False,False,False,False,True,2026-05-13,21:57:00,7,Null,7 + Null
2026-05-13 21:57:00,S,2.0,peotv,S21,YES,NO,NO,NO,True,2250.59,S2,YES,YES,689,121,895,,810,False,False,False,False,True,2026-05-13,21:57:00,2,peotv,2 + peotv
2026-05-13 21:57:00,S,2.0,peotv,S21,NO,NO,NO,NO,True,4921.45,S2,YES,YES,693,112,885,,805,False,False,False,False,True,2026-05-13,21:57:00,2,peotv,2 + peotv
2026-05-13 21:57:00,S,3.0,,S3,NO,NO,NO,NO,True,3206.16,S3,NO,NO,0,0,74,,0,True,True,True,True,False,2026-05-13,21:57:00,3,Null,3 + Null
2026-05-13 21:57:00,S,2.0,peotv,S21,NO,NO,NO,NO,True,4392.86,S2,YES,YES,681,28,801,,709,False,False,False,False,True,2026-05-13,21:57:00,2,peotv,2 + peotv
2026-05-13 21:57:00,S,2.0,peotv,S21,NO,NO,NO,NO,True,2715.93,S2,NO,NO,0,0,48,,0,True,True,True,True,False,2026-05-13,21:57:00,2,peotv,2 + peotv
2026-05-13 21:57:00,S,7.0,,S7,NO,NO,NO,NO,True,3165.11,S7,YES,NO,0,0,133,,0,False,True,True,True,False,2026-05-13,21:57:00,7,Null,7 + Null
2026-05-13 21:57:00,S,3.0,,S3,NO,NO,NO,NO,True,8268.14,S3,YES,YES,690,105,858,,795,False,False,False,False,True,2026-05-13,21:57:00,3,Null,3 + Null
2026-05-13 21:57:00,S,,,S,NO,NO,NO,NO,False,,,NO,NO,0,0,33,,0,True,True,True,True,False,2026-05-13,21:57:00,Null,Null,Null + Null
2026-05-13 21:57:00,S,,,S,NO,NO,NO,NO,False,,,NO,NO,0,0,20,,0,True,True,True,True,False,2026-05-13,21:57:00,Null,Null,Null + Null
2026-05-13 21:57:00,S,,,S,NO,NO,NO,NO,False,,,NO,NO,0,0,15,,0,True,True,True,True,False,2026-05-13,21:57:00,Null,Null,Null + Null
2026-05-13 21:57:00,S,2.0,broadband,S22,NO,NO,NO,NO,True,4565.32,S2,YES,NO,0,0,585,,0,False,False,False,False,True,2026-05-13,21:57:00,2,broadband,2 + broadband
2026-05-13 21:57:00,S,3.0,,S3,NO,NO,NO,NO,True,6537.99,S3,YES,NO,0,0,303,,0,False,False,False,True,False,2026-05-13,21:57:00,3,Null,3 + Null
2026-05-13 21:57:00,S,7.0,,S7,NO,NO,NO,NO,False,,S7,YES,NO,0,0,437,,0,False,False,False,True,False,2026-05-13,21:57:00,7,Null,7 + Null
2026-05-13 21:57:00,S,2.0,peotv,S21,NO,NO,NO,NO,True,43.33,S2,YES,NO,0,0,146,,0,False,True,True,True,False,2026-05-13,21:57:00,2,peotv,2 + peotv
2026-05-13 21:57:00,E,2.0,peotv,E21,YES,NO,NO,NO,True,6241.88,E2,YES,NO,0,0,342,,0,False,False,False,True,False,2026-05-13,21:57:00,2,peotv,2 + peotv
2026-05-13 21:57:00,S,2.0,peotv,S21,NO,YES,NO,NO,True,979.54,S2,YES,NO,0,0,547,,0,False,False,False,False,True,2026-05-13,21:57:00,2,peotv,2 + peotv
2026-05-13 21:57:00,S,2.0,peotv,S21,NO,YES,NO,NO,True,-389.81,S2,YES,NO,0,0,282,,0,False,False,True,True,False,2026-05-13,21:57:00,2,peotv,2 + peotv
2026-05-13 21:57:00,S,3.0,,S3,NO,NO,NO,NO,True,2527.81,S3,NO,NO,0,0,54,,0,True,True,True,True,False,2026-05-13,21:57:00,3,Null,3 + Null
2026-05-13 21:57:00,S,2.0,peotv,S21,NO,YES,NO,NO,True,681.45,S2,YES,NO,0,0,598,,0,False,False,False,False,True,2026-05-13,21:57:00,2,peotv,2 + peotv
2026-05-13 21:57:00,S,2.0,peotv,S21,NO,NO,NO,NO,True,61.59,S2,YES,NO,0,0,122,,0,False,True,True,True,False,2026-05-13,21:57:00,2,peotv,2 + peotv
2026-05-13 21:57:00,S,,,S,NO,NO,NO,NO,False,,,NO,NO,0,0,23,,0,True,True,True,True,False,2026-05-13,21:57:00,Null,Null,Null + Null
2026-05-13 21:57:00,S,,,S,NO,NO,NO,NO,False,,,NO,NO,0,0,27,,0,True,True,True,True,False,2026-05-13,21:57:00,Null,Null,Null + Null
2026-05-13 21:57:00,S,1.0,,S1,NO,NO,NO,NO,True,2149.91,S1,YES,YES,691,232,1026,,923,False,False,False,False,True,2026-05-13,21:57:00,1,Null,1 + Null
2026-05-13 21:57:00,S,4.0,extragb,S4111,NO,NO,NO,YES,True,5522.07,S41,NO,NO,0,0,98,,0,True,True,True,True,False,2026-05-13,21:57:00,4,extragb,4 + extragb
2026-05-13 21:57:00,S,3.0,,S3,NO,NO,NO,NO,True,6711.98,S3,YES,NO,0,0,306,,0,False,False,False,True,False,2026-05-13,21:57:00,3,Null,3 + Null
2026-05-13 21:57:00,S,7.0,,S7,NO,NO,NO,NO,True,3875.97,S7,YES,NO,0,0,100,,0,False,True,True,True,False,2026-05-13,21:57:00,7,Null,7 + Null
2026-05-13 21:56:00,S,2.0,voice,S23,NO,NO,NO,NO,True,4352.91,S2,NO,NO,0,0,170,,0,False,True,True,True,False,2026-05-13,21:56:00,2,voice,2 + voice
2026-05-13 21:56:00,S,2.0,peotv,S211,NO,YES,NO,NO,True,10773.62,S2,YES,NO,0,0,201,,0,False,False,True,True,False,2026-05-13,21:56:00,2,peotv,2 + peotv
2026-05-13 21:56:00,S,,,S,NO,NO,NO,NO,False,,,NO,NO,0,0,24,,0,True,True,True,True,False,2026-05-13,21:56:00,Null,Null,Null + Null
2026-05-13 21:56:00,S,2.0,peotv,S211,NO,YES,NO,NO,True,2324.19,S2,YES,NO,0,0,486,,0,False,False,False,True,False,2026-05-13,21:56:00,2,peotv,2 + peotv
2026-05-13 21:56:00,S,2.0,peotv,S21,NO,NO,NO,NO,True,-1122.73,S2,YES,YES,674,24,753,,698,False,False,False,False,True,2026-05-13,21:56:00,2,peotv,2 + peotv
2026-05-13 21:56:00,S,3.0,,S3,NO,NO,NO,NO,True,8830.62,S3,YES,NO,0,0,349,,0,False,False,False,True,False,2026-05-13,21:56:00,3,Null,3 + Null
2026-05-13 21:56:00,S,2.0,broadband,S221,NO,NO,YES,NO,True,3886.81,S2,YES,NO,0,0,446,,0,False,False,False,True,False,2026-05-13,21:56:00,2,broadband,2 + broadband
2026-05-13 21:56:00,S,2.0,other,S2t,NO,NO,NO,NO,True,3918.92,S2,YES,NO,0,0,413,,0,False,False,False,True,False,2026-05-13,21:56:00,2,other,2 + other
2026-05-13 21:56:00,S,4.0,extragb,S4111,NO,NO,NO,YES,True,2555.47,S41,NO,NO,0,0,49,,0,True,True,True,True,False,2026-05-13,21:56:00,4,extragb,4 + extragb
2026-05-13 21:56:00,S,,,S,NO,NO,NO,NO,True,43.33,,NO,NO,0,0,149,,0,False,True,True,True,False,2026-05-13,21:56:00,Null,Null,Null + Null
2026-05-13 21:56:00,S,,,S,NO,NO,NO,NO,False,,,NO,NO,0,0,34,,0,True,True,True,True,False,2026-05-13,21:56:00,Null,Null,Null + Null
2026-05-13 21:56:00,S,2.0,peotv,S21,NO,YES,NO,NO,True,782.74,S2,YES,NO,0,0,391,,0,False,False,False,True,False,2026-05-13,21:56:00,2,peotv,2 + peotv
2026-05-13 21:56:00,S,2.0,peotv,S21,NO,NO,NO,NO,True,3247.69,S2,YES,NO,0,0,674,,0,False,False,False,False,True,2026-05-13,21:56:00,2,peotv,2 + peotv
2026-05-13 21:56:00,S,,,S,NO,NO,NO,NO,False,,,NO,NO,0,0,58,,0,True,True,True,True,False,2026-05-13,21:56:00,Null,Null,Null + Null
2026-05-13 21:56:00,S,,,S,NO,NO,NO,NO,False,,,NO,NO,0,0,23,,0,True,True,True,True,False,2026-05-13,21:56:00,Null,Null,Null + Null
2026-05-13 21:56:00,S,,,S,NO,NO,NO,NO,False,,,NO,NO,0,0,47,,0,True,True,True,True,False,2026-05-13,21:56:00,Null,Null,Null + Null
2026-05-13 21:56:00,S,7.0,,S7,NO,NO,NO,NO,True,5725.88,S7,YES,NO,0,0,270,,0,False,False,True,True,False,2026-05-13,21:56:00,7,Null,7 + Null
2026-05-13 21:56:00,S,,,S,NO,NO,NO,NO,False,,,NO,NO,0,0,25,,0,True,True,True,True,False,2026-05-13,21:56:00,Null,Null,Null + Null
2026-05-13 21:56:00,S,3.0,,S3,NO,NO,NO,NO,True,1075.58,S3,NO,NO,0,0,57,,0,True,True,True,True,False,2026-05-13,21:56:00,3,Null,3 + Null
2026-05-13 21:56:00,S,,,S,NO,NO,NO,NO,False,,,NO,NO,0,0,72,,0,True,True,True,True,False,2026-05-13,21:56:00,Null,Null,Null + Null
2026-05-13 21:56:00,S,3.0,,S3,NO,NO,NO,NO,True,5950.66,S3,NO,NO,0,0,72,,0,True,True,True,True,False,2026-05-13,21:56:00,3,Null,3 + Null
2026-05-13 21:56:00,S,1.0,,S1,NO,NO,NO,NO,True,6309.25,S1,YES,YES,692,213,966,,905,False,False,False,False,True,2026-05-13,21:56:00,1,Null,1 + Null
2026-05-13 21:56:00,S,,,S,NO,NO,NO,NO,False,,,NO,NO,0,0,162,,0,False,True,True,True,False,2026-05-13,21:56:00,Null,Null,Null + Null
2026-05-13 21:56:00,S,,,MOBITEL_S,NO,NO,NO,NO,False,,,NO,NO,0,0,11,,0,True,True,True,True,False,2026-05-13,21:56:00,Null,Null,Null + Null
2026-05-13 21:56:00,S,2.0,peotv,S21,NO,NO,NO,NO,True,6929.77,S2,YES,YES,691,46,829,,737,False,False,False,False,True,2026-05-13,21:56:00,2,peotv,2 + peotv
2026-05-13 21:56:00,S,3.0,,S3,NO,NO,NO,NO,True,6339.2,S3,NO,NO,0,0,54,,0,True,True,True,True,False,2026-05-13,21:56:00,3,Null,3 + Null
2026-05-13 21:56:00,S,7.0,,S7,NO,NO,NO,NO,True,6376.83,S7,YES,NO,0,0,346,,0,False,False,False,True,False,2026-05-13,21:56:00,7,Null,7 + Null
2026-05-13 21:56:00,S,3.0,,S3,NO,NO,NO,NO,True,1718.18,S3,YES,NO,0,0,142,,0,False,True,True,True,False,2026-05-13,21:56:00,3,Null,3 + Null
2026-05-13 21:56:00,S,,,S,NO,NO,NO,NO,False,,,NO,NO,0,0,31,,0,True,True,True,True,False,2026-05-13,21:56:00,Null,Null,Null + Null
2026-05-13 21:56:00,S,,,S,NO,NO,NO,NO,False,,,NO,NO,0,0,51,,0,True,True,True,True,False,2026-05-13,21:56:00,Null,Null,Null + Null
2026-05-13 21:56:00,S,2.0,broadband,S22,NO,NO,NO,NO,True,-207.33,S2,YES,NO,0,0,77,,0,True,True,True,True,False,2026-05-13,21:56:00,2,broadband,2 + broadband
2026-05-13 21:56:00,S,2.0,peotv,S21,NO,YES,NO,NO,True,-37.06,S2,YES,YES,693,32,819,,725,False,False,False,False,True,2026-05-13,21:56:00,2,peotv,2 + peotv
2026-05-13 21:56:00,S,4.0,extragb,S4112,NO,NO,NO,NO,True,6923.34,S41,NO,NO,0,0,39,,0,True,True,True,True,False,2026-05-13,21:56:00,4,extragb,4 + extragb
2026-05-13 21:56:00,S,2.0,peotv,S21,NO,NO,NO,NO,True,-8.85,S2,YES,NO,0,0,54,,0,True,True,True,True,False,2026-05-13,21:56:00,2,peotv,2 + peotv
2026-05-13 21:56:00,S,3.0,,S3,NO,NO,NO,NO,True,5176.39,S3,NO,NO,0,0,83,,0,True,True,True,True,False,2026-05-13,21:56:00,3,Null,3 + Null
2026-05-13 21:56:00,E,4.0,extragb,E4111,NO,NO,NO,YES,True,9133.37,E41,NO,NO,0,0,35,,0,True,True,True,True,False,2026-05-13,21:56:00,4,extragb,4 + extragb
2026-05-13 21:56:00,S,7.0,,S7,NO,NO,NO,NO,True,3520.52,S7,YES,YES,684,172,955,,856,False,False,False,False,True,2026-05-13,21:56:00,7,Null,7 + Null
2026-05-13 21:56:00,S,4.0,extragb,S41t,NO,NO,NO,NO,True,3495.71,S41,YES,NO,0,0,358,,0,False,False,False,True,False,2026-05-13,21:56:00,4,extragb,4 + extragb
2026-05-13 21:56:00,S,3.0,,S3,NO,NO,NO,NO,True,7524.06,S3,YES,NO,0,0,488,,0,False,False,False,True,False,2026-05-13,21:56:00,3,Null,3 + Null
2026-05-13 21:56:00,T,,,T,NO,NO,NO,NO,False,,,NO,NO,0,0,16,,0,True,True,True,True,False,2026-05-13,21:56:00,Null,Null,Null + Null
2026-05-13 21:56:00,S,1.0,,SLty1,NO,NO,NO,NO,False,,S1,YES,NO,0,0,252,,0,False,False,True,True,False,2026-05-13,21:56:00,1,Null,1 + Null
2026-05-13 21:56:00,S,,,S,NO,NO,NO,NO,False,,,NO,NO,0,0,21,,0,True,True,True,True,False,2026-05-13,21:56:00,Null,Null,Null + Null
2026-05-13 21:56:00,S,2.0,peotv,S21,NO,NO,NO,NO,True,10687.69,S2,YES,NO,0,0,377,,0,False,False,False,True,False,2026-05-13,21:56:00,2,peotv,2 + peotv
2026-05-13 21:56:00,S,2.0,peotv,S211,NO,YES,NO,NO,True,5696.97,S2,YES,YES,690,60,822,,750,False,False,False,False,True,2026-05-13,21:56:00,2,peotv,2 + peotv
2026-05-13 21:56:00,S,2.0,peotv,S21,NO,NO,NO,NO,True,-277.11,S2,YES,NO,0,0,99,,0,True,True,True,True,False,2026-05-13,21:56:00,2,peotv,2 + peotv
2026-05-13 21:56:00,S,2.0,peotv,S21,YES,NO,NO,NO,True,2967.54,S2,NO,NO,0,0,135,,0,False,True,True,True,False,2026-05-13,21:56:00,2,peotv,2 + peotv
2026-05-13 21:56:00,S,2.0,peotv,S21,YES,NO,NO,NO,True,2668.11,S2,YES,YES,689,48,816,,737,False,False,False,False,True,2026-05-13,21:56:00,2,peotv,2 + peotv
2026-05-13 21:56:00,S,3.0,,S3,NO,NO,NO,NO,True,7049.78,S3,YES,NO,0,0,263,,0,False,False,True,True,False,2026-05-13,21:56:00,3,Null,3 + Null
2026-05-13 21:56:00,S,2.0,peotv,S211,NO,YES,NO,NO,True,9036.15,S2,YES,YES,675,227,993,,902,False,False,False,False,True,2026-05-13,21:56:00,2,peotv,2 + peotv
2026-05-13 21:56:00,S,2.0,peotv,S21,NO,NO,NO,NO,True,-129.17,S2,YES,NO,0,0,586,,0,False,False,False,False,True,2026-05-13,21:56:00,2,peotv,2 + peotv
2026-05-13 21:56:00,S,2.0,peotv,S21,NO,NO,NO,NO,True,2083.1,S2,YES,YES,711,116,956,,827,False,False,False,False,True,2026-05-13,21:56:00,2,peotv,2 + peotv
2026-05-13 21:56:00,E,4.0,extragb,E41t,NO,NO,NO,NO,True,-83.9,E41,YES,YES,617,113,805,,730,False,False,False,False,True,2026-05-13,21:56:00,4,extragb,4 + extragb
2026-05-13 21:56:00,S,2.0,peotv,S21,NO,NO,NO,NO,True,5679.75,S2,YES,YES,686,58,807,,744,False,False,False,False,True,2026-05-13,21:56:00,2,peotv,2 + peotv
2026-05-13 21:56:00,S,3.0,,S3,NO,NO,NO,NO,True,4247.78,S3,YES,NO,0,0,173,,0,False,True,True,True,False,2026-05-13,21:56:00,3,Null,3 + Null
2026-05-13 21:56:00,S,2.0,peotv,S21,NO,YES,NO,NO,True,-783.18,S2,YES,YES,703,136,920,,839,False,False,False,False,True,2026-05-13,21:56:00,2,peotv,2 + peotv
2026-05-13 21:56:00,S,2.0,peotv,S21,NO,NO,NO,NO,True,-853.21,S2,YES,NO,0,0,191,,0,False,True,True,True,False,2026-05-13,21:56:00,2,peotv,2 + peotv
2026-05-13 21:56:00,S,,,S,NO,NO,NO,NO,False,,,NO,NO,0,0,36,,0,True,True,True,True,False,2026-05-13,21:56:00,Null,Null,Null + Null
2026-05-13 21:56:00,S,4.0,extragb,S4112,NO,NO,NO,NO,True,7683.6,S41,NO,NO,0,0,33,,0,True,True,True,True,False,2026-05-13,21:56:00,4,extragb,4 + extragb
2026-05-13 21:56:00,S,2.0,peotv,MOBITEL_S21,NO,NO,NO,NO,True,0.0,S2,YES,NO,0,0,357,,0,False,False,False,True,False,2026-05-13,21:56:00,2,peotv,2 + peotv
2026-05-13 21:56:00,S,2.0,peotv,S21,NO,NO,NO,NO,True,3433.26,S2,YES,YES,659,37,1567,,696,False,False,False,False,True,2026-05-13,21:56:00,2,peotv,2 + peotv
2026-05-13 21:56:00,S,1.0,,SLty1,NO,NO,NO,NO,False,,S1,YES,NO,0,0,130,,0,False,True,True,True,False,2026-05-13,21:56:00,1,Null,1 + Null
2026-05-13 21:56:00,S,2.0,peotv,S21,NO,NO,NO,NO,True,2018.27,S2,YES,NO,0,0,141,,0,False,True,True,True,False,2026-05-13,21:56:00,2,peotv,2 + peotv
2026-05-13 21:56:00,S,1.0,,SLty1,NO,NO,NO,NO,False,,S1,YES,NO,0,0,401,,0,False,False,False,True,False,2026-05-13,21:56:00,1,Null,1 + Null
2026-05-13 21:56:00,S,2.0,peotv,S21,NO,NO,NO,NO,True,1.29,S2,YES,NO,0,0,262,,0,False,False,True,True,False,2026-05-13,21:56:00,2,peotv,2 + peotv
2026-05-13 21:56:00,T,2.0,voice,T23,NO,NO,NO,NO,True,589.39,T2,NO,NO,0,0,262,,0,False,False,True,True,False,2026-05-13,21:56:00,2,voice,2 + voice
2026-05-13 21:56:00,S,2.0,peotv,S21,YES,NO,NO,NO,True,-0.81,S2,YES,NO,0,0,328,,0,False,False,False,True,False,2026-05-13,21:56:00,2,peotv,2 + peotv
2026-05-13 21:56:00,S,4.0,extragb,S411,NO,NO,NO,NO,True,-1.62,S41,YES,YES,699,89,903,,788,False,False,False,False,True,2026-05-13,21:56:00,4,extragb,4 + extragb
2026-05-13 21:56:00,S,2.0,peotv,S21,YES,NO,NO,NO,True,1794.37,S2,YES,NO,0,0,501,,0,False,False,False,False,True,2026-05-13,21:56:00,2,peotv,2 + peotv
2026-05-13 21:56:00,S,,,S,NO,NO,NO,NO,False,,,NO,NO,0,0,45,,0,True,True,True,True,False,2026-05-13,21:56:00,Null,Null,Null + Null
2026-05-13 21:56:00,S,,,S,NO,NO,NO,NO,False,,,NO,NO,0,0,18,,0,True,True,True,True,False,2026-05-13,21:56:00,Null,Null,Null + Null
2026-05-13 21:56:00,S,4.0,extragb,S4111,NO,NO,NO,YES,True,-238.59,S41,NO,NO,0,0,138,,0,False,True,True,True,False,2026-05-13,21:56:00,4,extragb,4 + extragb
2026-05-13 21:56:00,S,2.0,peotv,S21,NO,NO,NO,NO,True,-11.87,S2,YES,NO,0,0,731,,0,False,False,False,False,True,2026-05-13,21:56:00,2,peotv,2 + peotv
2026-05-13 21:56:00,S,7.0,,S7,NO,NO,NO,NO,True,5270.88,S7,YES,NO,0,0,146,,0,False,True,True,True,False,2026-05-13,21:56:00,7,Null,7 + Null
2026-05-13 21:56:00,S,2.0,peotv,MOBITEL_S21,NO,YES,NO,NO,True,-8.2,S2,YES,NO,0,0,505,,0,False,False,False,False,True,2026-05-13,21:56:00,2,peotv,2 + peotv
2026-05-13 21:56:00,S,2.0,peotv,S211,NO,YES,NO,NO,True,9769.67,S2,YES,NO,0,0,209,,0,False,False,True,True,False,2026-05-13,21:56:00,2,peotv,2 + peotv
2026-05-13 21:56:00,S,7.0,,S7,NO,NO,NO,NO,True,-632.02,S7,YES,NO,0,0,645,,0,False,False,False,False,True,2026-05-13,21:56:00,7,Null,7 + Null
2026-05-13 21:56:00,S,4.0,extragb,S4111,NO,NO,NO,YES,True,18957.61,S41,NO,NO,0,0,58,,0,True,True,True,True,False,2026-05-13,21:56:00,4,extragb,4 + extragb
2026-05-13 21:55:00,S,,,S,NO,NO,NO,NO,False,,,NO,NO,0,0,24,,0,True,True,True,True,False,2026-05-13,21:55:00,Null,Null,Null + Null
2026-05-13 21:55:00,S,4.0,extragb,S41121,NO,NO,NO,NO,True,10625.13,S41,NO,NO,0,0,53,,0,True,True,True,True,False,2026-05-13,21:55:00,4,extragb,4 + extragb
2026-05-13 21:55:00,S,4.0,extragb,S4112,NO,NO,NO,NO,True,4252.09,S41,NO,NO,0,0,56,,0,True,True,True,True,False,2026-05-13,21:55:00,4,extragb,4 + extragb
2026-05-13 21:55:00,S,,,S,NO,NO,NO,NO,False,,,NO,NO,0,0,33,,0,True,True,True,True,False,2026-05-13,21:55:00,Null,Null,Null + Null
2026-05-13 21:55:00,E,3.0,,MOBITEL_E3,NO,NO,NO,NO,False,,E3,YES,NO,0,0,294,,0,False,False,True,True,False,2026-05-13,21:55:00,3,Null,3 + Null
2026-05-13 21:55:00,S,2.0,peotv,S21,NO,YES,NO,NO,True,-79.78,S2,YES,NO,0,0,299,,0,False,False,True,True,False,2026-05-13,21:55:00,2,peotv,2 + peotv
2026-05-13 21:55:00,E,,,E,NO,NO,NO,NO,False,,,NO,NO,0,0,324,,0,False,False,False,True,False,2026-05-13,21:55:00,Null,Null,Null + Null
2026-05-13 21:55:00,S,7.0,,S7,NO,NO,NO,NO,True,9800.71,S7,YES,NO,0,0,256,,0,False,False,True,True,False,2026-05-13,21:55:00,7,Null,7 + Null
2026-05-13 21:55:00,S,2.0,peotv,S21,NO,YES,NO,NO,True,111.29,S2,YES,NO,0,0,443,,0,False,False,False,True,False,2026-05-13,21:55:00,2,peotv,2 + peotv
2026-05-13 21:55:00,E,1.0,,MOBITEL_ELty1,NO,NO,NO,NO,False,,E1,YES,NO,0,0,43,,0,True,True,True,True,False,2026-05-13,21:55:00,1,Null,1 + Null
2026-05-13 21:55:00,S,7.0,,S7,NO,NO,NO,NO,True,3389.04,S7,YES,NO,0,0,296,,0,False,False,True,True,False,2026-05-13,21:55:00,7,Null,7 + Null
2026-05-13 21:55:00,S,2.0,peotv,S21,NO,YES,NO,NO,True,12698.36,S2,NO,NO,0,0,69,,0,True,True,True,True,False,2026-05-13,21:55:00,2,peotv,2 + peotv
2026-05-13 21:55:00,S,3.0,,S3,NO,NO,NO,NO,True,4022.68,S3,NO,NO,0,0,84,,0,True,True,True,True,False,2026-05-13,21:55:00,3,Null,3 + Null
2026-05-13 21:55:00,S,2.0,peotv,S21,NO,NO,NO,NO,True,5578.74,S2,YES,YES,712,86,895,,798,False,False,False,False,True,2026-05-13,21:55:00,2,peotv,2 + peotv
2026-05-13 21:55:00,S,2.0,peotv,S21,NO,NO,NO,NO,True,8229.73,S2,YES,YES,703,288,1110,,991,False,False,False,False,True,2026-05-13,21:55:00,2,peotv,2 + peotv
2026-05-13 21:55:00,S,2.0,peotv,S21,NO,YES,NO,NO,True,2134.82,S2,NO,NO,0,0,56,,0,True,True,True,True,False,2026-05-13,21:55:00,2,peotv,2 + peotv
2026-05-13 21:55:00,S,,,S,NO,NO,NO,NO,False,,,NO,NO,0,0,23,,0,True,True,True,True,False,2026-05-13,21:55:00,Null,Null,Null + Null
2026-05-13 21:55:00,S,,,S,NO,NO,NO,NO,False,,,NO,NO,0,0,99,,0,True,True,True,True,False,2026-05-13,21:55:00,Null,Null,Null + Null
2026-05-13 21:55:00,T,7.0,,T7,NO,NO,NO,NO,True,140.24,T7,YES,NO,0,0,127,,0,False,True,True,True,False,2026-05-13,21:55:00,7,Null,7 + Null
2026-05-13 21:55:00,S,,,S,NO,NO,NO,NO,False,,,NO,NO,0,0,32,,0,True,True,True,True,False,2026-05-13,21:55:00,Null,Null,Null + Null
2026-05-13 21:55:00,E,2.0,peotv,E21,NO,NO,NO,NO,True,7436.57,E2,YES,NO,0,0,314,,0,False,False,False,True,False,2026-05-13,21:55:00,2,peotv,2 + peotv
2026-05-13 21:55:00,S,3.0,,S3,NO,NO,NO,NO,True,342.06,S3,YES,NO,0,0,342,,0,False,False,False,True,False,2026-05-13,21:55:00,3,Null,3 + Null
2026-05-13 21:55:00,S,,,S,NO,NO,NO,NO,False,,,NO,NO,0,0,58,,0,True,True,True,True,False,2026-05-13,21:55:00,Null,Null,Null + Null
2026-05-13 21:55:00,S,1.0,,MOBITEL_S1,NO,NO,NO,NO,False,,S1,YES,YES,693,41,838,,734,False,False,False,False,True,2026-05-13,21:55:00,1,Null,1 + Null
2026-05-13 21:55:00,S,2.0,peotv,S21,NO,NO,NO,NO,True,3096.87,S2,YES,YES,692,196,985,,888,False,False,False,False,True,2026-05-13,21:55:00,2,peotv,2 + peotv
2026-05-13 21:55:00,S,4.0,extragb,S4112,NO,NO,NO,NO,True,4936.65,S41,NO,NO,0,0,82,,0,True,True,True,True,False,2026-05-13,21:55:00,4,extragb,4 + extragb
2026-05-13 21:55:00,S,2.0,peotv,S21,NO,NO,NO,NO,True,0.0,S2,YES,NO,0,0,433,,0,False,False,False,True,False,2026-05-13,21:55:00,2,peotv,2 + peotv
2026-05-13 21:55:00,S,3.0,,S3,NO,NO,NO,NO,True,1075.58,S3,YES,NO,0,0,168,,0,False,True,True,True,False,2026-05-13,21:55:00,3,Null,3 + Null
2026-05-13 21:55:00,S,2.0,peotv,S21,NO,NO,NO,NO,True,85.09,S2,YES,NO,0,0,223,,0,False,False,True,True,False,2026-05-13,21:55:00,2,peotv,2 + peotv
2026-05-13 21:55:00,S,2.0,peotv,S21,NO,YES,NO,NO,True,-71.41,S2,YES,NO,0,0,289,,0,False,False,True,True,False,2026-05-13,21:55:00,2,peotv,2 + peotv
2026-05-13 21:55:00,S,2.0,other,S2t,NO,NO,NO,NO,True,-1173.96,S2,YES,NO,0,0,456,,0,False,False,False,True,False,2026-05-13,21:55:00,2,other,2 + other
2026-05-13 21:55:00,S,7.0,,S7,NO,NO,NO,NO,True,-1000.0,S7,YES,NO,0,0,570,,0,False,False,False,False,True,2026-05-13,21:55:00,7,Null,7 + Null
2026-05-13 21:55:00,S,2.0,peotv,S21,NO,YES,NO,NO,True,502.87,S2,YES,NO,0,0,205,,0,False,False,True,True,False,2026-05-13,21:55:00,2,peotv,2 + peotv
2026-05-13 21:55:00,S,2.0,other,S24,NO,NO,NO,NO,True,44.24,S2,YES,NO,0,0,586,,0,False,False,False,False,True,2026-05-13,21:55:00,2,other,2 + other
2026-05-13 21:55:00,S,2.0,peotv,S21,NO,YES,NO,NO,True,0.0,S2,YES,YES,721,77,835,,798,False,False,False,False,True,2026-05-13,21:55:00,2,peotv,2 + peotv
2026-05-13 21:55:00,S,,,S,NO,NO,NO,NO,False,,,NO,NO,0,0,29,,0,True,True,True,True,False,2026-05-13,21:55:00,Null,Null,Null + Null
2026-05-13 21:55:00,S,,,S,NO,NO,NO,NO,False,,,NO,NO,0,0,34,,0,True,True,True,True,False,2026-05-13,21:55:00,Null,Null,Null + Null
2026-05-13 21:55:00,S,2.0,peotv,S21,NO,NO,NO,NO,True,3926.06,S2,YES,YES,692,61,810,,753,False,False,False,False,True,2026-05-13,21:55:00,2,peotv,2 + peotv
2026-05-13 21:55:00,S,3.0,,S3,NO,NO,NO,NO,True,11195.68,S3,NO,NO,0,0,87,,0,True,True,True,True,False,2026-05-13,21:55:00,3,Null,3 + Null
2026-05-13 21:55:00,S,3.0,,S3,NO,NO,NO,NO,True,3206.16,S3,NO,NO,0,0,85,,0,True,True,True,True,False,2026-05-13,21:55:00,3,Null,3 + Null
2026-05-13 21:55:00,S,3.0,,S3,NO,NO,NO,NO,True,5158.42,S3,YES,NO,0,0,594,,0,False,False,False,False,True,2026-05-13,21:55:00,3,Null,3 + Null
2026-05-13 21:55:00,S,2.0,peotv,S21,NO,NO,NO,NO,True,5950.2,S2,YES,NO,0,0,202,,0,False,False,True,True,False,2026-05-13,21:55:00,2,peotv,2 + peotv
2026-05-13 21:55:00,S,2.0,peotv,S21,NO,NO,NO,NO,True,3044.98,S2,YES,YES,696,50,823,,746,False,False,False,False,True,2026-05-13,21:55:00,2,peotv,2 + peotv
2026-05-13 21:55:00,S,2.0,peotv,S21,YES,NO,NO,NO,True,9027.79,S2,NO,NO,0,0,61,,0,True,True,True,True,False,2026-05-13,21:55:00,2,peotv,2 + peotv
2026-05-13 21:55:00,S,1.0,,SLty1,NO,NO,NO,NO,False,,S1,YES,NO,0,0,160,,0,False,True,True,True,False,2026-05-13,21:55:00,1,Null,1 + Null
2026-05-13 21:55:00,E,4.0,extragb,E41121,NO,NO,NO,YES,True,22030.79,E41,NO,NO,0,0,93,,0,True,True,True,True,False,2026-05-13,21:55:00,4,extragb,4 + extragb
2026-05-13 21:55:00,S,1.0,,S1,NO,NO,NO,NO,True,1913.84,S1,YES,NO,0,0,169,,0,False,True,True,True,False,2026-05-13,21:55:00,1,Null,1 + Null
2026-05-13 21:55:00,S,7.0,,MOBITEL_S7,NO,NO,NO,NO,False,,S7,YES,YES,668,58,866,,726,False,False,False,False,True,2026-05-13,21:55:00,7,Null,7 + Null
2026-05-13 21:55:00,S,,,S,NO,NO,NO,NO,False,,,NO,NO,0,0,908,,0,False,False,False,False,True,2026-05-13,21:55:00,Null,Null,Null + Null
2026-05-13 21:55:00,S,2.0,peotv,S21,NO,YES,NO,NO,True,-40.64,S2,YES,NO,0,0,338,,0,False,False,False,True,False,2026-05-13,21:55:00,2,peotv,2 + peotv
2026-05-13 21:55:00,S,2.0,peotv,S21,NO,NO,NO,NO,True,2858.55,S2,YES,NO,0,0,359,,0,False,False,False,True,False,2026-05-13,21:55:00,2,peotv,2 + peotv
2026-05-13 21:55:00,S,3.0,,S3,NO,NO,NO,NO,True,5948.15,S3,NO,NO,0,0,92,,0,True,True,True,True,False,2026-05-13,21:55:00,3,Null,3 + Null
2026-05-13 21:55:00,S,3.0,,S3,NO,NO,NO,NO,True,8391.75,S3,YES,YES,695,95,874,,790,False,False,False,False,True,2026-05-13,21:55:00,3,Null,3 + Null
2026-05-13 21:55:00,S,2.0,peotv,S21,NO,NO,NO,NO,True,9492.47,S2,YES,YES,683,211,1001,,894,False,False,False,False,True,2026-05-13,21:55:00,2,peotv,2 + peotv
2026-05-13 21:55:00,S,1.0,,SLty1,NO,NO,NO,NO,False,,S1,YES,NO,0,0,309,,0,False,False,False,True,False,2026-05-13,21:55:00,1,Null,1 + Null
2026-05-13 21:55:00,S,,,S,NO,NO,NO,NO,False,,,NO,NO,0,0,26,,0,True,True,True,True,False,2026-05-13,21:55:00,Null,Null,Null + Null
2026-05-13 21:55:00,S,2.0,voice,S23,NO,NO,NO,NO,True,14274.19,S2,YES,NO,0,0,508,,0,False,False,False,False,True,2026-05-13,21:55:00,2,voice,2 + voice
2026-05-13 21:55:00,S,2.0,peotv,S21,NO,NO,NO,NO,True,3205.89,S2,YES,YES,697,39,791,,736,False,False,False,False,True,2026-05-13,21:55:00,2,peotv,2 + peotv
2026-05-13 21:55:00,T,,,T,NO,NO,NO,NO,False,,,NO,NO,0,0,17,,0,True,True,True,True,False,2026-05-13,21:55:00,Null,Null,Null + Null
2026-05-13 21:55:00,S,,,S,NO,NO,NO,NO,True,2676.88,,NO,NO,0,0,88,,0,True,True,True,True,False,2026-05-13,21:55:00,Null,Null,Null + Null
2026-05-13 21:55:00,S,2.0,peotv,S21,NO,NO,NO,NO,True,19655.43,S2,YES,NO,0,0,748,,0,False,False,False,False,True,2026-05-13,21:55:00,2,peotv,2 + peotv
2026-05-13 21:55:00,S,4.0,extragb,S41t,NO,NO,NO,NO,True,7140.99,S41,NO,NO,0,0,33,,0,True,True,True,True,False,2026-05-13,21:55:00,4,extragb,4 + extragb
2026-05-13 21:55:00,S,2.0,peotv,S21,NO,NO,NO,NO,True,4382.3,S2,YES,NO,0,0,122,,0,False,True,True,True,False,2026-05-13,21:55:00,2,peotv,2 + peotv
2026-05-13 21:55:00,S,2.0,peotv,S21,YES,NO,NO,NO,True,3875.97,S2,YES,NO,0,0,598,,0,False,False,False,False,True,2026-05-13,21:55:00,2,peotv,2 + peotv
2026-05-13 21:55:00,S,7.0,,S7,NO,NO,NO,NO,True,0.0,S7,YES,NO,0,0,396,,0,False,False,False,True,False,2026-05-13,21:55:00,7,Null,7 + Null
2026-05-13 21:55:00,S,,,S,NO,NO,NO,NO,False,,,NO,NO,0,0,18,,0,True,True,True,True,False,2026-05-13,21:55:00,Null,Null,Null + Null
2026-05-13 21:55:00,S,7.0,,S7,NO,NO,NO,NO,True,6235.73,S7,YES,NO,0,0,183,,0,False,True,True,True,False,2026-05-13,21:55:00,7,Null,7 + Null
2026-05-13 21:55:00,E,2.0,peotv,E21,NO,YES,NO,NO,True,49.49,E2,YES,NO,0,0,116,,0,False,True,True,True,False,2026-05-13,21:55:00,2,peotv,2 + peotv
2026-05-13 21:55:00,S,2.0,peotv,S211,NO,YES,NO,NO,True,5081.41,S2,YES,NO,0,0,443,,0,False,False,False,True,False,2026-05-13,21:55:00,2,peotv,2 + peotv
2026-05-13 21:55:00,S,2.0,peotv,S21,NO,NO,NO,NO,True,2989.09,S2,YES,NO,0,0,380,,0,False,False,False,True,False,2026-05-13,21:55:00,2,peotv,2 + peotv
2026-05-13 21:55:00,S,4.0,extragb,S411,NO,NO,NO,NO,True,4370.73,S41,YES,NO,0,0,105,,0,False,True,True,True,False,2026-05-13,21:55:00,4,extragb,4 + extragb
2026-05-13 21:55:00,S,,,S,NO,NO,NO,NO,False,,,NO,NO,0,0,21,,0,True,True,True,True,False,2026-05-13,21:55:00,Null,Null,Null + Null
2026-05-13 21:55:00,S,2.0,broadband,S22,NO,NO,NO,NO,True,-207.33,S2,YES,NO,0,0,596,,0,False,False,False,False,True,2026-05-13,21:55:00,2,broadband,2 + broadband
2026-05-13 21:54:00,S,7.0,,S7,NO,NO,NO,NO,True,-492.93,S7,YES,NO,0,0,596,,0,False,False,False,False,True,2026-05-13,21:54:00,7,Null,7 + Null
2026-05-13 21:54:00,S,7.0,,S7,NO,NO,NO,NO,True,20193.89,S7,YES,YES,698,322,1163,,1020,False,False,False,False,True,2026-05-13,21:54:00,7,Null,7 + Null
2026-05-13 21:54:00,S,2.0,peotv,S211,NO,YES,NO,NO,True,10984.94,S2,YES,YES,795,0,908,,795,False,False,False,False,True,2026-05-13,21:54:00,2,peotv,2 + peotv
2026-05-13 21:54:00,S,2.0,peotv,S21,NO,NO,NO,NO,True,2292.8,S2,YES,NO,0,0,172,,0,False,True,True,True,False,2026-05-13,21:54:00,2,peotv,2 + peotv
2026-05-13 21:54:00,S,4.0,extragb,S411,NO,NO,NO,NO,True,-5.27,S41,NO,NO,0,0,59,,0,True,True,True,True,False,2026-05-13,21:54:00,4,extragb,4 + extragb
2026-05-13 21:54:00,S,2.0,peotv,S211,NO,YES,NO,NO,True,3608.46,S2,YES,NO,0,0,513,,0,False,False,False,False,True,2026-05-13,21:54:00,2,peotv,2 + peotv
2026-05-13 21:54:00,S,4.0,extragb,S411,NO,NO,NO,NO,True,8390.82,S41,YES,NO,0,0,215,,0,False,False,True,True,False,2026-05-13,21:54:00,4,extragb,4 + extragb
2026-05-13 21:54:00,S,2.0,peotv,S21,NO,NO,NO,NO,True,2726.3,S2,YES,NO,0,0,372,,0,False,False,False,True,False,2026-05-13,21:54:00,2,peotv,2 + peotv
2026-05-13 21:54:00,S,,,S,NO,NO,NO,NO,False,,,NO,NO,0,0,33,,0,True,True,True,True,False,2026-05-13,21:54:00,Null,Null,Null + Null
2026-05-13 21:54:00,S,,,S,NO,NO,NO,NO,False,,,NO,NO,0,0,46,,0,True,True,True,True,False,2026-05-13,21:54:00,Null,Null,Null + Null
2026-05-13 21:54:00,S,2.0,peotv,S211,NO,YES,NO,NO,True,2708.12,S2,YES,NO,0,0,760,,0,False,False,False,False,True,2026-05-13,21:54:00,2,peotv,2 + peotv
2026-05-13 21:54:00,S,2.0,peotv,S21,NO,YES,NO,NO,True,-465.39,S2,YES,YES,701,53,801,,754,False,False,False,False,True,2026-05-13,21:54:00,2,peotv,2 + peotv
2026-05-13 21:54:00,S,2.0,peotv,S21,YES,NO,NO,NO,True,-6855.56,S2,YES,NO,0,0,403,,0,False,False,False,True,False,2026-05-13,21:54:00,2,peotv,2 + peotv
2026-05-13 21:54:00,S,5.0,timeout,S5t,NO,NO,NO,NO,True,2247.45,S5,NO,NO,0,0,72,,0,True,True,True,True,False,2026-05-13,21:54:00,5,timeout,5 + timeout
2026-05-13 21:54:00,S,4.0,extragb,S4111,NO,NO,NO,YES,True,-485.95,S41,NO,NO,0,0,140,,0,False,True,True,True,False,2026-05-13,21:54:00,4,extragb,4 + extragb
2026-05-13 21:54:00,S,7.0,,S7,NO,NO,NO,NO,True,-2.28,S7,YES,NO,0,0,760,,0,False,False,False,False,True,2026-05-13,21:54:00,7,Null,7 + Null
2026-05-13 21:54:00,S,,,S,NO,NO,NO,NO,False,,,NO,NO,0,0,28,,0,True,True,True,True,False,2026-05-13,21:54:00,Null,Null,Null + Null
2026-05-13 21:54:00,S,2.0,peotv,S21,NO,YES,NO,NO,True,11621.49,S2,NO,NO,0,0,134,,0,False,True,True,True,False,2026-05-13,21:54:00,2,peotv,2 + peotv
2026-05-13 21:54:00,S,2.0,peotv,S21,NO,NO,NO,NO,True,7532.29,S2,YES,NO,0,0,299,,0,False,False,True,True,False,2026-05-13,21:54:00,2,peotv,2 + peotv
2026-05-13 21:54:00,S,4.0,extragb,S4111,NO,NO,NO,YES,True,4424.08,S41,NO,NO,0,0,127,,0,False,True,True,True,False,2026-05-13,21:54:00,4,extragb,4 + extragb
2026-05-13 21:54:00,S,,,S,NO,NO,NO,NO,False,,S6,NO,YES,703,139,902,,842,False,False,False,False,True,2026-05-13,21:54:00,Null,Null,Null + Null
2026-05-13 21:54:00,S,2.0,peotv,S21,NO,NO,NO,NO,True,1659.65,S2,YES,YES,745,409,1238,,1154,False,False,False,False,True,2026-05-13,21:54:00,2,peotv,2 + peotv
2026-05-13 21:54:00,S,1.0,,MOBITEL_SLty1,NO,NO,NO,NO,False,,S1,YES,NO,0,0,89,,0,True,True,True,True,False,2026-05-13,21:54:00,1,Null,1 + Null
2026-05-13 21:54:00,S,2.0,broadband,S22,YES,NO,NO,NO,True,6314.75,S2,YES,YES,693,240,1005,,933,False,False,False,False,True,2026-05-13,21:54:00,2,broadband,2 + broadband
2026-05-13 21:54:00,S,,,S,NO,NO,NO,NO,False,,,NO,NO,0,0,131,,0,False,True,True,True,False,2026-05-13,21:54:00,Null,Null,Null + Null
2026-05-13 21:54:00,S,2.0,peotv,S211,NO,YES,NO,NO,True,2134.82,S2,YES,NO,0,0,248,,0,False,False,True,True,False,2026-05-13,21:54:00,2,peotv,2 + peotv
2026-05-13 21:54:00,S,2.0,peotv,S21,NO,NO,NO,NO,True,6539.73,S2,YES,NO,0,0,172,,0,False,True,True,True,False,2026-05-13,21:54:00,2,peotv,2 + peotv
2026-05-13 21:54:00,S,,,S,NO,NO,NO,NO,False,,,NO,NO,0,0,47,,0,True,True,True,True,False,2026-05-13,21:54:00,Null,Null,Null + Null
2026-05-13 21:54:00,S,,,S,NO,NO,NO,NO,False,,,NO,NO,0,0,21,,0,True,True,True,True,False,2026-05-13,21:54:00,Null,Null,Null + Null
2026-05-13 21:54:00,S,2.0,peotv,S211,NO,YES,NO,NO,True,2323.84,S2,YES,YES,700,41,883,,741,False,False,False,False,True,2026-05-13,21:54:00,2,peotv,2 + peotv
2026-05-13 21:54:00,S,3.0,,S3,NO,NO,NO,NO,True,1740.37,S3,YES,YES,695,94,894,,789,False,False,False,False,True,2026-05-13,21:54:00,3,Null,3 + Null
2026-05-13 21:54:00,S,7.0,,S7,NO,NO,NO,NO,True,-82.42,S7,YES,NO,0,0,170,,0,False,True,True,True,False,2026-05-13,21:54:00,7,Null,7 + Null
2026-05-13 21:54:00,S,2.0,peotv,S21,NO,NO,NO,NO,True,-2.39,S2,YES,YES,673,73,831,,746,False,False,False,False,True,2026-05-13,21:54:00,2,peotv,2 + peotv
2026-05-13 21:54:00,S,4.0,extragb,S4111,NO,NO,NO,YES,True,-350.83,S41,NO,NO,0,0,60,,0,True,True,True,True,False,2026-05-13,21:54:00,4,extragb,4 + extragb
2026-05-13 21:54:00,S,2.0,peotv,S21,NO,NO,NO,NO,True,1011.24,S2,YES,NO,0,0,439,,0,False,False,False,True,False,2026-05-13,21:54:00,2,peotv,2 + peotv
2026-05-13 21:54:00,S,2.0,peotv,S21,NO,NO,NO,NO,True,-0.36,S2,YES,NO,0,0,346,,0,False,False,False,True,False,2026-05-13,21:54:00,2,peotv,2 + peotv
2026-05-13 21:54:00,S,2.0,peotv,S21,NO,YES,NO,NO,True,0.0,S2,YES,YES,690,39,808,,729,False,False,False,False,True,2026-05-13,21:54:00,2,peotv,2 + peotv
2026-05-13 21:54:00,S,2.0,peotv,S21,NO,NO,NO,NO,True,6050.6,S2,YES,NO,0,0,139,,0,False,True,True,True,False,2026-05-13,21:54:00,2,peotv,2 + peotv
2026-05-13 21:54:00,S,2.0,peotv,S21,NO,NO,NO,NO,True,-2618.6,S2,YES,NO,0,0,614,,0,False,False,False,False,True,2026-05-13,21:54:00,2,peotv,2 + peotv
2026-05-13 21:54:00,S,2.0,broadband,S22,YES,NO,NO,NO,True,16073.38,S2,NO,NO,0,0,57,,0,True,True,True,True,False,2026-05-13,21:54:00,2,broadband,2 + broadband
2026-05-13 21:54:00,S,,,S,NO,NO,NO,NO,False,,,NO,NO,0,0,34,,0,True,True,True,True,False,2026-05-13,21:54:00,Null,Null,Null + Null
2026-05-13 21:54:00,S,4.0,extragb,S4111,NO,NO,NO,YES,True,4305.9,S41,NO,NO,0,0,76,,0,True,True,True,True,False,2026-05-13,21:54:00,4,extragb,4 + extragb
2026-05-13 21:54:00,S,2.0,other,S24,NO,NO,NO,NO,True,7632.6,S2,YES,NO,0,0,662,,0,False,False,False,False,True,2026-05-13,21:54:00,2,other,2 + other
2026-05-13 21:54:00,S,1.0,,SLty1,NO,NO,NO,NO,False,,S1,YES,NO,0,0,122,,0,False,True,True,True,False,2026-05-13,21:54:00,1,Null,1 + Null
2026-05-13 21:54:00,S,2.0,peotv,S211,NO,YES,NO,NO,True,3660.77,S2,YES,NO,0,0,179,,0,False,True,True,True,False,2026-05-13,21:54:00,2,peotv,2 + peotv
2026-05-13 21:54:00,S,4.0,addon,S412,NO,NO,NO,NO,True,43.33,S41,NO,NO,0,0,28,,0,True,True,True,True,False,2026-05-13,21:54:00,4,addon,4 + addon
2026-05-13 21:54:00,S,2.0,peotv,S211,NO,YES,NO,NO,True,5802.32,S2,YES,NO,0,0,313,,0,False,False,False,True,False,2026-05-13,21:54:00,2,peotv,2 + peotv
2026-05-13 21:54:00,S,,,S,NO,NO,NO,NO,True,4280.67,,NO,NO,0,0,139,,0,False,True,True,True,False,2026-05-13,21:54:00,Null,Null,Null + Null
2026-05-13 21:54:00,S,4.0,extragb,S411,NO,NO,NO,NO,True,3747.77,S41,YES,NO,0,0,94,,0,True,True,True,True,False,2026-05-13,21:54:00,4,extragb,4 + extragb
2026-05-13 21:54:00,S,2.0,peotv,S21,NO,NO,NO,NO,True,5716.9,S2,YES,NO,0,0,134,,0,False,True,True,True,False,2026-05-13,21:54:00,2,peotv,2 + peotv
2026-05-13 21:54:00,S,2.0,broadband,S22,NO,NO,NO,NO,True,0.0,S2,YES,YES,671,58,843,,729,False,False,False,False,True,2026-05-13,21:54:00,2,broadband,2 + broadband
2026-05-13 21:54:00,S,3.0,,S3,NO,NO,NO,NO,True,518.52,S3,YES,NO,0,0,506,,0,False,False,False,False,True,2026-05-13,21:54:00,3,Null,3 + Null
2026-05-13 21:54:00,S,4.0,extragb,S4112,NO,NO,NO,NO,True,8654.04,S41,NO,NO,0,0,28,,0,True,True,True,True,False,2026-05-13,21:54:00,4,extragb,4 + extragb
2026-05-13 21:54:00,S,,,S,NO,NO,NO,NO,False,,,NO,NO,0,0,23,,0,True,True,True,True,False,2026-05-13,21:54:00,Null,Null,Null + Null
2026-05-13 21:54:00,T,1.0,,TLty1,NO,NO,NO,NO,False,,T1,YES,YES,740,105,908,,845,False,False,False,False,True,2026-05-13,21:54:00,1,Null,1 + Null
2026-05-13 21:54:00,S,2.0,broadband,S22,NO,NO,NO,NO,True,3856.22,S2,YES,YES,703,168,942,,871,False,False,False,False,True,2026-05-13,21:54:00,2,broadband,2 + broadband
2026-05-13 21:54:00,E,,,E,NO,NO,NO,NO,False,,,NO,NO,0,0,22,,0,True,True,True,True,False,2026-05-13,21:54:00,Null,Null,Null + Null
2026-05-13 21:54:00,S,4.0,extragb,S41t,NO,NO,NO,NO,True,2294.23,S41,YES,NO,0,0,415,,0,False,False,False,True,False,2026-05-13,21:54:00,4,extragb,4 + extragb
2026-05-13 21:54:00,S,4.0,extragb,S4111,NO,NO,NO,YES,True,3885.47,S41,NO,NO,0,0,108,,0,False,True,True,True,False,2026-05-13,21:54:00,4,extragb,4 + extragb
2026-05-13 21:54:00,S,3.0,,S3,NO,NO,NO,NO,True,2874.01,S3,NO,NO,0,0,58,,0,True,True,True,True,False,2026-05-13,21:54:00,3,Null,3 + Null
2026-05-13 21:54:00,S,2.0,peotv,S211,NO,YES,NO,NO,True,2711.65,S2,YES,YES,773,586,1465,,1359,False,False,False,False,True,2026-05-13,21:54:00,2,peotv,2 + peotv
2026-05-13 21:54:00,S,2.0,peotv,S21,NO,YES,NO,NO,True,548.6,S2,YES,NO,0,0,153,,0,False,True,True,True,False,2026-05-13,21:54:00,2,peotv,2 + peotv
2026-05-13 21:54:00,S,3.0,,S3,NO,NO,NO,NO,True,11968.3,S3,YES,YES,673,56,808,,729,False,False,False,False,True,2026-05-13,21:54:00,3,Null,3 + Null
2026-05-13 21:54:00,S,1.0,,SLty1,NO,NO,NO,NO,False,,S1,YES,NO,0,0,212,,0,False,False,True,True,False,2026-05-13,21:54:00,1,Null,1 + Null
2026-05-13 21:54:00,S,,,S,NO,NO,NO,NO,False,,,NO,NO,0,0,53,,0,True,True,True,True,False,2026-05-13,21:54:00,Null,Null,Null + Null
2026-05-13 21:54:00,S,,,S,NO,NO,NO,NO,True,4143.03,,NO,NO,0,0,54,,0,True,True,True,True,False,2026-05-13,21:54:00,Null,Null,Null + Null
2026-05-13 21:54:00,S,7.0,,S7,NO,NO,NO,NO,True,4836.71,S7,YES,NO,0,0,97,,0,True,True,True,True,False,2026-05-13,21:54:00,7,Null,7 + Null
2026-05-13 21:54:00,S,3.0,,S3,NO,NO,NO,NO,True,-6.71,S3,YES,NO,0,0,571,,0,False,False,False,False,True,2026-05-13,21:54:00,3,Null,3 + Null
2026-05-13 21:54:00,S,7.0,,S7,NO,NO,NO,NO,True,6341.42,S7,YES,NO,0,0,108,,0,False,True,True,True,False,2026-05-13,21:54:00,7,Null,7 + Null
2026-05-13 21:54:00,S,7.0,,S7,NO,NO,NO,NO,True,4838.03,S7,YES,NO,0,0,418,,0,False,False,False,True,False,2026-05-13,21:54:00,7,Null,7 + Null
2026-05-13 21:54:00,S,4.0,extragb,S4112,NO,NO,NO,NO,True,103.6,S41,NO,NO,0,0,30,,0,True,True,True,True,False,2026-05-13,21:54:00,4,extragb,4 + extragb
2026-05-13 21:53:00,S,3.0,,S3,NO,NO,NO,NO,True,12658.3,S3,NO,NO,0,0,74,,0,True,True,True,True,False,2026-05-13,21:53:00,3,Null,3 + Null
2026-05-13 21:53:00,S,2.0,peotv,S211,NO,YES,NO,NO,True,3206.16,S2,YES,NO,0,0,244,,0,False,False,True,True,False,2026-05-13,21:53:00,2,peotv,2 + peotv
2026-05-13 21:53:00,S,3.0,,S3,NO,NO,NO,NO,True,5219.87,S3,YES,YES,651,129,887,,780,False,False,False,False,True,2026-05-13,21:53:00,3,Null,3 + Null
2026-05-13 21:53:00,S,,,S,NO,NO,NO,NO,False,,,NO,NO,0,0,155,,0,False,True,True,True,False,2026-05-13,21:53:00,Null,Null,Null + Null
2026-05-13 21:53:00,S,,,S,NO,NO,NO,NO,False,,,NO,NO,0,0,23,,0,True,True,True,True,False,2026-05-13,21:53:00,Null,Null,Null + Null
2026-05-13 21:53:00,S,,,S,NO,NO,NO,NO,False,,,NO,NO,0,0,16,,0,True,True,True,True,False,2026-05-13,21:53:00,Null,Null,Null + Null
2026-05-13 21:53:00,S,2.0,peotv,S21,NO,NO,NO,NO,True,1896.28,S2,YES,NO,0,0,223,,0,False,False,True,True,False,2026-05-13,21:53:00,2,peotv,2 + peotv
2026-05-13 21:53:00,S,4.0,extragb,S4111,NO,NO,NO,YES,True,6845.88,S41,NO,NO,0,0,52,,0,True,True,True,True,False,2026-05-13,21:53:00,4,extragb,4 + extragb
2026-05-13 21:53:00,S,,,S,NO,NO,NO,NO,False,,,NO,NO,0,0,85,,0,True,True,True,True,False,2026-05-13,21:53:00,Null,Null,Null + Null
2026-05-13 21:53:00,S,4.0,extragb,S411,NO,NO,NO,NO,True,6374.56,S41,YES,YES,676,229,974,,905,False,False,False,False,True,2026-05-13,21:53:00,4,extragb,4 + extragb
2026-05-13 21:53:00,S,3.0,,S3,NO,NO,NO,NO,True,6240.49,S3,YES,NO,0,0,298,,0,False,False,True,True,False,2026-05-13,21:53:00,3,Null,3 + Null
2026-05-13 21:53:00,S,,,S,NO,NO,NO,NO,False,,,NO,NO,0,0,33,,0,True,True,True,True,False,2026-05-13,21:53:00,Null,Null,Null + Null
2026-05-13 21:53:00,S,2.0,peotv,S21,NO,NO,NO,NO,True,-1040.83,S2,YES,NO,0,0,383,,0,False,False,False,True,False,2026-05-13,21:53:00,2,peotv,2 + peotv
2026-05-13 21:53:00,S,,,S,NO,NO,NO,NO,False,,,NO,NO,0,0,34,,0,True,True,True,True,False,2026-05-13,21:53:00,Null,Null,Null + Null
2026-05-13 21:53:00,S,2.0,peotv,S21,NO,YES,NO,NO,True,-712.17,S2,YES,YES,687,111,879,,798,False,False,False,False,True,2026-05-13,21:53:00,2,peotv,2 + peotv
2026-05-13 21:53:00,S,7.0,,S7,NO,NO,NO,NO,True,9552.88,S7,YES,NO,0,0,76,,0,True,True,True,True,False,2026-05-13,21:53:00,7,Null,7 + Null
2026-05-13 21:53:00,S,1.0,,S1,NO,NO,NO,NO,False,,S1,YES,NO,0,0,474,,0,False,False,False,True,False,2026-05-13,21:53:00,1,Null,1 + Null
2026-05-13 21:53:00,S,,,S,NO,NO,NO,NO,False,,,NO,NO,0,0,13,,0,True,True,True,True,False,2026-05-13,21:53:00,Null,Null,Null + Null
2026-05-13 21:53:00,S,7.0,,S7,NO,NO,NO,NO,True,2553.39,S7,YES,NO,0,0,373,,0,False,False,False,True,False,2026-05-13,21:53:00,7,Null,7 + Null
2026-05-13 21:53:00,S,7.0,,S7,NO,NO,NO,NO,True,-11337.09,S7,YES,YES,694,136,887,,830,False,False,False,False,True,2026-05-13,21:53:00,7,Null,7 + Null
2026-05-13 21:53:00,S,2.0,peotv,S21,NO,NO,NO,NO,True,4691.98,S2,YES,YES,686,46,825,,732,False,False,False,False,True,2026-05-13,21:53:00,2,peotv,2 + peotv
2026-05-13 21:53:00,S,,,S,NO,NO,NO,NO,False,,,NO,NO,0,0,81,,0,True,True,True,True,False,2026-05-13,21:53:00,Null,Null,Null + Null
2026-05-13 21:53:00,S,2.0,broadband,MOBITEL_S22,NO,NO,YES,NO,True,9914.74,S2,YES,NO,0,0,187,,0,False,True,True,True,False,2026-05-13,21:53:00,2,broadband,2 + broadband
2026-05-13 21:53:00,S,1.0,,SLty1,NO,NO,NO,NO,False,,S1,YES,YES,687,41,784,,728,False,False,False,False,True,2026-05-13,21:53:00,1,Null,1 + Null
2026-05-13 21:53:00,S,,,S,NO,NO,NO,NO,False,,,NO,NO,0,0,72,,0,True,True,True,True,False,2026-05-13,21:53:00,Null,Null,Null + Null
2026-05-13 21:53:00,S,2.0,peotv,S21,NO,NO,NO,NO,True,-2.98,S2,YES,NO,0,0,429,,0,False,False,False,True,False,2026-05-13,21:53:00,2,peotv,2 + peotv
2026-05-13 21:53:00,S,2.0,peotv,S211,NO,YES,NO,NO,True,2670.37,S2,YES,NO,0,0,231,,0,False,False,True,True,False,2026-05-13,21:53:00,2,peotv,2 + peotv
2026-05-13 21:53:00,S,2.0,peotv,S21,NO,NO,NO,NO,True,-41.41,S2,YES,NO,0,0,218,,0,False,False,True,True,False,2026-05-13,21:53:00,2,peotv,2 + peotv
2026-05-13 21:53:00,S,4.0,extragb,S4111,NO,NO,NO,YES,True,2143459.83,S41,NO,NO,0,0,109,,0,False,True,True,True,False,2026-05-13,21:53:00,4,extragb,4 + extragb
2026-05-13 21:53:00,S,2.0,peotv,S211,NO,YES,NO,NO,True,6142.97,S2,YES,NO,0,0,487,,0,False,False,False,True,False,2026-05-13,21:53:00,2,peotv,2 + peotv
2026-05-13 21:53:00,S,2.0,peotv,S21,YES,NO,NO,NO,True,0.0,S2,YES,NO,0,0,741,,0,False,False,False,False,True,2026-05-13,21:53:00,2,peotv,2 + peotv
2026-05-13 21:53:00,S,2.0,peotv,S21,NO,NO,NO,NO,True,3053.15,S2,YES,NO,0,0,581,,0,False,False,False,False,True,2026-05-13,21:53:00,2,peotv,2 + peotv
2026-05-13 21:53:00,S,7.0,,S7,NO,NO,NO,NO,True,7405.98,S7,YES,YES,692,191,977,,883,False,False,False,False,True,2026-05-13,21:53:00,7,Null,7 + Null
2026-05-13 21:53:00,S,1.0,,MOBITEL_SLty1,NO,NO,NO,NO,False,,S1,YES,YES,659,96,802,,755,False,False,False,False,True,2026-05-13,21:53:00,1,Null,1 + Null
2026-05-13 21:53:00,S,1.0,,S1,NO,NO,NO,NO,True,-2.49,S1,YES,YES,674,56,790,,730,False,False,False,False,True,2026-05-13,21:53:00,1,Null,1 + Null
2026-05-13 21:53:00,S,7.0,,S7,NO,NO,NO,NO,False,,S7,YES,NO,0,0,684,,0,False,False,False,False,True,2026-05-13,21:53:00,7,Null,7 + Null
2026-05-13 21:53:00,S,,,S,NO,NO,NO,NO,False,,,NO,NO,0,0,21,,0,True,True,True,True,False,2026-05-13,21:53:00,Null,Null,Null + Null
2026-05-13 21:53:00,S,2.0,peotv,S21,YES,NO,NO,NO,True,2784.57,S2,YES,YES,684,119,879,,803,False,False,False,False,True,2026-05-13,21:53:00,2,peotv,2 + peotv
2026-05-13 21:53:00,S,2.0,peotv,S21,NO,NO,NO,NO,True,446.41,S2,YES,NO,0,0,494,,0,False,False,False,True,False,2026-05-13,21:53:00,2,peotv,2 + peotv
2026-05-13 21:53:00,S,,,S,NO,NO,NO,NO,True,796.07,,NO,NO,0,0,43,,0,True,True,True,True,False,2026-05-13,21:53:00,Null,Null,Null + Null
2026-05-13 21:53:00,S,2.0,voice,S23,NO,NO,NO,NO,True,10773.62,S2,NO,NO,0,0,116,,0,False,True,True,True,False,2026-05-13,21:53:00,2,voice,2 + voice
2026-05-13 21:53:00,S,2.0,broadband,S221,NO,YES,NO,NO,True,7257.12,S2,YES,NO,0,0,231,,0,False,False,True,True,False,2026-05-13,21:53:00,2,broadband,2 + broadband
2026-05-13 21:53:00,T,7.0,,T7,NO,NO,NO,NO,False,,T7,YES,NO,0,0,735,,0,False,False,False,False,True,2026-05-13,21:53:00,7,Null,7 + Null
2026-05-13 21:53:00,S,,,MOBITEL_S,NO,NO,NO,NO,False,,,NO,NO,0,0,30,,0,True,True,True,True,False,2026-05-13,21:53:00,Null,Null,Null + Null
2026-05-13 21:53:00,S,,,S,NO,NO,NO,NO,False,,,NO,NO,0,0,93,,0,True,True,True,True,False,2026-05-13,21:53:00,Null,Null,Null + Null
2026-05-13 21:53:00,S,3.0,,S3,NO,NO,NO,NO,True,735.57,S3,YES,NO,0,0,603,,0,False,False,False,False,True,2026-05-13,21:53:00,3,Null,3 + Null
2026-05-13 21:53:00,S,,,S,NO,NO,NO,NO,False,,,NO,NO,0,0,19,,0,True,True,True,True,False,2026-05-13,21:53:00,Null,Null,Null + Null
2026-05-13 21:53:00,S,2.0,peotv,S21,NO,YES,NO,NO,True,0.34,S2,YES,NO,0,0,303,,0,False,False,False,True,False,2026-05-13,21:53:00,2,peotv,2 + peotv
2026-05-13 21:53:00,S,2.0,peotv,S21,NO,NO,NO,NO,True,9685.58,S2,YES,NO,0,0,337,,0,False,False,False,True,False,2026-05-13,21:53:00,2,peotv,2 + peotv
2026-05-13 21:53:00,S,,,S,NO,NO,NO,NO,True,2937.12,,NO,NO,0,0,36,,0,True,True,True,True,False,2026-05-13,21:53:00,Null,Null,Null + Null
2026-05-13 21:53:00,S,,,S,NO,NO,NO,NO,True,16073.38,,NO,NO,0,0,17,,0,True,True,True,True,False,2026-05-13,21:53:00,Null,Null,Null + Null
2026-05-13 21:53:00,S,4.0,extragb,S411,NO,NO,NO,NO,True,4370.73,S41,YES,NO,0,0,135,,0,False,True,True,True,False,2026-05-13,21:53:00,4,extragb,4 + extragb
2026-05-13 21:53:00,S,2.0,peotv,S21,NO,NO,NO,NO,True,5897.3,S2,YES,NO,0,0,134,,0,False,True,True,True,False,2026-05-13,21:53:00,2,peotv,2 + peotv
2026-05-13 21:53:00,S,2.0,peotv,S21,NO,NO,NO,NO,True,8357.53,S2,YES,NO,0,0,579,,0,False,False,False,False,True,2026-05-13,21:53:00,2,peotv,2 + peotv
2026-05-13 21:53:00,S,,,S,NO,NO,NO,NO,False,,,NO,NO,0,0,45,,0,True,True,True,True,False,2026-05-13,21:53:00,Null,Null,Null + Null
2026-05-13 21:53:00,T,4.0,extragb,T4113,NO,NO,NO,NO,True,140.24,T41,NO,NO,0,0,130,,0,False,True,True,True,False,2026-05-13,21:53:00,4,extragb,4 + extragb
2026-05-13 21:53:00,E,4.0,extragb,E41121,NO,NO,NO,NO,True,-10206.87,E41,NO,NO,0,0,153,,0,False,True,True,True,False,2026-05-13,21:53:00,4,extragb,4 + extragb
2026-05-13 21:53:00,S,,,S,NO,NO,NO,NO,False,,,NO,NO,0,0,39,,0,True,True,True,True,False,2026-05-13,21:53:00,Null,Null,Null + Null
2026-05-13 21:53:00,S,3.0,,S3,NO,NO,NO,NO,True,-170.41,S3,YES,YES,678,37,794,,715,False,False,False,False,True,2026-05-13,21:53:00,3,Null,3 + Null
2026-05-13 21:53:00,S,2.0,peotv,S21,NO,NO,NO,NO,True,0.0,S2,YES,YES,696,50,834,,746,False,False,False,False,True,2026-05-13,21:53:00,2,peotv,2 + peotv
2026-05-13 21:53:00,S,2.0,peotv,S21,NO,NO,NO,NO,True,-6238.1,S2,YES,NO,0,0,196,,0,False,True,True,True,False,2026-05-13,21:53:00,2,peotv,2 + peotv
2026-05-13 21:53:00,S,7.0,,S7,NO,NO,NO,NO,True,6971.15,S7,YES,YES,686,78,795,,764,False,False,False,False,True,2026-05-13,21:53:00,7,Null,7 + Null
2026-05-13 21:53:00,S,2.0,peotv,S21,YES,NO,NO,NO,True,6382.86,S2,YES,YES,689,46,816,,735,False,False,False,False,True,2026-05-13,21:53:00,2,peotv,2 + peotv
2026-05-13 21:53:00,S,2.0,peotv,S21,NO,NO,NO,NO,True,6726.25,S2,YES,NO,0,0,703,,0,False,False,False,False,True,2026-05-13,21:53:00,2,peotv,2 + peotv
2026-05-13 21:53:00,T,,,T,NO,NO,NO,NO,False,,,NO,NO,0,0,21,,0,True,True,True,True,False,2026-05-13,21:53:00,Null,Null,Null + Null
2026-05-13 21:53:00,S,2.0,peotv,S211,NO,YES,NO,NO,True,2579.01,S2,YES,YES,690,191,1004,,881,False,False,False,False,True,2026-05-13,21:53:00,2,peotv,2 + peotv
2026-05-13 21:53:00,T,,,T,NO,NO,NO,NO,False,,,NO,NO,0,0,18,,0,True,True,True,True,False,2026-05-13,21:53:00,Null,Null,Null + Null
2026-05-13 21:53:00,S,2.0,peotv,S21,NO,NO,NO,NO,True,-408.62,S2,YES,YES,816,868,1823,,1684,False,False,False,False,True,2026-05-13,21:53:00,2,peotv,2 + peotv
2026-05-13 21:53:00,S,3.0,,S3,NO,NO,NO,NO,True,10506.62,S3,NO,NO,0,0,45,,0,True,True,True,True,False,2026-05-13,21:53:00,3,Null,3 + Null
2026-05-13 21:53:00,S,4.0,,S41,NO,NO,NO,NO,False,,S41,NO,NO,0,0,43,,0,True,True,True,True,False,2026-05-13,21:53:00,4,Null,4 + Null
2026-05-13 21:53:00,S,2.0,peotv,S21,NO,NO,NO,NO,True,1639.63,S2,YES,YES,695,35,790,,730,False,False,False,False,True,2026-05-13,21:53:00,2,peotv,2 + peotv
2026-05-13 21:53:00,S,1.0,,S1,NO,NO,NO,NO,True,-976.31,S1,YES,NO,0,0,452,,0,False,False,False,True,False,2026-05-13,21:53:00,1,Null,1 + Null
2026-05-13 21:52:00,S,2.0,peotv,S21,NO,NO,NO,NO,True,4384.31,S2,YES,YES,684,57,798,,741,False,False,False,False,True,2026-05-13,21:52:00,2,peotv,2 + peotv
2026-05-13 21:52:00,S,7.0,,MOBITEL_S7,NO,NO,NO,NO,False,,S7,YES,NO,0,0,157,,0,False,True,True,True,False,2026-05-13,21:52:00,7,Null,7 + Null
2026-05-13 21:52:00,S,7.0,,MOBITEL_S7,NO,NO,NO,NO,True,9419.36,S7,YES,YES,705,107,912,,812,False,False,False,False,True,2026-05-13,21:52:00,7,Null,7 + Null
2026-05-13 21:52:00,S,2.0,peotv,S21,NO,NO,NO,NO,True,-124.14,S2,YES,NO,0,0,265,,0,False,False,True,True,False,2026-05-13,21:52:00,2,peotv,2 + peotv
2026-05-13 21:52:00,S,2.0,peotv,S21,NO,NO,NO,NO,True,6576.09,S2,YES,NO,0,0,736,,0,False,False,False,False,True,2026-05-13,21:52:00,2,peotv,2 + peotv
2026-05-13 21:52:00,S,3.0,,S3,NO,NO,NO,NO,True,-21.5,S3,YES,NO,0,0,357,,0,False,False,False,True,False,2026-05-13,21:52:00,3,Null,3 + Null
2026-05-13 21:52:00,S,3.0,,S3,NO,NO,NO,NO,True,2964.13,S3,YES,NO,0,0,648,,0,False,False,False,False,True,2026-05-13,21:52:00,3,Null,3 + Null
2026-05-13 21:52:00,S,2.0,peotv,S21,NO,NO,NO,NO,True,2047.79,S2,YES,NO,0,0,361,,0,False,False,False,True,False,2026-05-13,21:52:00,2,peotv,2 + peotv
2026-05-13 21:52:00,S,2.0,peotv,S211,NO,YES,NO,NO,True,4652.58,S2,YES,NO,0,0,278,,0,False,False,True,True,False,2026-05-13,21:52:00,2,peotv,2 + peotv
2026-05-13 21:52:00,S,,,S,NO,NO,NO,NO,False,,,NO,NO,0,0,27,,0,True,True,True,True,False,2026-05-13,21:52:00,Null,Null,Null + Null
2026-05-13 21:52:00,S,,,S,NO,NO,NO,NO,False,,,NO,NO,0,0,26,,0,True,True,True,True,False,2026-05-13,21:52:00,Null,Null,Null + Null
2026-05-13 21:52:00,S,4.0,extragb,S4111,NO,NO,NO,YES,True,520.23,S41,NO,NO,0,0,139,,0,False,True,True,True,False,2026-05-13,21:52:00,4,extragb,4 + extragb
2026-05-13 21:52:00,S,2.0,peotv,S21,NO,YES,NO,NO,True,-110.91,S2,YES,NO,0,0,139,,0,False,True,True,True,False,2026-05-13,21:52:00,2,peotv,2 + peotv
2026-05-13 21:52:00,S,,,S,NO,NO,NO,NO,False,,,NO,NO,0,0,17,,0,True,True,True,True,False,2026-05-13,21:52:00,Null,Null,Null + Null
2026-05-13 21:52:00,S,3.0,,S3,NO,NO,NO,NO,True,-40.77,S3,NO,NO,0,0,141,,0,False,True,True,True,False,2026-05-13,21:52:00,3,Null,3 + Null
2026-05-13 21:52:00,S,,,S,NO,NO,NO,NO,False,,,NO,NO,0,0,24,,0,True,True,True,True,False,2026-05-13,21:52:00,Null,Null,Null + Null
2026-05-13 21:52:00,S,4.0,extragb,S4112,NO,NO,NO,NO,True,3670.14,S41,NO,NO,0,0,45,,0,True,True,True,True,False,2026-05-13,21:52:00,4,extragb,4 + extragb
2026-05-13 21:52:00,S,1.0,,SLty1,NO,NO,NO,NO,False,,S1,YES,NO,0,0,529,,0,False,False,False,False,True,2026-05-13,21:52:00,1,Null,1 + Null
2026-05-13 21:52:00,S,7.0,,S7,NO,NO,NO,NO,True,7334.06,S7,NO,NO,0,0,59,,0,True,True,True,True,False,2026-05-13,21:52:00,7,Null,7 + Null
2026-05-13 21:52:00,E,2.0,peotv,E21,NO,NO,NO,NO,True,10564.03,E2,YES,NO,0,0,183,,0,False,True,True,True,False,2026-05-13,21:52:00,2,peotv,2 + peotv
2026-05-13 21:52:00,S,,,S,NO,NO,NO,NO,False,,,NO,NO,0,0,23,,0,True,True,True,True,False,2026-05-13,21:52:00,Null,Null,Null + Null
2026-05-13 21:52:00,S,2.0,peotv,S21,NO,NO,NO,NO,True,0.0,S2,YES,NO,0,0,592,,0,False,False,False,False,True,2026-05-13,21:52:00,2,peotv,2 + peotv
2026-05-13 21:52:00,S,,,S,NO,NO,NO,NO,True,3747.77,,NO,NO,0,0,27,,0,True,True,True,True,False,2026-05-13,21:52:00,Null,Null,Null + Null
2026-05-13 21:52:00,S,3.0,,S3,NO,NO,NO,NO,True,4220.15,S3,YES,NO,0,0,293,,0,False,False,True,True,False,2026-05-13,21:52:00,3,Null,3 + Null
2026-05-13 21:52:00,S,2.0,peotv,S21,YES,NO,NO,NO,True,5408.47,S2,NO,NO,0,0,76,,0,True,True,True,True,False,2026-05-13,21:52:00,2,peotv,2 + peotv
2026-05-13 21:52:00,S,3.0,,S3,NO,NO,NO,NO,True,3421.11,S3,NO,NO,0,0,59,,0,True,True,True,True,False,2026-05-13,21:52:00,3,Null,3 + Null
2026-05-13 21:52:00,S,4.0,extragb,S411,NO,NO,NO,NO,True,4305.9,S41,NO,NO,0,0,72,,0,True,True,True,True,False,2026-05-13,21:52:00,4,extragb,4 + extragb
2026-05-13 21:52:00,S,,,S,NO,NO,NO,NO,False,,,NO,NO,0,0,33,,0,True,True,True,True,False,2026-05-13,21:52:00,Null,Null,Null + Null
2026-05-13 21:52:00,S,3.0,,S3,NO,NO,NO,NO,True,3978.59,S3,YES,NO,0,0,238,,0,False,False,True,True,False,2026-05-13,21:52:00,3,Null,3 + Null
2026-05-13 21:52:00,S,3.0,,S3,NO,NO,NO,NO,True,7665.2,S3,YES,NO,0,0,175,,0,False,True,True,True,False,2026-05-13,21:52:00,3,Null,3 + Null
2026-05-13 21:52:00,S,2.0,peotv,S21,NO,NO,NO,NO,True,-246.95,S2,YES,NO,0,0,250,,0,False,False,True,True,False,2026-05-13,21:52:00,2,peotv,2 + peotv
2026-05-13 21:52:00,S,2.0,peotv,S21,NO,YES,NO,NO,True,-416.09,S2,YES,NO,0,0,304,,0,False,False,False,True,False,2026-05-13,21:52:00,2,peotv,2 + peotv
2026-05-13 21:52:00,S,3.0,,S3,NO,NO,NO,NO,True,6952.07,S3,YES,NO,0,0,480,,0,False,False,False,True,False,2026-05-13,21:52:00,3,Null,3 + Null
2026-05-13 21:52:00,S,4.0,extragb,S4111,NO,NO,NO,YES,True,2306.05,S41,NO,NO,0,0,54,,0,True,True,True,True,False,2026-05-13,21:52:00,4,extragb,4 + extragb
2026-05-13 21:52:00,S,2.0,broadband,S22i,NO,NO,YES,NO,True,4424.08,S2,NO,NO,0,0,101,,0,False,True,True,True,False,2026-05-13,21:52:00,2,broadband,2 + broadband
2026-05-13 21:52:00,S,2.0,peotv,S21,YES,NO,NO,NO,True,6336.23,S2,NO,NO,0,0,35,,0,True,True,True,True,False,2026-05-13,21:52:00,2,peotv,2 + peotv
2026-05-13 21:52:00,S,2.0,peotv,S21,YES,NO,NO,NO,True,2386.73,S2,YES,YES,699,90,924,,789,False,False,False,False,True,2026-05-13,21:52:00,2,peotv,2 + peotv
2026-05-13 21:52:00,S,1.0,,S1,NO,NO,NO,NO,True,7052.33,S1,YES,NO,0,0,237,,0,False,False,True,True,False,2026-05-13,21:52:00,1,Null,1 + Null
2026-05-13 21:52:00,S,2.0,peotv,S21,NO,NO,NO,NO,True,4111.01,S2,YES,NO,0,0,360,,0,False,False,False,True,False,2026-05-13,21:52:00,2,peotv,2 + peotv
2026-05-13 21:52:00,S,3.0,,S3,NO,NO,NO,NO,True,2763.12,S3,YES,YES,695,39,787,,734,False,False,False,False,True,2026-05-13,21:52:00,3,Null,3 + Null
2026-05-13 21:52:00,E,7.0,,E7,NO,NO,NO,NO,True,-3.31,E7,YES,NO,0,0,324,,0,False,False,False,True,False,2026-05-13,21:52:00,7,Null,7 + Null
2026-05-13 21:52:00,S,2.0,peotv,S21,NO,NO,NO,NO,True,6318.25,S2,YES,NO,0,0,374,,0,False,False,False,True,False,2026-05-13,21:52:00,2,peotv,2 + peotv
2026-05-13 21:52:00,S,,,S,NO,NO,NO,NO,False,,,NO,NO,0,0,19,,0,True,True,True,True,False,2026-05-13,21:52:00,Null,Null,Null + Null
2026-05-13 21:52:00,E,,,MOBITEL_E,NO,NO,NO,NO,False,,,NO,NO,0,0,56,,0,True,True,True,True,False,2026-05-13,21:52:00,Null,Null,Null + Null
2026-05-13 21:52:00,S,2.0,other,S2i,NO,NO,NO,NO,True,3489.68,S2,YES,YES,743,204,1043,,947,False,False,False,False,True,2026-05-13,21:52:00,2,other,2 + other
2026-05-13 21:52:00,S,7.0,,S7,NO,NO,NO,NO,True,0.0,S7,YES,YES,694,54,830,,748,False,False,False,False,True,2026-05-13,21:52:00,7,Null,7 + Null
2026-05-13 21:52:00,S,2.0,peotv,S21,NO,NO,NO,NO,True,-83.47,S2,YES,YES,688,45,797,,733,False,False,False,False,True,2026-05-13,21:52:00,2,peotv,2 + peotv
2026-05-13 21:52:00,S,2.0,peotv,S21,NO,YES,NO,NO,True,0.0,S2,YES,NO,0,0,257,,0,False,False,True,True,False,2026-05-13,21:52:00,2,peotv,2 + peotv
2026-05-13 21:52:00,S,2.0,peotv,S21,NO,NO,NO,NO,True,2814.07,S2,YES,YES,695,35,763,,730,False,False,False,False,True,2026-05-13,21:52:00,2,peotv,2 + peotv
2026-05-13 21:52:00,S,2.0,peotv,S21,NO,NO,NO,NO,True,2752.91,S2,NO,NO,0,0,82,,0,True,True,True,True,False,2026-05-13,21:52:00,2,peotv,2 + peotv
2026-05-13 21:52:00,S,7.0,,S7,NO,NO,NO,NO,True,5089.08,S7,YES,NO,0,0,135,,0,False,True,True,True,False,2026-05-13,21:52:00,7,Null,7 + Null
2026-05-13 21:52:00,S,,,S,NO,NO,NO,NO,False,,,NO,NO,0,0,57,,0,True,True,True,True,False,2026-05-13,21:52:00,Null,Null,Null + Null
2026-05-13 21:52:00,S,2.0,peotv,S21,YES,NO,NO,NO,True,6769.22,S2,YES,NO,0,0,382,,0,False,False,False,True,False,2026-05-13,21:52:00,2,peotv,2 + peotv
2026-05-13 21:52:00,S,2.0,peotv,S21,NO,NO,NO,NO,True,2349.35,S2,YES,YES,690,39,819,,729,False,False,False,False,True,2026-05-13,21:52:00,2,peotv,2 + peotv
2026-05-13 21:52:00,T,1.0,,TLty1,NO,NO,NO,NO,False,,T1,YES,YES,626,115,804,,741,False,False,False,False,True,2026-05-13,21:52:00,1,Null,1 + Null
2026-05-13 21:52:00,S,4.0,extragb,S4111,NO,NO,NO,YES,True,7925.61,S41,NO,NO,0,0,66,,0,True,True,True,True,False,2026-05-13,21:52:00,4,extragb,4 + extragb
2026-05-13 21:52:00,S,2.0,peotv,S211,NO,YES,NO,NO,True,5582.07,S2,YES,NO,0,0,624,,0,False,False,False,False,True,2026-05-13,21:52:00,2,peotv,2 + peotv
2026-05-13 21:52:00,S,2.0,peotv,S211,NO,YES,NO,NO,True,5065.55,S2,YES,NO,0,0,298,,0,False,False,True,True,False,2026-05-13,21:52:00,2,peotv,2 + peotv
2026-05-13 21:52:00,S,3.0,,S3,NO,NO,NO,NO,True,5452.89,S3,YES,NO,0,0,394,,0,False,False,False,True,False,2026-05-13,21:52:00,3,Null,3 + Null
2026-05-13 21:52:00,E,,,E,NO,NO,NO,NO,False,,,NO,NO,0,0,28,,0,True,True,True,True,False,2026-05-13,21:52:00,Null,Null,Null + Null
2026-05-13 21:52:00,E,,,E,NO,NO,NO,NO,False,,,NO,NO,0,0,33,,0,True,True,True,True,False,2026-05-13,21:52:00,Null,Null,Null + Null
2026-05-13 21:52:00,E,2.0,broadband,E22,YES,NO,NO,NO,True,7997.63,E2,YES,NO,0,0,568,,0,False,False,False,False,True,2026-05-13,21:52:00,2,broadband,2 + broadband
2026-05-13 21:52:00,S,7.0,,S7,NO,NO,NO,NO,True,6306.96,S7,YES,NO,0,0,517,,0,False,False,False,False,True,2026-05-13,21:52:00,7,Null,7 + Null
2026-05-13 21:52:00,S,2.0,peotv,S21,NO,NO,NO,NO,True,-9.34,S2,YES,NO,0,0,659,,0,False,False,False,False,True,2026-05-13,21:52:00,2,peotv,2 + peotv
2026-05-13 21:52:00,S,3.0,,S3,NO,NO,NO,NO,True,5958.16,S3,NO,NO,0,0,79,,0,True,True,True,True,False,2026-05-13,21:52:00,3,Null,3 + Null
2026-05-13 21:52:00,S,2.0,peotv,S21,NO,YES,NO,NO,True,-6.94,S2,YES,NO,0,0,128,,0,False,True,True,True,False,2026-05-13,21:52:00,2,peotv,2 + peotv
2026-05-13 21:52:00,S,,,S,NO,NO,NO,NO,True,9769.67,,NO,NO,0,0,131,,0,False,True,True,True,False,2026-05-13,21:52:00,Null,Null,Null + Null
2026-05-13 21:52:00,S,7.0,,S7,NO,NO,NO,NO,True,-485.95,S7,YES,NO,0,0,363,,0,False,False,False,True,False,2026-05-13,21:52:00,7,Null,7 + Null
2026-05-13 21:52:00,S,2.0,peotv,S21,NO,YES,NO,NO,True,-42.72,S2,YES,NO,0,0,204,,0,False,False,True,True,False,2026-05-13,21:52:00,2,peotv,2 + peotv
2026-05-13 21:52:00,S,1.0,,MOBITEL_S1,NO,NO,NO,NO,True,3621.1,S1,YES,YES,751,247,1074,,998,False,False,False,False,True,2026-05-13,21:52:00,1,Null,1 + Null
2026-05-13 21:52:00,S,4.0,extragb,S4112,NO,NO,NO,NO,True,-362.95,S41,NO,NO,0,0,26,,0,True,True,True,True,False,2026-05-13,21:52:00,4,extragb,4 + extragb
2026-05-13 21:52:00,S,,,S,NO,NO,NO,NO,False,,,NO,NO,0,0,18,,0,True,True,True,True,False,2026-05-13,21:52:00,Null,Null,Null + Null
2026-05-13 21:52:00,S,7.0,,S7,NO,NO,NO,NO,True,-44.1,S7,YES,NO,0,0,488,,0,False,False,False,True,False,2026-05-13,21:52:00,7,Null,7 + Null
2026-05-13 21:52:00,S,2.0,peotv,S21,NO,NO,NO,NO,True,2855.37,S2,YES,NO,0,0,647,,0,False,False,False,False,True,2026-05-13,21:52:00,2,peotv,2 + peotv
2026-05-13 21:52:00,S,,,S,NO,NO,NO,NO,False,,,NO,NO,0,0,69,,0,True,True,True,True,False,2026-05-13,21:52:00,Null,Null,Null + Null
2026-05-13 21:52:00,S,,,S,NO,NO,NO,NO,True,2024.97,,NO,NO,0,0,21,,0,True,True,True,True,False,2026-05-13,21:52:00,Null,Null,Null + Null
2026-05-13 21:52:00,S,3.0,,S3,NO,NO,NO,NO,True,5725.88,S3,YES,NO,0,0,163,,0,False,True,True,True,False,2026-05-13,21:52:00,3,Null,3 + Null
2026-05-13 21:52:00,S,4.0,extragb,S4111,NO,NO,NO,YES,True,9374.94,S41,NO,NO,0,0,82,,0,True,True,True,True,False,2026-05-13,21:52:00,4,extragb,4 + extragb
2026-05-13 21:52:00,S,,,S,NO,NO,NO,NO,False,,,NO,NO,0,0,34,,0,True,True,True,True,False,2026-05-13,21:52:00,Null,Null,Null + Null
2026-05-13 21:51:00,S,3.0,,S3,NO,NO,NO,NO,True,2131.19,S3,YES,NO,0,0,139,,0,False,True,True,True,False,2026-05-13,21:51:00,3,Null,3 + Null
2026-05-13 21:51:00,S,2.0,peotv,S21,NO,NO,NO,NO,True,7547.46,S2,YES,YES,698,40,810,,738,False,False,False,False,True,2026-05-13,21:51:00,2,peotv,2 + peotv
2026-05-13 21:51:00,S,2.0,peotv,S21,NO,NO,NO,NO,True,5393.88,S2,YES,NO,0,0,151,,0,False,True,True,True,False,2026-05-13,21:51:00,2,peotv,2 + peotv
2026-05-13 21:51:00,S,,,S,NO,NO,NO,NO,False,,,NO,NO,0,0,24,,0,True,True,True,True,False,2026-05-13,21:51:00,Null,Null,Null + Null
2026-05-13 21:51:00,S,,,S,NO,NO,NO,NO,False,,,NO,NO,0,0,45,,0,True,True,True,True,False,2026-05-13,21:51:00,Null,Null,Null + Null
2026-05-13 21:51:00,S,3.0,,S3,NO,NO,NO,NO,True,7049.78,S3,NO,NO,0,0,104,,0,False,True,True,True,False,2026-05-13,21:51:00,3,Null,3 + Null
2026-05-13 21:51:00,S,,,S,NO,NO,NO,NO,False,,,NO,NO,0,0,6,,0,True,True,True,True,False,2026-05-13,21:51:00,Null,Null,Null + Null
2026-05-13 21:51:00,S,,,S,NO,NO,NO,NO,True,910.08,,NO,NO,0,0,24,,0,True,True,True,True,False,2026-05-13,21:51:00,Null,Null,Null + Null
2026-05-13 21:51:00,S,3.0,,S3,NO,NO,NO,NO,True,6804.71,S3,YES,NO,0,0,205,,0,False,False,True,True,False,2026-05-13,21:51:00,3,Null,3 + Null
2026-05-13 21:51:00,S,1.0,,SLty1,NO,NO,NO,NO,False,,S1,YES,NO,0,0,518,,0,False,False,False,False,True,2026-05-13,21:51:00,1,Null,1 + Null
2026-05-13 21:51:00,S,2.0,peotv,S21,NO,NO,NO,NO,True,6942.34,S2,YES,YES,706,28,782,,734,False,False,False,False,True,2026-05-13,21:51:00,2,peotv,2 + peotv
2026-05-13 21:51:00,S,7.0,,S7,NO,NO,NO,NO,True,9668.22,S7,YES,NO,0,0,326,,0,False,False,False,True,False,2026-05-13,21:51:00,7,Null,7 + Null
2026-05-13 21:51:00,S,2.0,peotv,S21,NO,YES,NO,NO,True,-689.59,S2,YES,NO,0,0,426,,0,False,False,False,True,False,2026-05-13,21:51:00,2,peotv,2 + peotv
2026-05-13 21:51:00,S,7.0,,S7,NO,NO,NO,NO,True,4254.43,S7,YES,NO,0,0,682,,0,False,False,False,False,True,2026-05-13,21:51:00,7,Null,7 + Null
2026-05-13 21:51:00,S,2.0,peotv,S21,NO,NO,NO,NO,True,2024.97,S2,YES,NO,0,0,634,,0,False,False,False,False,True,2026-05-13,21:51:00,2,peotv,2 + peotv
2026-05-13 21:51:00,S,4.0,extragb,S4112,NO,NO,NO,NO,True,12057.16,S41,NO,NO,0,0,54,,0,True,True,True,True,False,2026-05-13,21:51:00,4,extragb,4 + extragb
2026-05-13 21:51:00,S,2.0,peotv,S21,NO,YES,NO,NO,True,-130.09,S2,YES,YES,702,37,840,,739,False,False,False,False,True,2026-05-13,21:51:00,2,peotv,2 + peotv
2026-05-13 21:51:00,S,3.0,,S3,NO,NO,NO,NO,True,-346.97,S3,YES,YES,642,66,806,,708,False,False,False,False,True,2026-05-13,21:51:00,3,Null,3 + Null
2026-05-13 21:51:00,S,2.0,peotv,S21,NO,NO,NO,NO,True,2675.31,S2,YES,YES,742,136,929,,878,False,False,False,False,True,2026-05-13,21:51:00,2,peotv,2 + peotv
2026-05-13 21:51:00,S,7.0,,S7,NO,NO,NO,NO,True,4298.31,S7,YES,YES,671,72,851,,743,False,False,False,False,True,2026-05-13,21:51:00,7,Null,7 + Null
2026-05-13 21:51:00,S,4.0,extragb,S41i,NO,NO,NO,NO,False,,S41,YES,NO,0,0,553,,0,False,False,False,False,True,2026-05-13,21:51:00,4,extragb,4 + extragb
2026-05-13 21:51:00,S,2.0,peotv,S211,NO,YES,NO,NO,True,6364.46,S2,YES,YES,685,101,869,,786,False,False,False,False,True,2026-05-13,21:51:00,2,peotv,2 + peotv
2026-05-13 21:51:00,S,2.0,peotv,S21,NO,NO,NO,NO,True,-700.78,S2,YES,NO,0,0,192,,0,False,True,True,True,False,2026-05-13,21:51:00,2,peotv,2 + peotv
2026-05-13 21:51:00,S,3.0,,S3,NO,NO,NO,NO,True,6537.99,S3,YES,NO,0,0,226,,0,False,False,True,True,False,2026-05-13,21:51:00,3,Null,3 + Null
2026-05-13 21:51:00,S,2.0,peotv,S211,NO,YES,NO,NO,True,4733.78,S2,YES,YES,695,57,871,,752,False,False,False,False,True,2026-05-13,21:51:00,2,peotv,2 + peotv
2026-05-13 21:51:00,S,2.0,peotv,S21,NO,NO,NO,NO,True,-3.15,S2,YES,YES,693,47,832,,740,False,False,False,False,True,2026-05-13,21:51:00,2,peotv,2 + peotv
2026-05-13 21:51:00,S,2.0,peotv,S21,NO,NO,NO,NO,True,6726.25,S2,YES,NO,0,0,334,,0,False,False,False,True,False,2026-05-13,21:51:00,2,peotv,2 + peotv
2026-05-13 21:51:00,S,3.0,,S3,NO,NO,NO,NO,True,6440.18,S3,NO,NO,0,0,73,,0,True,True,True,True,False,2026-05-13,21:51:00,3,Null,3 + Null
2026-05-13 21:51:00,S,3.0,,S3,NO,NO,NO,NO,True,-82.42,S3,NO,NO,0,0,43,,0,True,True,True,True,False,2026-05-13,21:51:00,3,Null,3 + Null
2026-05-13 21:51:00,T,,,T,NO,NO,NO,NO,False,,,NO,NO,0,0,10,,0,True,True,True,True,False,2026-05-13,21:51:00,Null,Null,Null + Null
2026-05-13 21:51:00,S,,,S,NO,NO,NO,NO,False,,,NO,NO,0,0,34,,0,True,True,True,True,False,2026-05-13,21:51:00,Null,Null,Null + Null
2026-05-13 21:51:00,S,2.0,peotv,S21,NO,NO,NO,NO,True,4067.13,S2,YES,YES,686,102,865,,788,False,False,False,False,True,2026-05-13,21:51:00,2,peotv,2 + peotv
2026-05-13 21:51:00,S,2.0,peotv,S21,NO,NO,NO,NO,True,4901.0,S2,YES,YES,686,64,807,,750,False,False,False,False,True,2026-05-13,21:51:00,2,peotv,2 + peotv
2026-05-13 21:51:00,S,3.0,,S3,NO,NO,NO,NO,True,3571.06,S3,YES,NO,0,0,599,,0,False,False,False,False,True,2026-05-13,21:51:00,3,Null,3 + Null
2026-05-13 21:51:00,S,2.0,peotv,S21,NO,YES,NO,NO,True,0.0,S2,YES,NO,0,0,313,,0,False,False,False,True,False,2026-05-13,21:51:00,2,peotv,2 + peotv
2026-05-13 21:51:00,S,2.0,broadband,S221,NO,YES,NO,NO,True,13061.43,S2,YES,YES,777,345,1286,,1122,False,False,False,False,True,2026-05-13,21:51:00,2,broadband,2 + broadband
2026-05-13 21:51:00,S,2.0,peotv,S21,YES,NO,NO,NO,True,-19.2,S2,YES,NO,0,0,88,,0,True,True,True,True,False,2026-05-13,21:51:00,2,peotv,2 + peotv
2026-05-13 21:51:00,S,2.0,peotv,S21,NO,NO,NO,NO,True,4577.71,S2,YES,NO,0,0,441,,0,False,False,False,True,False,2026-05-13,21:51:00,2,peotv,2 + peotv
2026-05-13 21:51:00,S,4.0,extragb,S411,NO,NO,NO,NO,True,2856.8,S41,YES,YES,744,136,940,,880,False,False,False,False,True,2026-05-13,21:51:00,4,extragb,4 + extragb
2026-05-13 21:51:00,S,2.0,peotv,S21,NO,NO,NO,NO,True,6153.91,S2,YES,NO,0,0,153,,0,False,True,True,True,False,2026-05-13,21:51:00,2,peotv,2 + peotv
2026-05-13 21:51:00,S,2.0,other,S24,NO,NO,NO,NO,True,6044.27,S2,YES,NO,0,0,126,,0,False,True,True,True,False,2026-05-13,21:51:00,2,other,2 + other
2026-05-13 21:51:00,S,1.0,,S1,NO,NO,NO,NO,True,9257.08,S1,YES,NO,0,0,126,,0,False,True,True,True,False,2026-05-13,21:51:00,1,Null,1 + Null
2026-05-13 21:51:00,S,2.0,peotv,S21,NO,NO,NO,NO,True,-155.71,S2,YES,NO,0,0,518,,0,False,False,False,False,True,2026-05-13,21:51:00,2,peotv,2 + peotv
2026-05-13 21:51:00,S,3.0,,S3,NO,NO,NO,NO,True,15329.69,S3,NO,NO,0,0,75,,0,True,True,True,True,False,2026-05-13,21:51:00,3,Null,3 + Null
2026-05-13 21:51:00,S,2.0,peotv,S211,NO,YES,NO,NO,True,5920.33,S2,YES,NO,0,0,496,,0,False,False,False,True,False,2026-05-13,21:51:00,2,peotv,2 + peotv
2026-05-13 21:51:00,S,4.0,extragb,S4112,NO,NO,NO,NO,True,8406.65,S41,NO,NO,0,0,24,,0,True,True,True,True,False,2026-05-13,21:51:00,4,extragb,4 + extragb
2026-05-13 21:51:00,S,3.0,,S3,NO,NO,NO,NO,True,3421.11,S3,NO,NO,0,0,78,,0,True,True,True,True,False,2026-05-13,21:51:00,3,Null,3 + Null
2026-05-13 21:51:00,S,2.0,other,S24,NO,NO,NO,NO,True,7086.18,S2,YES,YES,448,0,600,,448,False,False,False,False,True,2026-05-13,21:51:00,2,other,2 + other
2026-05-13 21:51:00,S,,,S,NO,NO,NO,NO,True,2143459.83,,NO,NO,0,0,21,,0,True,True,True,True,False,2026-05-13,21:51:00,Null,Null,Null + Null
2026-05-13 21:51:00,S,,,S,NO,NO,NO,NO,False,,,NO,NO,0,0,31,,0,True,True,True,True,False,2026-05-13,21:51:00,Null,Null,Null + Null
2026-05-13 21:51:00,S,4.0,extragb,S4112,NO,NO,NO,NO,True,-27.4,S41,NO,NO,0,0,63,,0,True,True,True,True,False,2026-05-13,21:51:00,4,extragb,4 + extragb
2026-05-13 21:51:00,S,3.0,,S3,NO,NO,NO,NO,True,5539.77,S3,YES,YES,699,103,884,,802,False,False,False,False,True,2026-05-13,21:51:00,3,Null,3 + Null
2026-05-13 21:51:00,S,7.0,,S7,NO,NO,NO,NO,True,2307.27,S7,YES,YES,681,50,803,,731,False,False,False,False,True,2026-05-13,21:51:00,7,Null,7 + Null
2026-05-13 21:51:00,S,2.0,peotv,S21,NO,NO,NO,NO,True,0.0,S2,YES,YES,702,106,908,,808,False,False,False,False,True,2026-05-13,21:51:00,2,peotv,2 + peotv
2026-05-13 21:51:00,E,2.0,peotv,E21,NO,NO,NO,NO,True,5822.1,E2,YES,NO,0,0,454,,0,False,False,False,True,False,2026-05-13,21:51:00,2,peotv,2 + peotv
2026-05-13 21:51:00,S,,,S,NO,NO,NO,NO,True,4352.8,,NO,NO,0,0,28,,0,True,True,True,True,False,2026-05-13,21:51:00,Null,Null,Null + Null
2026-05-13 21:51:00,S,,,S,NO,NO,NO,NO,False,,,NO,NO,0,0,25,,0,True,True,True,True,False,2026-05-13,21:51:00,Null,Null,Null + Null
2026-05-13 21:51:00,S,1.0,,MOBITEL_S1,NO,NO,NO,NO,True,-109.99,S1,YES,NO,0,0,296,,0,False,False,True,True,False,2026-05-13,21:51:00,1,Null,1 + Null
2026-05-13 21:51:00,S,,,S,NO,NO,NO,NO,False,,,NO,NO,0,0,367,,0,False,False,False,True,False,2026-05-13,21:51:00,Null,Null,Null + Null
2026-05-13 21:51:00,S,2.0,broadband,S22,NO,NO,YES,NO,True,8390.82,S2,YES,NO,0,0,180,,0,False,True,True,True,False,2026-05-13,21:51:00,2,broadband,2 + broadband
2026-05-13 21:51:00,E,2.0,peotv,E21,NO,NO,NO,NO,True,12050.94,E2,YES,NO,0,0,342,,0,False,False,False,True,False,2026-05-13,21:51:00,2,peotv,2 + peotv
2026-05-13 21:51:00,S,,,S,NO,NO,NO,NO,False,,,NO,NO,0,0,68,,0,True,True,True,True,False,2026-05-13,21:51:00,Null,Null,Null + Null
2026-05-13 21:51:00,S,2.0,peotv,S21,NO,NO,NO,NO,True,5080.27,S2,YES,NO,0,0,156,,0,False,True,True,True,False,2026-05-13,21:51:00,2,peotv,2 + peotv
2026-05-13 21:51:00,S,3.0,,S3,NO,NO,NO,NO,True,-7.52,S3,YES,NO,0,0,196,,0,False,True,True,True,False,2026-05-13,21:51:00,3,Null,3 + Null
2026-05-13 21:51:00,S,2.0,peotv,S21,NO,NO,NO,NO,True,5786.33,S2,YES,YES,682,65,817,,747,False,False,False,False,True,2026-05-13,21:51:00,2,peotv,2 + peotv
2026-05-13 21:51:00,E,2.0,peotv,E21,YES,NO,NO,NO,True,6241.88,E2,NO,NO,0,0,116,,0,False,True,True,True,False,2026-05-13,21:51:00,2,peotv,2 + peotv
2026-05-13 21:51:00,S,2.0,peotv,S211,NO,YES,NO,NO,True,2907.83,S2,YES,YES,698,15,810,,713,False,False,False,False,True,2026-05-13,21:51:00,2,peotv,2 + peotv
2026-05-13 21:51:00,S,3.0,,S3,NO,NO,NO,NO,True,6218.38,S3,YES,NO,0,0,343,,0,False,False,False,True,False,2026-05-13,21:51:00,3,Null,3 + Null
2026-05-13 21:51:00,S,2.0,peotv,S21,NO,YES,NO,NO,True,557.03,S2,YES,YES,685,84,859,,769,False,False,False,False,True,2026-05-13,21:51:00,2,peotv,2 + peotv
2026-05-13 21:51:00,S,2.0,peotv,S21,NO,NO,NO,NO,True,3108.04,S2,YES,NO,0,0,584,,0,False,False,False,False,True,2026-05-13,21:51:00,2,peotv,2 + peotv
2026-05-13 21:51:00,S,2.0,peotv,S21,NO,NO,NO,NO,True,4807.93,S2,YES,NO,0,0,621,,0,False,False,False,False,True,2026-05-13,21:51:00,2,peotv,2 + peotv
2026-05-13 21:50:00,S,2.0,voice,S23,YES,NO,NO,NO,True,6948.82,S2,YES,NO,0,0,866,,0,False,False,False,False,True,2026-05-13,21:50:00,2,voice,2 + voice
2026-05-13 21:50:00,S,3.0,,S3,NO,NO,NO,NO,True,2984.39,S3,NO,NO,0,0,62,,0,True,True,True,True,False,2026-05-13,21:50:00,3,Null,3 + Null
2026-05-13 21:50:00,S,2.0,peotv,S21,NO,NO,NO,NO,True,2845.27,S2,YES,NO,0,0,531,,0,False,False,False,False,True,2026-05-13,21:50:00,2,peotv,2 + peotv
2026-05-13 21:50:00,S,,,MOBITEL_S,NO,NO,NO,NO,False,,,NO,NO,0,0,11,,0,True,True,True,True,False,2026-05-13,21:50:00,Null,Null,Null + Null
2026-05-13 21:50:00,S,,,S,NO,NO,NO,NO,False,,,NO,NO,0,0,870,,0,False,False,False,False,True,2026-05-13,21:50:00,Null,Null,Null + Null
2026-05-13 21:50:00,S,2.0,peotv,MOBITEL_S211,NO,YES,NO,NO,True,2075.76,S2,YES,NO,0,0,372,,0,False,False,False,True,False,2026-05-13,21:50:00,2,peotv,2 + peotv
2026-05-13 21:50:00,S,2.0,peotv,MOBITEL_S21,NO,NO,NO,NO,True,745.71,S2,YES,YES,686,58,794,,744,False,False,False,False,True,2026-05-13,21:50:00,2,peotv,2 + peotv
2026-05-13 21:50:00,S,,,S,NO,NO,NO,NO,False,,,NO,NO,0,0,417,,0,False,False,False,True,False,2026-05-13,21:50:00,Null,Null,Null + Null
2026-05-13 21:50:00,S,2.0,peotv,S211,NO,YES,NO,NO,True,7938.31,S2,YES,NO,0,0,485,,0,False,False,False,True,False,2026-05-13,21:50:00,2,peotv,2 + peotv
2026-05-13 21:50:00,S,2.0,peotv,S21,NO,NO,NO,NO,True,4142.39,S2,YES,NO,0,0,349,,0,False,False,False,True,False,2026-05-13,21:50:00,2,peotv,2 + peotv
2026-05-13 21:50:00,S,4.0,extragb,S4112,NO,NO,NO,NO,True,25649.12,S41,NO,NO,0,0,34,,0,True,True,True,True,False,2026-05-13,21:50:00,4,extragb,4 + extragb
2026-05-13 21:50:00,S,4.0,extragb,S4112,NO,NO,NO,NO,True,3005.19,S41,NO,NO,0,0,42,,0,True,True,True,True,False,2026-05-13,21:50:00,4,extragb,4 + extragb
2026-05-13 21:50:00,S,7.0,,S7,NO,NO,NO,NO,True,2257.85,S7,YES,NO,0,0,268,,0,False,False,True,True,False,2026-05-13,21:50:00,7,Null,7 + Null
2026-05-13 21:50:00,S,4.0,extragb,S411,NO,NO,NO,NO,True,2185.81,S41,YES,NO,0,0,120,,0,False,True,True,True,False,2026-05-13,21:50:00,4,extragb,4 + extragb
2026-05-13 21:50:00,S,2.0,peotv,S21,NO,NO,NO,NO,True,-2178.5,S2,YES,YES,747,135,967,,882,False,False,False,False,True,2026-05-13,21:50:00,2,peotv,2 + peotv
2026-05-13 21:50:00,S,2.0,peotv,S21,NO,NO,NO,NO,True,0.0,S2,YES,YES,682,49,807,,731,False,False,False,False,True,2026-05-13,21:50:00,2,peotv,2 + peotv
2026-05-13 21:50:00,S,2.0,peotv,S21,NO,NO,NO,NO,True,2800.2,S2,YES,YES,743,107,909,,850,False,False,False,False,True,2026-05-13,21:50:00,2,peotv,2 + peotv
2026-05-13 21:50:00,S,,,S,NO,NO,NO,NO,False,,,NO,NO,0,0,25,,0,True,True,True,True,False,2026-05-13,21:50:00,Null,Null,Null + Null
2026-05-13 21:50:00,S,2.0,other,S2t,NO,NO,NO,NO,True,-6.54,S2,YES,NO,0,0,738,,0,False,False,False,False,True,2026-05-13,21:50:00,2,other,2 + other
2026-05-13 21:50:00,S,4.0,extragb,S4111,NO,NO,NO,YES,True,13401.19,S41,NO,NO,0,0,65,,0,True,True,True,True,False,2026-05-13,21:50:00,4,extragb,4 + extragb
2026-05-13 21:50:00,S,1.0,,SLty1,NO,NO,NO,NO,False,,S1,YES,NO,0,0,400,,0,False,False,False,True,False,2026-05-13,21:50:00,1,Null,1 + Null
2026-05-13 21:50:00,S,5.0,organizational,S51,NO,NO,NO,NO,True,1155.06,S51,YES,NO,0,0,442,,0,False,False,False,True,False,2026-05-13,21:50:00,5,organizational,5 + organizational
2026-05-13 21:50:00,S,2.0,broadband,S222,NO,NO,YES,NO,True,-6328.35,S2,YES,NO,0,0,789,,0,False,False,False,False,True,2026-05-13,21:50:00,2,broadband,2 + broadband
2026-05-13 21:50:00,S,2.0,peotv,S21,NO,NO,NO,NO,True,-0.53,S2,YES,NO,0,0,231,,0,False,False,True,True,False,2026-05-13,21:50:00,2,peotv,2 + peotv
2026-05-13 21:50:00,S,7.0,,S7,NO,NO,NO,NO,True,3157.38,S7,YES,NO,0,0,455,,0,False,False,False,True,False,2026-05-13,21:50:00,7,Null,7 + Null
2026-05-13 21:50:00,S,2.0,peotv,S211,NO,YES,NO,NO,True,6294.22,S2,YES,YES,716,72,871,,788,False,False,False,False,True,2026-05-13,21:50:00,2,peotv,2 + peotv
2026-05-13 21:50:00,S,2.0,other,S24,NO,NO,NO,NO,True,-457.17,S2,YES,NO,0,0,267,,0,False,False,True,True,False,2026-05-13,21:50:00,2,other,2 + other
2026-05-13 21:50:00,S,,,S,NO,NO,NO,NO,False,,,NO,NO,0,0,57,,0,True,True,True,True,False,2026-05-13,21:50:00,Null,Null,Null + Null
2026-05-13 21:50:00,S,3.0,,S3,NO,NO,NO,NO,True,4544.72,S3,YES,NO,0,0,139,,0,False,True,True,True,False,2026-05-13,21:50:00,3,Null,3 + Null
2026-05-13 21:50:00,S,2.0,peotv,S21,NO,YES,NO,NO,True,796.07,S2,YES,NO,0,0,692,,0,False,False,False,False,True,2026-05-13,21:50:00,2,peotv,2 + peotv
2026-05-13 21:50:00,S,,,S,NO,NO,NO,NO,False,,,NO,NO,0,0,24,,0,True,True,True,True,False,2026-05-13,21:50:00,Null,Null,Null + Null
2026-05-13 21:50:00,S,2.0,peotv,S211,NO,YES,NO,NO,True,4953.54,S2,YES,YES,699,67,845,,766,False,False,False,False,True,2026-05-13,21:50:00,2,peotv,2 + peotv
2026-05-13 21:50:00,S,2.0,peotv,S21,NO,NO,NO,NO,True,3935.2,S2,YES,NO,0,0,188,,0,False,True,True,True,False,2026-05-13,21:50:00,2,peotv,2 + peotv
2026-05-13 21:50:00,S,3.0,,S3,NO,NO,NO,NO,True,1626.57,S3,NO,NO,0,0,53,,0,True,True,True,True,False,2026-05-13,21:50:00,3,Null,3 + Null
2026-05-13 21:50:00,S,2.0,peotv,S21,NO,YES,NO,NO,True,794.43,S2,YES,NO,0,0,64,,0,True,True,True,True,False,2026-05-13,21:50:00,2,peotv,2 + peotv
2026-05-13 21:50:00,S,3.0,,S3,NO,NO,NO,NO,True,3776.13,S3,YES,YES,685,44,858,,729,False,False,False,False,True,2026-05-13,21:50:00,3,Null,3 + Null
2026-05-13 21:50:00,S,,,S,NO,NO,NO,NO,False,,,NO,NO,0,0,27,,0,True,True,True,True,False,2026-05-13,21:50:00,Null,Null,Null + Null
2026-05-13 21:50:00,S,2.0,peotv,S21,NO,NO,NO,NO,True,6076.66,S2,YES,NO,0,0,238,,0,False,False,True,True,False,2026-05-13,21:50:00,2,peotv,2 + peotv
2026-05-13 21:50:00,E,,,E,NO,NO,NO,NO,False,,,NO,NO,0,0,35,,0,True,True,True,True,False,2026-05-13,21:50:00,Null,Null,Null + Null
2026-05-13 21:50:00,S,2.0,peotv,S21,NO,YES,NO,NO,True,-71.41,S2,YES,NO,0,0,214,,0,False,False,True,True,False,2026-05-13,21:50:00,2,peotv,2 + peotv
2026-05-13 21:50:00,T,,,T,NO,NO,NO,NO,False,,,NO,NO,0,0,15,,0,True,True,True,True,False,2026-05-13,21:50:00,Null,Null,Null + Null
2026-05-13 21:50:00,S,4.0,extragb,S4111,NO,NO,NO,YES,True,-312.91,S41,NO,NO,0,0,85,,0,True,True,True,True,False,2026-05-13,21:50:00,4,extragb,4 + extragb
2026-05-13 21:50:00,S,4.0,extragb,S4111,NO,NO,NO,NO,True,11356.84,S41,NO,NO,0,0,139,,0,False,True,True,True,False,2026-05-13,21:50:00,4,extragb,4 + extragb
2026-05-13 21:50:00,S,1.0,,SLty1,NO,NO,NO,NO,False,,S1,YES,NO,0,0,656,,0,False,False,False,False,True,2026-05-13,21:50:00,1,Null,1 + Null
2026-05-13 21:50:00,S,7.0,,MOBITEL_S7,NO,NO,NO,NO,True,5951.55,S7,YES,YES,770,312,1180,,1082,False,False,False,False,True,2026-05-13,21:50:00,7,Null,7 + Null
2026-05-13 21:50:00,S,,,S,NO,NO,NO,NO,False,,,NO,NO,0,0,74,,0,True,True,True,True,False,2026-05-13,21:50:00,Null,Null,Null + Null
2026-05-13 21:50:00,S,2.0,peotv,S21,NO,NO,NO,NO,True,7494.07,S2,YES,NO,0,0,373,,0,False,False,False,True,False,2026-05-13,21:50:00,2,peotv,2 + peotv
2026-05-13 21:50:00,S,7.0,,S7,NO,NO,NO,NO,False,,S7,YES,NO,0,0,503,,0,False,False,False,False,True,2026-05-13,21:50:00,7,Null,7 + Null
2026-05-13 21:50:00,S,1.0,,SLty1,NO,NO,NO,NO,False,,S1,YES,YES,687,69,824,,756,False,False,False,False,True,2026-05-13,21:50:00,1,Null,1 + Null
2026-05-13 21:50:00,S,2.0,peotv,S21,NO,YES,NO,NO,True,-8.42,S2,YES,YES,726,55,877,,781,False,False,False,False,True,2026-05-13,21:50:00,2,peotv,2 + peotv
2026-05-13 21:50:00,S,,,S,NO,NO,NO,NO,False,,,NO,NO,0,0,30,,0,True,True,True,True,False,2026-05-13,21:50:00,Null,Null,Null + Null
2026-05-13 21:50:00,S,4.0,extragb,S4111,NO,NO,NO,YES,True,11809.27,S41,NO,NO,0,0,45,,0,True,True,True,True,False,2026-05-13,21:50:00,4,extragb,4 + extragb
2026-05-13 21:50:00,S,7.0,,S7,NO,NO,NO,NO,True,262.54,S7,YES,NO,0,0,577,,0,False,False,False,False,True,2026-05-13,21:50:00,7,Null,7 + Null
2026-05-13 21:50:00,S,2.0,peotv,S21,NO,NO,NO,NO,True,5506.25,S2,NO,NO,0,0,49,,0,True,True,True,True,False,2026-05-13,21:50:00,2,peotv,2 + peotv
2026-05-13 21:50:00,S,2.0,peotv,S211,NO,YES,NO,NO,True,10366.44,S2,YES,NO,0,0,517,,0,False,False,False,False,True,2026-05-13,21:50:00,2,peotv,2 + peotv
2026-05-13 21:50:00,S,,,S,NO,NO,NO,NO,False,,,NO,NO,0,0,33,,0,True,True,True,True,False,2026-05-13,21:50:00,Null,Null,Null + Null
2026-05-13 21:50:00,S,,,S,NO,NO,NO,NO,False,,,NO,NO,0,0,34,,0,True,True,True,True,False,2026-05-13,21:50:00,Null,Null,Null + Null
2026-05-13 21:50:00,T,7.0,,T7,NO,NO,NO,NO,True,4460.87,T7,YES,YES,643,42,764,,685,False,False,False,False,True,2026-05-13,21:50:00,7,Null,7 + Null
2026-05-13 21:50:00,S,2.0,peotv,S21,NO,YES,NO,NO,True,1885.95,S2,YES,NO,0,0,137,,0,False,True,True,True,False,2026-05-13,21:50:00,2,peotv,2 + peotv
2026-05-13 21:50:00,S,2.0,peotv,S21,NO,NO,NO,NO,True,0.05,S2,YES,NO,0,0,757,,0,False,False,False,False,True,2026-05-13,21:50:00,2,peotv,2 + peotv
2026-05-13 21:50:00,S,2.0,peotv,S21,NO,NO,NO,NO,True,4984.78,S2,YES,NO,0,0,608,,0,False,False,False,False,True,2026-05-13,21:50:00,2,peotv,2 + peotv
2026-05-13 21:50:00,S,2.0,peotv,S211,NO,YES,NO,NO,True,4510.71,S2,YES,YES,744,79,929,,823,False,False,False,False,True,2026-05-13,21:50:00,2,peotv,2 + peotv
2026-05-13 21:50:00,S,2.0,peotv,S21,NO,NO,NO,NO,True,9958.05,S2,YES,NO,0,0,241,,0,False,False,True,True,False,2026-05-13,21:50:00,2,peotv,2 + peotv
2026-05-13 21:50:00,S,1.0,,SLty1,NO,NO,NO,NO,False,,S1,YES,NO,0,0,426,,0,False,False,False,True,False,2026-05-13,21:50:00,1,Null,1 + Null
2026-05-13 21:50:00,S,2.0,voice,S23,YES,NO,NO,NO,True,2579.01,S2,YES,NO,0,0,386,,0,False,False,False,True,False,2026-05-13,21:50:00,2,voice,2 + voice
2026-05-13 21:50:00,S,2.0,peotv,S21,NO,NO,NO,NO,True,6843.36,S2,YES,NO,0,0,390,,0,False,False,False,True,False,2026-05-13,21:50:00,2,peotv,2 + peotv
2026-05-13 21:50:00,T,,,T,NO,NO,NO,NO,False,,,NO,NO,0,0,25,,0,True,True,True,True,False,2026-05-13,21:50:00,Null,Null,Null + Null
2026-05-13 21:50:00,S,2.0,peotv,S211,NO,YES,NO,NO,True,2493.81,S2,YES,NO,0,0,111,,0,False,True,True,True,False,2026-05-13,21:50:00,2,peotv,2 + peotv
2026-05-13 21:50:00,S,2.0,peotv,S211,NO,YES,NO,NO,True,2579.01,S2,YES,NO,0,0,163,,0,False,True,True,True,False,2026-05-13,21:50:00,2,peotv,2 + peotv
2026-05-13 21:50:00,E,1.0,,MOBITEL_ELty1,NO,NO,NO,NO,False,,E1,YES,NO,0,0,239,,0,False,False,True,True,False,2026-05-13,21:50:00,1,Null,1 + Null
2026-05-13 21:50:00,S,4.0,extragb,S41t,NO,NO,NO,NO,True,3622.19,S41,YES,NO,0,0,456,,0,False,False,False,True,False,2026-05-13,21:50:00,4,extragb,4 + extragb
2026-05-13 21:50:00,S,2.0,voice,S23,NO,NO,NO,NO,True,2676.88,S2,NO,NO,0,0,178,,0,False,True,True,True,False,2026-05-13,21:50:00,2,voice,2 + voice
2026-05-13 21:50:00,S,,,S,NO,NO,NO,NO,False,,,NO,NO,0,0,89,,0,True,True,True,True,False,2026-05-13,21:50:00,Null,Null,Null + Null
2026-05-13 21:49:00,S,,,S,NO,NO,NO,NO,True,5089.08,,NO,NO,0,0,22,,0,True,True,True,True,False,2026-05-13,21:49:00,Null,Null,Null + Null
2026-05-13 21:49:00,S,3.0,,S3,NO,NO,NO,NO,True,-6.94,S3,NO,NO,0,0,81,,0,True,True,True,True,False,2026-05-13,21:49:00,3,Null,3 + Null
2026-05-13 21:49:00,S,2.0,peotv,S21,NO,NO,NO,NO,True,5998.38,S2,YES,NO,0,0,148,,0,False,True,True,True,False,2026-05-13,21:49:00,2,peotv,2 + peotv
2026-05-13 21:49:00,S,,,S,NO,NO,NO,NO,False,,,NO,NO,0,0,30,,0,True,True,True,True,False,2026-05-13,21:49:00,Null,Null,Null + Null
2026-05-13 21:49:00,S,,,S,NO,NO,NO,NO,False,,,NO,NO,0,0,33,,0,True,True,True,True,False,2026-05-13,21:49:00,Null,Null,Null + Null
2026-05-13 21:49:00,S,2.0,peotv,S21,NO,NO,NO,NO,True,1896.28,S2,YES,NO,0,0,244,,0,False,False,True,True,False,2026-05-13,21:49:00,2,peotv,2 + peotv
2026-05-13 21:49:00,S,2.0,peotv,S21,NO,YES,NO,NO,True,-52.2,S2,YES,YES,702,27,837,,729,False,False,False,False,True,2026-05-13,21:49:00,2,peotv,2 + peotv
2026-05-13 21:49:00,S,4.0,extragb,MOBITEL_S41t,NO,NO,NO,NO,True,-0.84,S41,YES,NO,0,0,356,,0,False,False,False,True,False,2026-05-13,21:49:00,4,extragb,4 + extragb
2026-05-13 21:49:00,S,3.0,,S3,NO,NO,NO,NO,True,5165.87,S3,YES,YES,762,200,1060,,962,False,False,False,False,True,2026-05-13,21:49:00,3,Null,3 + Null
2026-05-13 21:49:00,S,2.0,other,S2t,NO,NO,NO,NO,True,5889.32,S2,YES,NO,0,0,565,,0,False,False,False,False,True,2026-05-13,21:49:00,2,other,2 + other
2026-05-13 21:49:00,S,3.0,,S3,NO,NO,NO,NO,True,2573.63,S3,YES,YES,729,42,856,,771,False,False,False,False,True,2026-05-13,21:49:00,3,Null,3 + Null
2026-05-13 21:49:00,E,,,MOBITEL_E,NO,NO,NO,NO,False,,,NO,NO,0,0,25,,0,True,True,True,True,False,2026-05-13,21:49:00,Null,Null,Null + Null
2026-05-13 21:49:00,E,,,E,NO,NO,NO,NO,False,,,NO,NO,0,0,62,,0,True,True,True,True,False,2026-05-13,21:49:00,Null,Null,Null + Null
2026-05-13 21:49:00,S,2.0,broadband,S221,NO,YES,NO,NO,True,18371.36,S2,YES,NO,0,0,606,,0,False,False,False,False,True,2026-05-13,21:49:00,2,broadband,2 + broadband
2026-05-13 21:49:00,S,7.0,,S7,NO,NO,NO,NO,False,,S7,YES,NO,0,0,592,,0,False,False,False,False,True,2026-05-13,21:49:00,7,Null,7 + Null
2026-05-13 21:49:00,S,7.0,,S7,NO,NO,NO,NO,True,12057.16,S7,NO,NO,0,0,60,,0,True,True,True,True,False,2026-05-13,21:49:00,7,Null,7 + Null
2026-05-13 21:49:00,S,2.0,broadband,S22,NO,NO,NO,NO,True,7497.43,S2,YES,NO,0,0,98,,0,True,True,True,True,False,2026-05-13,21:49:00,2,broadband,2 + broadband
2026-05-13 21:49:00,S,4.0,extragb,S41t,NO,NO,NO,NO,False,,S41,YES,NO,0,0,622,,0,False,False,False,False,True,2026-05-13,21:49:00,4,extragb,4 + extragb
2026-05-13 21:49:00,S,3.0,,S3,NO,NO,NO,NO,True,8150.02,S3,YES,YES,735,36,816,,771,False,False,False,False,True,2026-05-13,21:49:00,3,Null,3 + Null
2026-05-13 21:49:00,S,3.0,,S3,NO,NO,NO,NO,True,7049.78,S3,NO,NO,0,0,120,,0,False,True,True,True,False,2026-05-13,21:49:00,3,Null,3 + Null
2026-05-13 21:49:00,S,,,S,NO,NO,NO,NO,False,,,NO,NO,0,0,206,,0,False,False,True,True,False,2026-05-13,21:49:00,Null,Null,Null + Null
2026-05-13 21:49:00,S,2.0,peotv,S21,NO,NO,NO,NO,True,6045.46,S2,YES,YES,736,32,2296,,768,False,False,False,False,True,2026-05-13,21:49:00,2,peotv,2 + peotv
2026-05-13 21:49:00,S,2.0,peotv,MOBITEL_S21,NO,NO,NO,NO,True,5556.14,S2,YES,NO,0,0,577,,0,False,False,False,False,True,2026-05-13,21:49:00,2,peotv,2 + peotv
2026-05-13 21:49:00,S,,,S,NO,NO,NO,NO,False,,,NO,NO,0,0,638,,0,False,False,False,False,True,2026-05-13,21:49:00,Null,Null,Null + Null
2026-05-13 21:49:00,S,2.0,peotv,S21,YES,NO,NO,NO,True,4815.14,S2,NO,NO,0,0,63,,0,True,True,True,True,False,2026-05-13,21:49:00,2,peotv,2 + peotv
2026-05-13 21:49:00,S,,,S,NO,NO,NO,NO,False,,,NO,NO,0,0,25,,0,True,True,True,True,False,2026-05-13,21:49:00,Null,Null,Null + Null
2026-05-13 21:49:00,S,3.0,,S3,NO,NO,NO,NO,True,4687.08,S3,YES,YES,749,60,893,,809,False,False,False,False,True,2026-05-13,21:49:00,3,Null,3 + Null
2026-05-13 21:49:00,S,2.0,other,S24,NO,NO,NO,NO,True,13666.78,S2,YES,NO,0,0,200,,0,False,False,True,True,False,2026-05-13,21:49:00,2,other,2 + other
2026-05-13 21:49:00,T,,,T,NO,NO,NO,NO,False,,,NO,NO,0,0,28,,0,True,True,True,True,False,2026-05-13,21:49:00,Null,Null,Null + Null
2026-05-13 21:49:00,S,2.0,voice,S23,NO,NO,NO,NO,True,3206.16,S2,NO,NO,0,0,69,,0,True,True,True,True,False,2026-05-13,21:49:00,2,voice,2 + voice
2026-05-13 21:49:00,S,2.0,peotv,S211,NO,YES,NO,NO,True,2670.37,S2,YES,NO,0,0,200,,0,False,False,True,True,False,2026-05-13,21:49:00,2,peotv,2 + peotv
2026-05-13 21:49:00,S,2.0,peotv,S21,NO,YES,NO,NO,True,6376.83,S2,NO,NO,0,0,106,,0,False,True,True,True,False,2026-05-13,21:49:00,2,peotv,2 + peotv
2026-05-13 21:49:00,S,3.0,,S3,NO,NO,NO,NO,True,-31.57,S3,NO,NO,0,0,49,,0,True,True,True,True,False,2026-05-13,21:49:00,3,Null,3 + Null
2026-05-13 21:49:00,S,4.0,extragb,S411,NO,NO,NO,NO,True,17054.32,S41,YES,NO,0,0,185,,0,False,True,True,True,False,2026-05-13,21:49:00,4,extragb,4 + extragb
2026-05-13 21:49:00,S,4.0,extragb,S4111,NO,NO,NO,YES,True,6152.31,S41,NO,NO,0,0,138,,0,False,True,True,True,False,2026-05-13,21:49:00,4,extragb,4 + extragb
2026-05-13 21:49:00,S,,,S,NO,NO,NO,NO,False,,,NO,NO,0,0,27,,0,True,True,True,True,False,2026-05-13,21:49:00,Null,Null,Null + Null
2026-05-13 21:49:00,S,,,S,NO,NO,NO,NO,False,,,NO,NO,0,0,78,,0,True,True,True,True,False,2026-05-13,21:49:00,Null,Null,Null + Null
2026-05-13 21:49:00,S,3.0,,S3,NO,NO,NO,NO,True,5623.33,S3,NO,NO,0,0,131,,0,False,True,True,True,False,2026-05-13,21:49:00,3,Null,3 + Null
2026-05-13 21:49:00,S,2.0,peotv,S21,NO,NO,NO,NO,True,2713.73,S2,YES,NO,0,0,78,,0,True,True,True,True,False,2026-05-13,21:49:00,2,peotv,2 + peotv
2026-05-13 21:49:00,S,3.0,,S3,NO,NO,NO,NO,True,7665.2,S3,NO,NO,0,0,112,,0,False,True,True,True,False,2026-05-13,21:49:00,3,Null,3 + Null
2026-05-13 21:49:00,S,7.0,,S7,NO,NO,NO,NO,True,2792.67,S7,YES,YES,790,329,1217,,1119,False,False,False,False,True,2026-05-13,21:49:00,7,Null,7 + Null
2026-05-13 21:49:00,S,,,S,NO,NO,NO,NO,False,,,NO,NO,0,0,17,,0,True,True,True,True,False,2026-05-13,21:49:00,Null,Null,Null + Null
2026-05-13 21:49:00,S,3.0,,S3,NO,NO,NO,NO,True,3591.47,S3,NO,NO,0,0,108,,0,False,True,True,True,False,2026-05-13,21:49:00,3,Null,3 + Null
2026-05-13 21:49:00,S,2.0,peotv,S21,NO,NO,NO,NO,True,10564.03,S2,YES,NO,0,0,115,,0,False,True,True,True,False,2026-05-13,21:49:00,2,peotv,2 + peotv
2026-05-13 21:49:00,E,3.0,,E3,NO,NO,NO,NO,True,-3633.84,E3,YES,YES,596,97,754,,693,False,False,False,False,True,2026-05-13,21:49:00,3,Null,3 + Null
2026-05-13 21:49:00,S,3.0,,S3,NO,NO,NO,NO,True,11686.02,S3,YES,NO,0,0,217,,0,False,False,True,True,False,2026-05-13,21:49:00,3,Null,3 + Null
2026-05-13 21:49:00,S,2.0,peotv,S21,NO,YES,NO,NO,True,4714.34,S2,NO,NO,0,0,111,,0,False,True,True,True,False,2026-05-13,21:49:00,2,peotv,2 + peotv
2026-05-13 21:49:00,S,2.0,peotv,S21,NO,NO,NO,NO,True,5591.47,S2,YES,NO,0,0,185,,0,False,True,True,True,False,2026-05-13,21:49:00,2,peotv,2 + peotv
2026-05-13 21:49:00,S,,,S,NO,NO,NO,NO,False,,,NO,NO,0,0,18,,0,True,True,True,True,False,2026-05-13,21:49:00,Null,Null,Null + Null
2026-05-13 21:49:00,S,2.0,other,S24,NO,NO,NO,NO,True,1299.06,S2,YES,YES,743,68,880,,811,False,False,False,False,True,2026-05-13,21:49:00,2,other,2 + other
2026-05-13 21:49:00,S,,,S,NO,NO,NO,NO,True,3207.97,,NO,NO,0,0,52,,0,True,True,True,True,False,2026-05-13,21:49:00,Null,Null,Null + Null
2026-05-13 21:49:00,S,,,S,NO,NO,NO,NO,False,,,NO,NO,0,0,23,,0,True,True,True,True,False,2026-05-13,21:49:00,Null,Null,Null + Null
2026-05-13 21:49:00,S,2.0,broadband,S22,NO,NO,NO,NO,True,-44.71,S2,YES,YES,740,77,912,,817,False,False,False,False,True,2026-05-13,21:49:00,2,broadband,2 + broadband
2026-05-13 21:49:00,S,2.0,peotv,MOBITEL_S21,NO,NO,NO,NO,True,-1.09,S2,YES,YES,768,239,1077,,1007,False,False,False,False,True,2026-05-13,21:49:00,2,peotv,2 + peotv
2026-05-13 21:49:00,S,2.0,peotv,S21,NO,NO,NO,NO,True,725.55,S2,YES,YES,745,89,924,,834,False,False,False,False,True,2026-05-13,21:49:00,2,peotv,2 + peotv
2026-05-13 21:49:00,S,2.0,peotv,S21,NO,YES,NO,NO,True,118.36,S2,YES,YES,743,61,857,,804,False,False,False,False,True,2026-05-13,21:49:00,2,peotv,2 + peotv
2026-05-13 21:49:00,S,2.0,peotv,S21,NO,NO,NO,NO,True,0.0,S2,YES,YES,759,103,941,,862,False,False,False,False,True,2026-05-13,21:49:00,2,peotv,2 + peotv
2026-05-13 21:49:00,S,7.0,,S7,NO,NO,NO,NO,True,7476.82,S7,YES,NO,0,0,208,,0,False,False,True,True,False,2026-05-13,21:49:00,7,Null,7 + Null
2026-05-13 21:49:00,S,3.0,,S3,NO,NO,NO,NO,True,11551.01,S3,YES,YES,834,596,1574,,1430,False,False,False,False,True,2026-05-13,21:49:00,3,Null,3 + Null
2026-05-13 21:49:00,S,2.0,peotv,S21,NO,NO,NO,NO,True,951641.39,S2,YES,NO,0,0,424,,0,False,False,False,True,False,2026-05-13,21:49:00,2,peotv,2 + peotv
2026-05-13 21:49:00,S,2.0,peotv,S21,NO,NO,NO,NO,True,-3.94,S2,YES,YES,768,195,1032,,963,False,False,False,False,True,2026-05-13,21:49:00,2,peotv,2 + peotv
2026-05-13 21:49:00,S,,,S,NO,NO,NO,NO,False,,,NO,NO,0,0,29,,0,True,True,True,True,False,2026-05-13,21:49:00,Null,Null,Null + Null
2026-05-13 21:49:00,S,1.0,,SLty1,NO,NO,NO,NO,False,,S1,YES,NO,0,0,287,,0,False,False,True,True,False,2026-05-13,21:49:00,1,Null,1 + Null
2026-05-13 21:49:00,S,2.0,peotv,S21,NO,NO,NO,NO,True,4046.51,S2,YES,NO,0,0,281,,0,False,False,True,True,False,2026-05-13,21:49:00,2,peotv,2 + peotv
2026-05-13 21:49:00,S,7.0,,S7,NO,NO,NO,NO,True,8830.62,S7,YES,NO,0,0,620,,0,False,False,False,False,True,2026-05-13,21:49:00,7,Null,7 + Null
2026-05-13 21:49:00,S,2.0,peotv,S21,NO,NO,NO,NO,True,6155.04,S2,YES,NO,0,0,746,,0,False,False,False,False,True,2026-05-13,21:49:00,2,peotv,2 + peotv
2026-05-13 21:49:00,S,1.0,,SLty1,NO,NO,NO,NO,False,,S1,YES,NO,0,0,474,,0,False,False,False,True,False,2026-05-13,21:49:00,1,Null,1 + Null
2026-05-13 21:49:00,S,2.0,peotv,S21,NO,NO,NO,NO,True,5860.12,S2,YES,NO,0,0,358,,0,False,False,False,True,False,2026-05-13,21:49:00,2,peotv,2 + peotv
2026-05-13 21:49:00,S,2.0,peotv,S21,NO,NO,NO,NO,True,-28.43,S2,YES,YES,761,107,973,,868,False,False,False,False,True,2026-05-13,21:49:00,2,peotv,2 + peotv
2026-05-13 21:49:00,S,2.0,broadband,S222,NO,NO,YES,NO,True,0.0,S2,YES,NO,0,0,319,,0,False,False,False,True,False,2026-05-13,21:49:00,2,broadband,2 + broadband
2026-05-13 21:49:00,S,1.0,,SLty1,NO,NO,NO,NO,False,,S1,YES,NO,0,0,627,,0,False,False,False,False,True,2026-05-13,21:49:00,1,Null,1 + Null
2026-05-13 21:49:00,S,3.0,,S3,NO,NO,NO,NO,True,9257.08,S3,NO,NO,0,0,88,,0,True,True,True,True,False,2026-05-13,21:49:00,3,Null,3 + Null
2026-05-13 21:48:00,S,2.0,voice,S23,NO,NO,NO,NO,True,59567.93,S2,NO,NO,0,0,202,,0,False,False,True,True,False,2026-05-13,21:48:00,2,voice,2 + voice
2026-05-13 21:48:00,S,2.0,peotv,MOBITEL_S21,NO,NO,NO,NO,True,2594.38,S2,YES,NO,0,0,322,,0,False,False,False,True,False,2026-05-13,21:48:00,2,peotv,2 + peotv
2026-05-13 21:48:00,S,,,S,NO,NO,NO,NO,False,,,NO,NO,0,0,391,,0,False,False,False,True,False,2026-05-13,21:48:00,Null,Null,Null + Null
2026-05-13 21:48:00,S,4.0,extragb,S411,NO,NO,NO,NO,True,11707.6,S41,YES,NO,0,0,186,,0,False,True,True,True,False,2026-05-13,21:48:00,4,extragb,4 + extragb
2026-05-13 21:48:00,S,2.0,peotv,S211,NO,YES,NO,NO,True,4848.18,S2,YES,NO,0,0,424,,0,False,False,False,True,False,2026-05-13,21:48:00,2,peotv,2 + peotv
2026-05-13 21:48:00,S,3.0,,S3,NO,NO,NO,NO,True,4510.71,S3,YES,NO,0,0,232,,0,False,False,True,True,False,2026-05-13,21:48:00,3,Null,3 + Null
2026-05-13 21:48:00,S,2.0,peotv,S211,NO,YES,NO,NO,True,2708.12,S2,YES,NO,0,0,260,,0,False,False,True,True,False,2026-05-13,21:48:00,2,peotv,2 + peotv
2026-05-13 21:48:00,S,,,S,NO,NO,NO,NO,False,,,NO,NO,0,0,15,,0,True,True,True,True,False,2026-05-13,21:48:00,Null,Null,Null + Null
2026-05-13 21:48:00,S,1.0,,MOBITEL_SLty1,NO,NO,NO,NO,False,,S1,YES,YES,803,337,1175,,1140,False,False,False,False,True,2026-05-13,21:48:00,1,Null,1 + Null
2026-05-13 21:48:00,S,7.0,,S7,NO,NO,NO,NO,True,4586.42,S7,YES,NO,0,0,415,,0,False,False,False,True,False,2026-05-13,21:48:00,7,Null,7 + Null
2026-05-13 21:48:00,S,2.0,voice,S23,YES,NO,NO,NO,True,2737.79,S2,YES,YES,746,64,881,,810,False,False,False,False,True,2026-05-13,21:48:00,2,voice,2 + voice
2026-05-13 21:48:00,S,2.0,peotv,S211,NO,YES,NO,NO,True,11342.75,S2,YES,NO,0,0,220,,0,False,False,True,True,False,2026-05-13,21:48:00,2,peotv,2 + peotv
2026-05-13 21:48:00,S,4.0,extragb,S41t,NO,NO,NO,NO,True,520.23,S41,NO,NO,0,0,83,,0,True,True,True,True,False,2026-05-13,21:48:00,4,extragb,4 + extragb
2026-05-13 21:48:00,S,,,S,NO,NO,NO,NO,False,,,NO,NO,0,0,25,,0,True,True,True,True,False,2026-05-13,21:48:00,Null,Null,Null + Null
2026-05-13 21:48:00,S,,,S,NO,NO,NO,NO,False,,,NO,NO,0,0,20,,0,True,True,True,True,False,2026-05-13,21:48:00,Null,Null,Null + Null
2026-05-13 21:48:00,E,,,MOBITEL_E,NO,NO,NO,NO,False,,,NO,NO,0,0,26,,0,True,True,True,True,False,2026-05-13,21:48:00,Null,Null,Null + Null
2026-05-13 21:48:00,S,2.0,other,S2t,NO,NO,NO,NO,True,22439.85,S2,YES,NO,0,0,130,,0,False,True,True,True,False,2026-05-13,21:48:00,2,other,2 + other
2026-05-13 21:48:00,E,2.0,other,E2t,NO,NO,NO,NO,True,7436.57,E2,YES,NO,0,0,304,,0,False,False,False,True,False,2026-05-13,21:48:00,2,other,2 + other
2026-05-13 21:48:00,S,2.0,peotv,S21,NO,NO,NO,NO,True,5791.84,S2,YES,NO,0,0,113,,0,False,True,True,True,False,2026-05-13,21:48:00,2,peotv,2 + peotv
2026-05-13 21:48:00,S,7.0,,S7,NO,NO,NO,NO,True,2427.92,S7,YES,NO,0,0,576,,0,False,False,False,False,True,2026-05-13,21:48:00,7,Null,7 + Null
2026-05-13 21:48:00,S,2.0,peotv,S21,YES,NO,NO,NO,True,3231.43,S2,YES,YES,755,99,927,,854,False,False,False,False,True,2026-05-13,21:48:00,2,peotv,2 + peotv
2026-05-13 21:48:00,S,2.0,peotv,S21,NO,NO,NO,NO,True,3379.04,S2,YES,NO,0,0,244,,0,False,False,True,True,False,2026-05-13,21:48:00,2,peotv,2 + peotv
2026-05-13 21:48:00,S,3.0,,MOBITEL_S3,NO,NO,NO,NO,False,,S3,YES,NO,0,0,513,,0,False,False,False,False,True,2026-05-13,21:48:00,3,Null,3 + Null
2026-05-13 21:48:00,S,,,S,NO,NO,NO,NO,False,,,NO,NO,0,0,569,,0,False,False,False,False,True,2026-05-13,21:48:00,Null,Null,Null + Null
2026-05-13 21:48:00,S,3.0,,S3,NO,NO,NO,NO,True,-96.27,S3,YES,NO,0,0,460,,0,False,False,False,True,False,2026-05-13,21:48:00,3,Null,3 + Null
2026-05-13 21:48:00,S,,,S,NO,NO,NO,NO,False,,,NO,NO,0,0,23,,0,True,True,True,True,False,2026-05-13,21:48:00,Null,Null,Null + Null
2026-05-13 21:48:00,E,,,E,NO,NO,NO,NO,False,,,NO,NO,0,0,133,,0,False,True,True,True,False,2026-05-13,21:48:00,Null,Null,Null + Null
2026-05-13 21:48:00,S,,,S,NO,NO,NO,NO,False,,,NO,NO,0,0,79,,0,True,True,True,True,False,2026-05-13,21:48:00,Null,Null,Null + Null
2026-05-13 21:48:00,S,3.0,,S3,NO,NO,NO,NO,True,5708.04,S3,YES,YES,780,236,1136,,1016,False,False,False,False,True,2026-05-13,21:48:00,3,Null,3 + Null
2026-05-13 21:48:00,S,,,S,NO,NO,NO,NO,False,,,NO,NO,0,0,34,,0,True,True,True,True,False,2026-05-13,21:48:00,Null,Null,Null + Null
2026-05-13 21:48:00,S,2.0,peotv,S21,NO,YES,NO,NO,True,548.6,S2,YES,NO,0,0,223,,0,False,False,True,True,False,2026-05-13,21:48:00,2,peotv,2 + peotv
2026-05-13 21:48:00,S,2.0,peotv,S21,YES,NO,NO,NO,True,8540.72,S2,YES,YES,833,536,1481,,1369,False,False,False,False,True,2026-05-13,21:48:00,2,peotv,2 + peotv
2026-05-13 21:48:00,S,2.0,peotv,S21,NO,YES,NO,NO,True,1907.88,S2,YES,YES,765,136,986,,901,False,False,False,False,True,2026-05-13,21:48:00,2,peotv,2 + peotv
2026-05-13 21:48:00,S,3.0,,S3,NO,NO,NO,NO,True,6104.87,S3,NO,NO,0,0,84,,0,True,True,True,True,False,2026-05-13,21:48:00,3,Null,3 + Null
2026-05-13 21:48:00,S,,,S,NO,NO,NO,NO,False,,,NO,NO,0,0,30,,0,True,True,True,True,False,2026-05-13,21:48:00,Null,Null,Null + Null
2026-05-13 21:48:00,S,,,S,NO,NO,NO,NO,False,,,NO,NO,0,0,16,,0,True,True,True,True,False,2026-05-13,21:48:00,Null,Null,Null + Null
2026-05-13 21:48:00,S,2.0,peotv,S21,NO,YES,NO,NO,True,-61.29,S2,YES,YES,770,109,947,,879,False,False,False,False,True,2026-05-13,21:48:00,2,peotv,2 + peotv
2026-05-13 21:48:00,S,2.0,peotv,S21,NO,NO,NO,NO,True,2331.36,S2,YES,YES,761,58,871,,819,False,False,False,False,True,2026-05-13,21:48:00,2,peotv,2 + peotv
2026-05-13 21:48:00,S,2.0,peotv,S21,NO,YES,NO,NO,True,5725.88,S2,NO,NO,0,0,100,,0,False,True,True,True,False,2026-05-13,21:48:00,2,peotv,2 + peotv
2026-05-13 21:48:00,S,2.0,peotv,S21,NO,YES,NO,NO,True,1804.17,S2,YES,NO,0,0,282,,0,False,False,True,True,False,2026-05-13,21:48:00,2,peotv,2 + peotv
2026-05-13 21:48:00,S,4.0,extragb,S41122,NO,NO,NO,NO,True,3426.48,S41,NO,NO,0,0,48,,0,True,True,True,True,False,2026-05-13,21:48:00,4,extragb,4 + extragb
2026-05-13 21:48:00,S,,,S,NO,NO,NO,NO,False,,,NO,NO,0,0,14,,0,True,True,True,True,False,2026-05-13,21:48:00,Null,Null,Null + Null
2026-05-13 21:48:00,S,2.0,broadband,MOBITEL_S22,NO,NO,YES,NO,True,3793.84,S2,YES,NO,0,0,150,,0,False,True,True,True,False,2026-05-13,21:48:00,2,broadband,2 + broadband
2026-05-13 21:48:00,S,,,S,NO,NO,NO,NO,False,,,NO,NO,0,0,31,,0,True,True,True,True,False,2026-05-13,21:48:00,Null,Null,Null + Null
2026-05-13 21:48:00,S,,,S,NO,NO,NO,NO,False,,,NO,NO,0,0,24,,0,True,True,True,True,False,2026-05-13,21:48:00,Null,Null,Null + Null
2026-05-13 21:48:00,S,7.0,,S7,NO,NO,NO,NO,True,2526.38,S7,YES,YES,764,40,876,,804,False,False,False,False,True,2026-05-13,21:48:00,7,Null,7 + Null
2026-05-13 21:48:00,S,2.0,peotv,S211,NO,YES,NO,NO,True,10773.62,S2,YES,NO,0,0,412,,0,False,False,False,True,False,2026-05-13,21:48:00,2,peotv,2 + peotv
2026-05-13 21:48:00,S,2.0,peotv,S21,NO,NO,NO,NO,True,0.35,S2,YES,NO,0,0,251,,0,False,False,True,True,False,2026-05-13,21:48:00,2,peotv,2 + peotv
2026-05-13 21:48:00,S,3.0,,S3,NO,NO,NO,NO,True,0.0,S3,NO,NO,0,0,105,,0,False,True,True,True,False,2026-05-13,21:48:00,3,Null,3 + Null
2026-05-13 21:48:00,S,2.0,peotv,S21,NO,YES,NO,NO,True,-230.37,S2,YES,YES,762,101,950,,863,False,False,False,False,True,2026-05-13,21:48:00,2,peotv,2 + peotv
2026-05-13 21:48:00,S,3.0,,S3,NO,NO,NO,NO,True,111.29,S3,NO,NO,0,0,79,,0,True,True,True,True,False,2026-05-13,21:48:00,3,Null,3 + Null
2026-05-13 21:48:00,S,2.0,peotv,S21,NO,NO,NO,NO,True,3149.52,S2,YES,NO,0,0,277,,0,False,False,True,True,False,2026-05-13,21:48:00,2,peotv,2 + peotv
2026-05-13 21:48:00,S,2.0,peotv,S21,NO,NO,NO,NO,True,6.38,S2,YES,NO,0,0,249,,0,False,False,True,True,False,2026-05-13,21:48:00,2,peotv,2 + peotv
2026-05-13 21:48:00,S,2.0,peotv,S211,NO,YES,NO,NO,True,3043.32,S2,YES,YES,1655,0,1735,,1655,False,False,False,False,True,2026-05-13,21:48:00,2,peotv,2 + peotv
2026-05-13 21:48:00,S,7.0,,S7,NO,NO,NO,NO,True,3410.95,S7,YES,NO,0,0,782,,0,False,False,False,False,True,2026-05-13,21:48:00,7,Null,7 + Null
2026-05-13 21:48:00,S,4.0,extragb,S4111,NO,NO,NO,YES,True,17113.38,S41,NO,NO,0,0,31,,0,True,True,True,True,False,2026-05-13,21:48:00,4,extragb,4 + extragb
2026-05-13 21:48:00,T,,,T,NO,NO,NO,NO,False,,,NO,NO,0,0,27,,0,True,True,True,True,False,2026-05-13,21:48:00,Null,Null,Null + Null
2026-05-13 21:48:00,S,3.0,,S3,NO,NO,NO,NO,True,0.0,S3,YES,NO,0,0,457,,0,False,False,False,True,False,2026-05-13,21:48:00,3,Null,3 + Null
2026-05-13 21:48:00,S,2.0,peotv,S21,NO,NO,NO,NO,True,2356.03,S2,YES,YES,837,520,1455,,1357,False,False,False,False,True,2026-05-13,21:48:00,2,peotv,2 + peotv
2026-05-13 21:48:00,S,2.0,peotv,S211,NO,YES,NO,NO,True,3116.68,S2,YES,YES,155,0,1146,,155,False,False,False,False,True,2026-05-13,21:48:00,2,peotv,2 + peotv
2026-05-13 21:48:00,S,2.0,peotv,S21,NO,NO,NO,NO,True,6000.0,S2,YES,YES,758,40,867,,798,False,False,False,False,True,2026-05-13,21:48:00,2,peotv,2 + peotv
2026-05-13 21:48:00,S,2.0,peotv,S21,NO,NO,NO,NO,True,-0.42,S2,YES,NO,0,0,69,,0,True,True,True,True,False,2026-05-13,21:48:00,2,peotv,2 + peotv
2026-05-13 21:48:00,S,1.0,,MOBITEL_SLty1,NO,NO,NO,NO,False,,S1,YES,NO,0,0,106,,0,False,True,True,True,False,2026-05-13,21:48:00,1,Null,1 + Null
2026-05-13 21:48:00,S,,,S,NO,NO,NO,NO,False,,,NO,NO,0,0,166,,0,False,True,True,True,False,2026-05-13,21:48:00,Null,Null,Null + Null
2026-05-13 21:48:00,E,,,MOBITEL_E,NO,NO,NO,NO,False,,,NO,NO,0,0,44,,0,True,True,True,True,False,2026-05-13,21:48:00,Null,Null,Null + Null
2026-05-13 21:48:00,S,2.0,peotv,S21,NO,NO,NO,NO,True,6113.7,S2,YES,NO,0,0,374,,0,False,False,False,True,False,2026-05-13,21:48:00,2,peotv,2 + peotv
2026-05-13 21:48:00,S,3.0,,S3,NO,NO,NO,NO,True,15661.25,S3,YES,NO,0,0,628,,0,False,False,False,False,True,2026-05-13,21:48:00,3,Null,3 + Null
2026-05-13 21:48:00,S,2.0,peotv,S211,NO,YES,NO,NO,True,4634.36,S2,YES,YES,767,108,956,,875,False,False,False,False,True,2026-05-13,21:48:00,2,peotv,2 + peotv
2026-05-13 21:48:00,S,7.0,,S7,NO,NO,NO,NO,True,16.97,S7,YES,NO,0,0,473,,0,False,False,False,True,False,2026-05-13,21:48:00,7,Null,7 + Null
2026-05-13 21:48:00,S,2.0,peotv,S21,NO,NO,NO,NO,True,2955.6,S2,YES,NO,0,0,672,,0,False,False,False,False,True,2026-05-13,21:48:00,2,peotv,2 + peotv
2026-05-13 21:48:00,S,3.0,,S3,NO,NO,NO,NO,True,4570.86,S3,NO,NO,0,0,32,,0,True,True,True,True,False,2026-05-13,21:48:00,3,Null,3 + Null
2026-05-13 21:48:00,S,2.0,peotv,S21,NO,NO,NO,NO,True,4320.58,S2,YES,NO,0,0,592,,0,False,False,False,False,True,2026-05-13,21:48:00,2,peotv,2 + peotv
2026-05-13 21:48:00,S,2.0,peotv,S21,NO,NO,NO,NO,True,-105.63,S2,YES,NO,0,0,386,,0,False,False,False,True,False,2026-05-13,21:48:00,2,peotv,2 + peotv
2026-05-13 21:48:00,S,4.0,extragb,S4111,NO,NO,NO,YES,True,4571.71,S41,NO,NO,0,0,70,,0,True,True,True,True,False,2026-05-13,21:48:00,4,extragb,4 + extragb
2026-05-13 21:48:00,S,3.0,,S3,NO,NO,NO,NO,False,,S3,YES,YES,763,33,843,,796,False,False,False,False,True,2026-05-13,21:48:00,3,Null,3 + Null
2026-05-13 21:48:00,S,3.0,,S3,NO,NO,NO,NO,True,2493.81,S3,YES,NO,0,0,264,,0,False,False,True,True,False,2026-05-13,21:48:00,3,Null,3 + Null
2026-05-13 21:48:00,S,2.0,peotv,S21,NO,YES,NO,NO,True,-78.43,S2,YES,NO,0,0,574,,0,False,False,False,False,True,2026-05-13,21:48:00,2,peotv,2 + peotv
2026-05-13 21:48:00,S,2.0,peotv,S21,NO,NO,NO,NO,True,0.0,S2,YES,NO,0,0,82,,0,True,True,True,True,False,2026-05-13,21:48:00,2,peotv,2 + peotv
2026-05-13 21:48:00,S,4.0,extragb,S4112,NO,NO,NO,NO,True,5992.68,S41,NO,NO,0,0,44,,0,True,True,True,True,False,2026-05-13,21:48:00,4,extragb,4 + extragb
2026-05-13 21:48:00,S,,,S,NO,NO,NO,NO,False,,,NO,NO,0,0,33,,0,True,True,True,True,False,2026-05-13,21:48:00,Null,Null,Null + Null
2026-05-13 21:48:00,T,7.0,,T7,NO,NO,NO,NO,True,9899.04,T7,YES,NO,0,0,569,,0,False,False,False,False,True,2026-05-13,21:48:00,7,Null,7 + Null
2026-05-13 21:48:00,S,4.0,extragb,S4111,NO,NO,NO,YES,True,3428.18,S41,NO,NO,0,0,40,,0,True,True,True,True,False,2026-05-13,21:48:00,4,extragb,4 + extragb
2026-05-13 21:47:00,S,7.0,,S,NO,NO,NO,NO,False,,S_LTY,YES,YES,13,82,169,,95,False,True,True,True,False,2026-05-13,21:47:00,7,Null,7 + Null
2026-05-13 21:47:00,S,4.0,extragb,S41121,NO,NO,NO,YES,True,2226.44,S41,NO,NO,0,0,125,,0,False,True,True,True,False,2026-05-13,21:47:00,4,extragb,4 + extragb
2026-05-13 21:47:00,S,2.0,peotv,S21,YES,NO,NO,NO,True,6624.82,S2,YES,NO,0,0,803,,0,False,False,False,False,True,2026-05-13,21:47:00,2,peotv,2 + peotv
2026-05-13 21:47:00,S,1.0,,S1,NO,NO,NO,NO,True,6863.63,S1,YES,YES,751,50,854,,801,False,False,False,False,True,2026-05-13,21:47:00,1,Null,1 + Null
2026-05-13 21:47:00,S,,,S,NO,NO,NO,NO,False,,,NO,NO,0,0,98,,0,True,True,True,True,False,2026-05-13,21:47:00,Null,Null,Null + Null
2026-05-13 21:47:00,S,2.0,peotv,MOBITEL_S21,YES,NO,NO,NO,True,3284.26,S2,YES,NO,0,0,91,,0,True,True,True,True,False,2026-05-13,21:47:00,2,peotv,2 + peotv
2026-05-13 21:47:00,S,,,S,NO,NO,NO,NO,False,,,NO,NO,0,0,144,,0,False,True,True,True,False,2026-05-13,21:47:00,Null,Null,Null + Null
2026-05-13 21:47:00,S,2.0,peotv,S211,NO,YES,NO,NO,True,2591.23,S2,YES,NO,0,0,683,,0,False,False,False,False,True,2026-05-13,21:47:00,2,peotv,2 + peotv
2026-05-13 21:47:00,S,,,S,NO,NO,NO,NO,False,,,NO,NO,0,0,27,,0,True,True,True,True,False,2026-05-13,21:47:00,Null,Null,Null + Null
2026-05-13 21:47:00,S,3.0,,S3,NO,NO,NO,NO,True,0.0,S3,YES,NO,0,0,353,,0,False,False,False,True,False,2026-05-13,21:47:00,3,Null,3 + Null
2026-05-13 21:47:00,S,2.0,peotv,S21,NO,NO,NO,NO,True,10074.33,S2,YES,NO,0,0,267,,0,False,False,True,True,False,2026-05-13,21:47:00,2,peotv,2 + peotv
2026-05-13 21:47:00,S,2.0,peotv,S21,NO,YES,NO,NO,True,1580.37,S2,YES,YES,769,64,959,,833,False,False,False,False,True,2026-05-13,21:47:00,2,peotv,2 + peotv
2026-05-13 21:47:00,S,4.0,extragb,S4112,NO,NO,NO,NO,True,7185.64,S41,NO,NO,0,0,55,,0,True,True,True,True,False,2026-05-13,21:47:00,4,extragb,4 + extragb
2026-05-13 21:47:00,S,1.0,,S1,NO,NO,NO,NO,True,1885.95,S1,YES,NO,0,0,84,,0,True,True,True,True,False,2026-05-13,21:47:00,1,Null,1 + Null
2026-05-13 21:47:00,S,4.0,extragb,S4111,NO,NO,NO,YES,True,734.9,S41,NO,NO,0,0,67,,0,True,True,True,True,False,2026-05-13,21:47:00,4,extragb,4 + extragb
2026-05-13 21:47:00,S,2.0,peotv,S211,NO,YES,NO,NO,True,7619.6,S2,YES,YES,761,27,928,,788,False,False,False,False,True,2026-05-13,21:47:00,2,peotv,2 + peotv
2026-05-13 21:47:00,S,2.0,peotv,S21,NO,YES,NO,NO,True,-2062.27,S2,YES,NO,0,0,312,,0,False,False,False,True,False,2026-05-13,21:47:00,2,peotv,2 + peotv
2026-05-13 21:47:00,S,2.0,peotv,S21,NO,YES,NO,NO,True,-372.85,S2,YES,YES,768,161,991,,929,False,False,False,False,True,2026-05-13,21:47:00,2,peotv,2 + peotv
2026-05-13 21:47:00,S,,,S,NO,NO,NO,NO,False,,,NO,NO,0,0,25,,0,True,True,True,True,False,2026-05-13,21:47:00,Null,Null,Null + Null
2026-05-13 21:47:00,S,1.0,,SLty1,NO,NO,NO,NO,False,,S1,YES,NO,0,0,299,,0,False,False,True,True,False,2026-05-13,21:47:00,1,Null,1 + Null
2026-05-13 21:47:00,S,,,S,NO,NO,NO,NO,False,,,NO,NO,0,0,35,,0,True,True,True,True,False,2026-05-13,21:47:00,Null,Null,Null + Null
2026-05-13 21:47:00,S,1.0,,SLty1,NO,NO,NO,NO,False,,S1,YES,NO,0,0,196,,0,False,True,True,True,False,2026-05-13,21:47:00,1,Null,1 + Null
2026-05-13 21:47:00,S,2.0,peotv,S21,NO,NO,NO,NO,True,5291.64,S2,YES,YES,748,42,847,,790,False,False,False,False,True,2026-05-13,21:47:00,2,peotv,2 + peotv
2026-05-13 21:47:00,S,7.0,,S7,NO,NO,NO,NO,True,10.48,S7,YES,NO,0,0,529,,0,False,False,False,False,True,2026-05-13,21:47:00,7,Null,7 + Null
2026-05-13 21:47:00,S,3.0,,S3,NO,NO,NO,NO,True,11658.23,S3,NO,NO,0,0,74,,0,True,True,True,True,False,2026-05-13,21:47:00,3,Null,3 + Null
2026-05-13 21:47:00,S,2.0,peotv,S211,NO,YES,NO,NO,True,4116.07,S2,YES,NO,0,0,587,,0,False,False,False,False,True,2026-05-13,21:47:00,2,peotv,2 + peotv
2026-05-13 21:47:00,S,2.0,peotv,S21,NO,YES,NO,NO,True,-68.01,S2,YES,NO,0,0,84,,0,True,True,True,True,False,2026-05-13,21:47:00,2,peotv,2 + peotv
2026-05-13 21:47:00,T,4.0,extragb,T41t,NO,NO,NO,NO,False,,T41,YES,YES,507,122,705,,629,False,False,False,False,True,2026-05-13,21:47:00,4,extragb,4 + extragb
2026-05-13 21:47:00,S,2.0,peotv,S21,NO,YES,NO,NO,True,681.45,S2,YES,NO,0,0,698,,0,False,False,False,False,True,2026-05-13,21:47:00,2,peotv,2 + peotv
2026-05-13 21:47:00,S,4.0,extragb,S41121,NO,NO,NO,NO,True,6472.73,S41,NO,NO,0,0,77,,0,True,True,True,True,False,2026-05-13,21:47:00,4,extragb,4 + extragb
2026-05-13 21:47:00,S,4.0,extragb,S41121,NO,NO,NO,YES,True,4030.02,S41,NO,NO,0,0,146,,0,False,True,True,True,False,2026-05-13,21:47:00,4,extragb,4 + extragb
2026-05-13 21:47:00,S,2.0,peotv,S21,NO,NO,NO,NO,True,7497.43,S2,YES,NO,0,0,158,,0,False,True,True,True,False,2026-05-13,21:47:00,2,peotv,2 + peotv
2026-05-13 21:47:00,S,1.0,,SLty1,NO,NO,NO,NO,False,,S1,YES,YES,773,81,908,,854,False,False,False,False,True,2026-05-13,21:47:00,1,Null,1 + Null
2026-05-13 21:47:00,S,4.0,extragb,S4111,NO,NO,NO,YES,True,6138.77,S41,NO,NO,0,0,94,,0,True,True,True,True,False,2026-05-13,21:47:00,4,extragb,4 + extragb
2026-05-13 21:47:00,S,2.0,peotv,S21,NO,NO,NO,NO,True,20.36,S2,YES,NO,0,0,278,,0,False,False,True,True,False,2026-05-13,21:47:00,2,peotv,2 + peotv
2026-05-13 21:47:00,S,4.0,extragb,S4112,NO,NO,NO,NO,True,3770.35,S41,NO,NO,0,0,25,,0,True,True,True,True,False,2026-05-13,21:47:00,4,extragb,4 + extragb
2026-05-13 21:47:00,S,2.0,peotv,S21,NO,NO,NO,NO,True,-28.82,S2,YES,NO,0,0,225,,0,False,False,True,True,False,2026-05-13,21:47:00,2,peotv,2 + peotv
2026-05-13 21:47:00,S,4.0,extragb,S411,NO,NO,NO,NO,True,1365.09,S41,YES,YES,773,66,920,,839,False,False,False,False,True,2026-05-13,21:47:00,4,extragb,4 + extragb
2026-05-13 21:47:00,S,4.0,extragb,S4111,NO,NO,NO,YES,True,-11.38,S41,NO,NO,0,0,47,,0,True,True,True,True,False,2026-05-13,21:47:00,4,extragb,4 + extragb
2026-05-13 21:47:00,E,2.0,broadband,E22,NO,NO,NO,NO,True,0.0,E2,YES,NO,0,0,220,,0,False,False,True,True,False,2026-05-13,21:47:00,2,broadband,2 + broadband
2026-05-13 21:47:00,S,4.0,extragb,S4111,NO,NO,NO,YES,True,10522.01,S41,NO,NO,0,0,35,,0,True,True,True,True,False,2026-05-13,21:47:00,4,extragb,4 + extragb
2026-05-13 21:47:00,S,2.0,peotv,S21,NO,YES,NO,NO,True,3591.47,S2,NO,NO,0,0,47,,0,True,True,True,True,False,2026-05-13,21:47:00,2,peotv,2 + peotv
2026-05-13 21:47:00,S,2.0,peotv,S21,NO,NO,NO,NO,True,6481.51,S2,YES,NO,0,0,683,,0,False,False,False,False,True,2026-05-13,21:47:00,2,peotv,2 + peotv
2026-05-13 21:47:00,S,3.0,,S3,NO,NO,NO,NO,True,-68.56,S3,YES,NO,0,0,79,,0,True,True,True,True,False,2026-05-13,21:47:00,3,Null,3 + Null
2026-05-13 21:47:00,S,2.0,peotv,S21,NO,NO,NO,NO,True,5117.1,S2,YES,YES,780,60,923,,840,False,False,False,False,True,2026-05-13,21:47:00,2,peotv,2 + peotv
2026-05-13 21:47:00,S,4.0,extragb,S4111,NO,NO,NO,YES,True,18543.8,S41,NO,NO,0,0,80,,0,True,True,True,True,False,2026-05-13,21:47:00,4,extragb,4 + extragb
2026-05-13 21:47:00,S,1.0,,SLty1,NO,NO,NO,NO,False,,S1,YES,NO,0,0,102,,0,False,True,True,True,False,2026-05-13,21:47:00,1,Null,1 + Null
2026-05-13 21:47:00,S,2.0,voice,S23,NO,NO,NO,NO,True,0.0,S2,NO,NO,0,0,146,,0,False,True,True,True,False,2026-05-13,21:47:00,2,voice,2 + voice
2026-05-13 21:47:00,S,5.0,,S5,NO,NO,NO,NO,True,708.93,S5,NO,NO,0,0,87,,0,True,True,True,True,False,2026-05-13,21:47:00,5,Null,5 + Null
2026-05-13 21:47:00,S,,,S,NO,NO,NO,NO,False,,,NO,NO,0,0,41,,0,True,True,True,True,False,2026-05-13,21:47:00,Null,Null,Null + Null
2026-05-13 21:47:00,S,,,S,NO,NO,NO,NO,False,,,NO,NO,0,0,23,,0,True,True,True,True,False,2026-05-13,21:47:00,Null,Null,Null + Null
2026-05-13 21:47:00,S,,,S,NO,NO,NO,NO,False,,,NO,NO,0,0,34,,0,True,True,True,True,False,2026-05-13,21:47:00,Null,Null,Null + Null
2026-05-13 21:47:00,S,,,S,NO,NO,NO,NO,False,,,NO,NO,0,0,16,,0,True,True,True,True,False,2026-05-13,21:47:00,Null,Null,Null + Null
2026-05-13 21:47:00,S,4.0,extragb,S41i,NO,NO,NO,NO,True,4570.86,S41,NO,NO,0,0,22,,0,True,True,True,True,False,2026-05-13,21:47:00,4,extragb,4 + extragb
2026-05-13 21:47:00,S,2.0,peotv,S21,NO,YES,NO,NO,True,1825.15,S2,YES,NO,0,0,208,,0,False,False,True,True,False,2026-05-13,21:47:00,2,peotv,2 + peotv
2026-05-13 21:47:00,S,1.0,,S1,NO,NO,NO,NO,True,771.55,S1,YES,NO,0,0,298,,0,False,False,True,True,False,2026-05-13,21:47:00,1,Null,1 + Null
2026-05-13 21:47:00,S,4.0,extragb,S41121,NO,NO,NO,YES,True,12911.2,S41,NO,NO,0,0,73,,0,True,True,True,True,False,2026-05-13,21:47:00,4,extragb,4 + extragb
2026-05-13 21:47:00,S,2.0,peotv,S21,NO,NO,NO,NO,True,-0.08,S2,YES,NO,0,0,765,,0,False,False,False,False,True,2026-05-13,21:47:00,2,peotv,2 + peotv
2026-05-13 21:47:00,S,2.0,peotv,S21,NO,YES,NO,NO,True,-617.92,S2,YES,NO,0,0,827,,0,False,False,False,False,True,2026-05-13,21:47:00,2,peotv,2 + peotv
2026-05-13 21:47:00,S,3.0,,MOBITEL_S3,NO,NO,NO,NO,True,4155.49,S3,YES,YES,770,77,933,,847,False,False,False,False,True,2026-05-13,21:47:00,3,Null,3 + Null
2026-05-13 21:47:00,S,2.0,peotv,S21,NO,NO,NO,NO,True,5623.33,S2,YES,NO,0,0,273,,0,False,False,True,True,False,2026-05-13,21:47:00,2,peotv,2 + peotv
2026-05-13 21:47:00,S,4.0,extragb,S411,NO,NO,NO,NO,True,-5.27,S41,NO,NO,0,0,54,,0,True,True,True,True,False,2026-05-13,21:47:00,4,extragb,4 + extragb
2026-05-13 21:47:00,S,2.0,peotv,S211,NO,YES,NO,NO,True,2285.56,S2,YES,NO,0,0,320,,0,False,False,False,True,False,2026-05-13,21:47:00,2,peotv,2 + peotv
2026-05-13 21:47:00,S,,,MOBITEL_S,NO,NO,NO,NO,False,,,NO,NO,0,0,25,,0,True,True,True,True,False,2026-05-13,21:47:00,Null,Null,Null + Null
2026-05-13 21:47:00,S,,,S,NO,NO,NO,NO,False,,,NO,NO,0,0,49,,0,True,True,True,True,False,2026-05-13,21:47:00,Null,Null,Null + Null
2026-05-13 21:47:00,S,2.0,peotv,S21,NO,NO,NO,NO,True,6245.03,S2,YES,NO,0,0,655,,0,False,False,False,False,True,2026-05-13,21:47:00,2,peotv,2 + peotv
2026-05-13 21:46:00,S,7.0,,S,NO,NO,NO,NO,False,,S_LTY,YES,YES,0,743,809,,743,False,False,False,False,True,2026-05-13,21:46:00,7,Null,7 + Null
2026-05-13 21:46:00,S,2.0,broadband,S222,NO,NO,YES,NO,True,8700.84,S2,YES,NO,0,0,379,,0,False,False,False,True,False,2026-05-13,21:46:00,2,broadband,2 + broadband
2026-05-13 21:46:00,S,4.0,extragb,S41t,NO,NO,NO,NO,False,,S41,YES,NO,0,0,162,,0,False,True,True,True,False,2026-05-13,21:46:00,4,extragb,4 + extragb
2026-05-13 21:46:00,S,2.0,broadband,S22,NO,NO,NO,NO,True,2676.88,S2,YES,NO,0,0,475,,0,False,False,False,True,False,2026-05-13,21:46:00,2,broadband,2 + broadband
2026-05-13 21:46:00,S,2.0,broadband,S22,YES,NO,NO,NO,True,5077.85,S2,YES,NO,0,0,862,,0,False,False,False,False,True,2026-05-13,21:46:00,2,broadband,2 + broadband
2026-05-13 21:46:00,S,4.0,extragb,S411,NO,NO,NO,NO,True,-5827.03,S41,YES,NO,0,0,148,,0,False,True,True,True,False,2026-05-13,21:46:00,4,extragb,4 + extragb
2026-05-13 21:46:00,S,4.0,extragb,S41t,NO,NO,NO,NO,True,3985.68,S41,YES,NO,0,0,65,,0,True,True,True,True,False,2026-05-13,21:46:00,4,extragb,4 + extragb
2026-05-13 21:46:00,S,2.0,peotv,S21,NO,NO,NO,NO,True,-993.97,S2,YES,NO,0,0,651,,0,False,False,False,False,True,2026-05-13,21:46:00,2,peotv,2 + peotv
2026-05-13 21:46:00,S,2.0,peotv,S211,NO,YES,NO,NO,True,10936.5,S2,YES,YES,790,201,1086,,991,False,False,False,False,True,2026-05-13,21:46:00,2,peotv,2 + peotv
2026-05-13 21:46:00,S,2.0,peotv,S21,NO,NO,NO,NO,True,0.31,S2,YES,YES,779,34,901,,813,False,False,False,False,True,2026-05-13,21:46:00,2,peotv,2 + peotv
2026-05-13 21:46:00,S,,,S,NO,NO,NO,NO,True,4838.03,,NO,NO,0,0,16,,0,True,True,True,True,False,2026-05-13,21:46:00,Null,Null,Null + Null
2026-05-13 21:46:00,S,2.0,peotv,S211,NO,YES,NO,NO,True,2559.21,S2,YES,NO,0,0,639,,0,False,False,False,False,True,2026-05-13,21:46:00,2,peotv,2 + peotv
2026-05-13 21:46:00,S,2.0,peotv,S211,NO,YES,NO,NO,True,6655.27,S2,YES,NO,0,0,407,,0,False,False,False,True,False,2026-05-13,21:46:00,2,peotv,2 + peotv
2026-05-13 21:46:00,S,2.0,peotv,S21,NO,NO,NO,NO,True,-2.15,S2,YES,NO,0,0,394,,0,False,False,False,True,False,2026-05-13,21:46:00,2,peotv,2 + peotv
2026-05-13 21:46:00,S,7.0,,S7,NO,NO,NO,NO,True,-7.92,S7,YES,YES,783,158,1043,,941,False,False,False,False,True,2026-05-13,21:46:00,7,Null,7 + Null
2026-05-13 21:46:00,S,2.0,peotv,S21,NO,NO,NO,NO,True,3805.86,S2,YES,NO,0,0,300,,0,False,False,False,True,False,2026-05-13,21:46:00,2,peotv,2 + peotv
2026-05-13 21:46:00,S,2.0,peotv,S21,NO,NO,NO,NO,True,-169.02,S2,YES,YES,771,93,962,,864,False,False,False,False,True,2026-05-13,21:46:00,2,peotv,2 + peotv
2026-05-13 21:46:00,S,4.0,extragb,S41121,NO,NO,NO,YES,True,8118.81,S41,NO,NO,0,0,53,,0,True,True,True,True,False,2026-05-13,21:46:00,4,extragb,4 + extragb
2026-05-13 21:46:00,S,,,S,NO,NO,NO,NO,False,,,NO,NO,0,0,33,,0,True,True,True,True,False,2026-05-13,21:46:00,Null,Null,Null + Null
2026-05-13 21:46:00,S,,,S,NO,NO,NO,NO,False,,,NO,NO,0,0,27,,0,True,True,True,True,False,2026-05-13,21:46:00,Null,Null,Null + Null
2026-05-13 21:46:00,S,2.0,peotv,S21,NO,YES,NO,NO,True,-976.31,S2,YES,NO,0,0,144,,0,False,True,True,True,False,2026-05-13,21:46:00,2,peotv,2 + peotv
2026-05-13 21:46:00,S,,,S,NO,NO,NO,NO,False,,,NO,NO,0,0,43,,0,True,True,True,True,False,2026-05-13,21:46:00,Null,Null,Null + Null
2026-05-13 21:46:00,S,2.0,peotv,S21,NO,NO,NO,NO,True,1011.24,S2,YES,NO,0,0,122,,0,False,True,True,True,False,2026-05-13,21:46:00,2,peotv,2 + peotv
2026-05-13 21:46:00,S,2.0,peotv,S21,NO,NO,NO,NO,True,1927.11,S2,YES,NO,0,0,153,,0,False,True,True,True,False,2026-05-13,21:46:00,2,peotv,2 + peotv
2026-05-13 21:46:00,S,2.0,voice,S23,YES,NO,NO,NO,True,2784.57,S2,YES,YES,770,37,950,,807,False,False,False,False,True,2026-05-13,21:46:00,2,voice,2 + voice
2026-05-13 21:46:00,S,2.0,voice,S23,NO,NO,NO,NO,True,-381.97,S2,YES,NO,0,0,623,,0,False,False,False,False,True,2026-05-13,21:46:00,2,voice,2 + voice
2026-05-13 21:46:00,S,2.0,peotv,S211,NO,YES,NO,NO,True,3062.5,S2,YES,YES,771,80,960,,851,False,False,False,False,True,2026-05-13,21:46:00,2,peotv,2 + peotv
2026-05-13 21:46:00,S,3.0,,S3,NO,NO,NO,NO,True,22439.85,S3,NO,NO,0,0,38,,0,True,True,True,True,False,2026-05-13,21:46:00,3,Null,3 + Null
2026-05-13 21:46:00,S,2.0,peotv,S21,NO,NO,NO,NO,True,2837.28,S2,YES,YES,768,124,998,,892,False,False,False,False,True,2026-05-13,21:46:00,2,peotv,2 + peotv
2026-05-13 21:46:00,S,,,S,NO,NO,NO,NO,False,,,NO,NO,0,0,34,,0,True,True,True,True,False,2026-05-13,21:46:00,Null,Null,Null + Null
2026-05-13 21:46:00,S,3.0,,S3,NO,NO,NO,NO,True,11134.51,S3,YES,NO,0,0,177,,0,False,True,True,True,False,2026-05-13,21:46:00,3,Null,3 + Null
2026-05-13 21:46:00,S,2.0,peotv,S21,NO,NO,NO,NO,True,3183.2,S2,YES,YES,772,21,878,,793,False,False,False,False,True,2026-05-13,21:46:00,2,peotv,2 + peotv
2026-05-13 21:46:00,S,2.0,voice,S23,NO,NO,NO,NO,True,2526.72,S2,NO,NO,0,0,156,,0,False,True,True,True,False,2026-05-13,21:46:00,2,voice,2 + voice
2026-05-13 21:46:00,S,4.0,extragb,S4111,NO,NO,NO,YES,True,9431.35,S41,NO,NO,0,0,67,,0,True,True,True,True,False,2026-05-13,21:46:00,4,extragb,4 + extragb
2026-05-13 21:46:00,E,,,E,NO,NO,NO,NO,False,,,NO,NO,0,0,16,,0,True,True,True,True,False,2026-05-13,21:46:00,Null,Null,Null + Null
2026-05-13 21:46:00,S,,,S,NO,NO,NO,NO,False,,,NO,NO,0,0,35,,0,True,True,True,True,False,2026-05-13,21:46:00,Null,Null,Null + Null
2026-05-13 21:46:00,S,1.0,,S1,NO,NO,NO,NO,True,2895.6,S1,YES,YES,795,174,1030,,969,False,False,False,False,True,2026-05-13,21:46:00,1,Null,1 + Null
2026-05-13 21:46:00,S,2.0,peotv,S21,NO,NO,NO,NO,True,-479.43,S2,YES,NO,0,0,411,,0,False,False,False,True,False,2026-05-13,21:46:00,2,peotv,2 + peotv
2026-05-13 21:46:00,S,4.0,extragb,S41t,NO,NO,NO,NO,True,0.0,S41,YES,NO,0,0,260,,0,False,False,True,True,False,2026-05-13,21:46:00,4,extragb,4 + extragb
2026-05-13 21:46:00,S,,,S,NO,NO,NO,NO,False,,,NO,NO,0,0,59,,0,True,True,True,True,False,2026-05-13,21:46:00,Null,Null,Null + Null
2026-05-13 21:46:00,S,2.0,broadband,S22,NO,NO,YES,NO,True,1575.92,S2,YES,NO,0,0,476,,0,False,False,False,True,False,2026-05-13,21:46:00,2,broadband,2 + broadband
2026-05-13 21:46:00,S,2.0,other,S24,NO,NO,NO,NO,True,2610.9,S2,YES,NO,0,0,204,,0,False,False,True,True,False,2026-05-13,21:46:00,2,other,2 + other
2026-05-13 21:46:00,S,2.0,peotv,S21,YES,NO,NO,NO,True,842.12,S2,YES,NO,0,0,550,,0,False,False,False,False,True,2026-05-13,21:46:00,2,peotv,2 + peotv
2026-05-13 21:46:00,S,,,S,NO,NO,NO,NO,False,,,NO,NO,0,0,23,,0,True,True,True,True,False,2026-05-13,21:46:00,Null,Null,Null + Null
2026-05-13 21:46:00,S,7.0,,S7,NO,NO,NO,NO,True,6980.93,S7,YES,NO,0,0,253,,0,False,False,True,True,False,2026-05-13,21:46:00,7,Null,7 + Null
2026-05-13 21:46:00,S,2.0,peotv,S21,NO,NO,NO,NO,True,13061.76,S2,YES,NO,0,0,261,,0,False,False,True,True,False,2026-05-13,21:46:00,2,peotv,2 + peotv
2026-05-13 21:46:00,S,2.0,peotv,S21,NO,YES,NO,NO,True,-258.99,S2,YES,YES,789,141,990,,930,False,False,False,False,True,2026-05-13,21:46:00,2,peotv,2 + peotv
2026-05-13 21:46:00,S,,,S,NO,NO,NO,NO,False,,,NO,NO,0,0,48,,0,True,True,True,True,False,2026-05-13,21:46:00,Null,Null,Null + Null
2026-05-13 21:46:00,S,,,S,NO,NO,NO,NO,False,,,NO,NO,0,0,41,,0,True,True,True,True,False,2026-05-13,21:46:00,Null,Null,Null + Null
2026-05-13 21:46:00,S,2.0,peotv,S21,NO,NO,NO,NO,True,3598.09,S2,YES,NO,0,0,268,,0,False,False,True,True,False,2026-05-13,21:46:00,2,peotv,2 + peotv
2026-05-13 21:46:00,S,,,S,NO,NO,NO,NO,False,,,NO,NO,0,0,25,,0,True,True,True,True,False,2026-05-13,21:46:00,Null,Null,Null + Null
2026-05-13 21:46:00,T,3.0,,T3,NO,NO,NO,NO,False,,T3,YES,NO,0,0,389,,0,False,False,False,True,False,2026-05-13,21:46:00,3,Null,3 + Null
2026-05-13 21:46:00,S,2.0,peotv,S211,NO,YES,NO,NO,True,3863.01,S2,YES,NO,0,0,337,,0,False,False,False,True,False,2026-05-13,21:46:00,2,peotv,2 + peotv
2026-05-13 21:46:00,S,2.0,peotv,S211,NO,YES,NO,NO,True,15843.54,S2,YES,NO,0,0,274,,0,False,False,True,True,False,2026-05-13,21:46:00,2,peotv,2 + peotv
2026-05-13 21:46:00,S,2.0,peotv,S21,NO,NO,NO,NO,True,-100.27,S2,YES,YES,776,44,881,,820,False,False,False,False,True,2026-05-13,21:46:00,2,peotv,2 + peotv
2026-05-13 21:46:00,S,2.0,peotv,S211,NO,YES,NO,NO,True,3608.46,S2,YES,NO,0,0,726,,0,False,False,False,False,True,2026-05-13,21:46:00,2,peotv,2 + peotv
2026-05-13 21:46:00,S,3.0,,MOBITEL_S3,NO,NO,NO,NO,True,11120.34,S3,YES,NO,0,0,295,,0,False,False,True,True,False,2026-05-13,21:46:00,3,Null,3 + Null
2026-05-13 21:46:00,S,4.0,extragb,S4112,NO,NO,NO,NO,True,6241.59,S41,NO,NO,0,0,53,,0,True,True,True,True,False,2026-05-13,21:46:00,4,extragb,4 + extragb
2026-05-13 21:46:00,S,2.0,peotv,S21,NO,NO,NO,NO,True,0.0,S2,YES,NO,0,0,112,,0,False,True,True,True,False,2026-05-13,21:46:00,2,peotv,2 + peotv
2026-05-13 21:46:00,S,2.0,peotv,S21,NO,NO,NO,NO,True,2018.27,S2,YES,NO,0,0,519,,0,False,False,False,False,True,2026-05-13,21:46:00,2,peotv,2 + peotv
2026-05-13 21:46:00,S,,,S,NO,NO,NO,NO,False,,,NO,NO,0,0,18,,0,True,True,True,True,False,2026-05-13,21:46:00,Null,Null,Null + Null
2026-05-13 21:46:00,S,2.0,peotv,S21,NO,NO,NO,NO,True,3379.85,S2,YES,YES,764,23,873,,787,False,False,False,False,True,2026-05-13,21:46:00,2,peotv,2 + peotv
2026-05-13 21:46:00,S,4.0,extragb,S4112,NO,NO,NO,NO,True,5284.95,S41,NO,NO,0,0,46,,0,True,True,True,True,False,2026-05-13,21:46:00,4,extragb,4 + extragb
2026-05-13 21:46:00,S,2.0,voice,S23,NO,NO,NO,NO,True,2432.23,S2,YES,YES,785,108,1049,,893,False,False,False,False,True,2026-05-13,21:46:00,2,voice,2 + voice
2026-05-13 21:46:00,S,4.0,extragb,S4112,NO,NO,NO,NO,True,6251.45,S41,NO,NO,0,0,37,,0,True,True,True,True,False,2026-05-13,21:46:00,4,extragb,4 + extragb
2026-05-13 21:46:00,S,2.0,other,S24,NO,NO,NO,NO,True,13666.78,S2,YES,NO,0,0,199,,0,False,True,True,True,False,2026-05-13,21:46:00,2,other,2 + other
2026-05-13 21:46:00,E,1.0,,MOBITEL_ELty1,NO,NO,NO,NO,False,,E1,YES,NO,0,0,155,,0,False,True,True,True,False,2026-05-13,21:46:00,1,Null,1 + Null
2026-05-13 21:46:00,S,4.0,extragb,S4111,NO,NO,NO,YES,True,6508.13,S41,NO,NO,0,0,70,,0,True,True,True,True,False,2026-05-13,21:46:00,4,extragb,4 + extragb
2026-05-13 21:46:00,E,,,E,NO,NO,NO,NO,False,,,NO,NO,0,0,290,,0,False,False,True,True,False,2026-05-13,21:46:00,Null,Null,Null + Null
2026-05-13 21:46:00,S,2.0,other,S24,NO,NO,NO,NO,True,3237.54,S2,YES,YES,765,20,829,,785,False,False,False,False,True,2026-05-13,21:46:00,2,other,2 + other
2026-05-13 21:46:00,S,,,S,NO,NO,NO,NO,False,,,NO,NO,0,0,3,,0,True,True,True,True,False,2026-05-13,21:46:00,Null,Null,Null + Null
2026-05-13 21:46:00,S,2.0,voice,S23,NO,NO,NO,NO,True,1533.07,S2,NO,NO,0,0,72,,0,True,True,True,True,False,2026-05-13,21:46:00,2,voice,2 + voice
2026-05-13 21:46:00,S,4.0,addon,S412,NO,NO,NO,NO,True,2878.05,S41,NO,NO,0,0,75,,0,True,True,True,True,False,2026-05-13,21:46:00,4,addon,4 + addon
2026-05-13 21:46:00,T,,,T,NO,NO,NO,NO,False,,,NO,NO,0,0,28,,0,True,True,True,True,False,2026-05-13,21:46:00,Null,Null,Null + Null
2026-05-13 21:46:00,T,1.0,,MOBITEL_TLty1,NO,NO,NO,NO,False,,T1,YES,NO,0,0,66,,0,True,True,True,True,False,2026-05-13,21:46:00,1,Null,1 + Null
2026-05-13 21:45:00,S,2.0,peotv,S211,NO,YES,NO,NO,True,2670.37,S2,YES,NO,0,0,278,,0,False,False,True,True,False,2026-05-13,21:45:00,2,peotv,2 + peotv
2026-05-13 21:45:00,S,3.0,,S3,NO,NO,NO,NO,True,-68.56,S3,YES,NO,0,0,383,,0,False,False,False,True,False,2026-05-13,21:45:00,3,Null,3 + Null
2026-05-13 21:45:00,S,,,S,NO,NO,NO,NO,False,,,NO,NO,0,0,24,,0,True,True,True,True,False,2026-05-13,21:45:00,Null,Null,Null + Null
2026-05-13 21:45:00,S,2.0,peotv,S21,NO,YES,NO,NO,True,0.0,S2,YES,YES,777,71,931,,848,False,False,False,False,True,2026-05-13,21:45:00,2,peotv,2 + peotv
2026-05-13 21:45:00,S,2.0,voice,S23,NO,NO,NO,NO,True,1885.95,S2,YES,NO,0,0,276,,0,False,False,True,True,False,2026-05-13,21:45:00,2,voice,2 + voice
2026-05-13 21:45:00,S,2.0,peotv,S21,NO,NO,NO,NO,True,2823.56,S2,YES,NO,0,0,214,,0,False,False,True,True,False,2026-05-13,21:45:00,2,peotv,2 + peotv
2026-05-13 21:45:00,S,7.0,,S7,NO,NO,NO,NO,True,5905.8,S7,YES,NO,0,0,110,,0,False,True,True,True,False,2026-05-13,21:45:00,7,Null,7 + Null
2026-05-13 21:45:00,S,2.0,peotv,S21,NO,NO,NO,NO,True,-636.52,S2,YES,YES,769,36,848,,805,False,False,False,False,True,2026-05-13,21:45:00,2,peotv,2 + peotv
2026-05-13 21:45:00,S,2.0,peotv,S21,NO,YES,NO,NO,True,3919.59,S2,NO,NO,0,0,90,,0,True,True,True,True,False,2026-05-13,21:45:00,2,peotv,2 + peotv
2026-05-13 21:45:00,S,,,S,NO,NO,NO,NO,False,,,NO,NO,0,0,25,,0,True,True,True,True,False,2026-05-13,21:45:00,Null,Null,Null + Null
2026-05-13 21:45:00,S,2.0,peotv,S21,NO,YES,NO,NO,True,7993.84,S2,NO,NO,0,0,65,,0,True,True,True,True,False,2026-05-13,21:45:00,2,peotv,2 + peotv
2026-05-13 21:45:00,S,1.0,,S1,NO,NO,NO,NO,True,3149.88,S1,YES,NO,0,0,297,,0,False,False,True,True,False,2026-05-13,21:45:00,1,Null,1 + Null
2026-05-13 21:45:00,S,2.0,peotv,S21,NO,NO,NO,NO,True,7564.12,S2,YES,NO,0,0,370,,0,False,False,False,True,False,2026-05-13,21:45:00,2,peotv,2 + peotv
2026-05-13 21:45:00,S,3.0,,S3,NO,NO,NO,NO,True,3245.5,S3,NO,NO,0,0,164,,0,False,True,True,True,False,2026-05-13,21:45:00,3,Null,3 + Null
2026-05-13 21:45:00,S,2.0,peotv,MOBITEL_S21,NO,NO,NO,NO,True,3483.44,S2,YES,NO,0,0,248,,0,False,False,True,True,False,2026-05-13,21:45:00,2,peotv,2 + peotv
2026-05-13 21:45:00,S,,,S,NO,NO,NO,NO,False,,,NO,NO,0,0,47,,0,True,True,True,True,False,2026-05-13,21:45:00,Null,Null,Null + Null
2026-05-13 21:45:00,S,,,S,NO,NO,NO,NO,False,,,NO,NO,0,0,308,,0,False,False,False,True,False,2026-05-13,21:45:00,Null,Null,Null + Null
2026-05-13 21:45:00,S,4.0,extragb,S4112,NO,NO,NO,NO,True,890.42,S41,NO,NO,0,0,16,,0,True,True,True,True,False,2026-05-13,21:45:00,4,extragb,4 + extragb
2026-05-13 21:45:00,S,4.0,extragb,S41t,NO,NO,NO,NO,True,2226.44,S41,NO,NO,0,0,47,,0,True,True,True,True,False,2026-05-13,21:45:00,4,extragb,4 + extragb
2026-05-13 21:45:00,S,3.0,,S3,NO,NO,NO,NO,True,9459.99,S3,YES,NO,0,0,305,,0,False,False,False,True,False,2026-05-13,21:45:00,3,Null,3 + Null
2026-05-13 21:45:00,S,2.0,peotv,S21,NO,NO,NO,NO,True,5828.68,S2,YES,YES,770,24,841,,794,False,False,False,False,True,2026-05-13,21:45:00,2,peotv,2 + peotv
2026-05-13 21:45:00,S,3.0,,S3,NO,NO,NO,NO,True,4197.06,S3,YES,NO,0,0,475,,0,False,False,False,True,False,2026-05-13,21:45:00,3,Null,3 + Null
2026-05-13 21:45:00,S,,,S,NO,NO,NO,NO,False,,,NO,NO,0,0,82,,0,True,True,True,True,False,2026-05-13,21:45:00,Null,Null,Null + Null
2026-05-13 21:45:00,S,7.0,,S7,NO,NO,NO,NO,True,1006.07,S7,YES,NO,0,0,520,,0,False,False,False,False,True,2026-05-13,21:45:00,7,Null,7 + Null
2026-05-13 21:45:00,S,2.0,broadband,S22,NO,NO,YES,NO,True,3607.08,S2,YES,YES,794,106,978,,900,False,False,False,False,True,2026-05-13,21:45:00,2,broadband,2 + broadband
2026-05-13 21:45:00,S,2.0,peotv,S21,NO,NO,NO,NO,True,5876.78,S2,YES,NO,0,0,715,,0,False,False,False,False,True,2026-05-13,21:45:00,2,peotv,2 + peotv
2026-05-13 21:45:00,S,,,S,NO,NO,NO,NO,False,,,NO,NO,0,0,33,,0,True,True,True,True,False,2026-05-13,21:45:00,Null,Null,Null + Null
2026-05-13 21:45:00,S,3.0,,S3,NO,NO,NO,NO,True,2776.77,S3,NO,NO,0,0,70,,0,True,True,True,True,False,2026-05-13,21:45:00,3,Null,3 + Null
2026-05-13 21:45:00,S,7.0,,S7,NO,NO,NO,NO,True,-167.23,S7,YES,NO,0,0,567,,0,False,False,False,False,True,2026-05-13,21:45:00,7,Null,7 + Null
2026-05-13 21:45:00,S,2.0,broadband,S22,NO,NO,NO,NO,True,5270.09,S2,YES,NO,0,0,73,,0,True,True,True,True,False,2026-05-13,21:45:00,2,broadband,2 + broadband
2026-05-13 21:45:00,S,2.0,peotv,S21,NO,NO,NO,NO,True,1896.28,S2,YES,NO,0,0,365,,0,False,False,False,True,False,2026-05-13,21:45:00,2,peotv,2 + peotv
2026-05-13 21:45:00,S,,,S,NO,NO,NO,NO,True,-5000.24,,NO,NO,0,0,123,,0,False,True,True,True,False,2026-05-13,21:45:00,Null,Null,Null + Null
2026-05-13 21:45:00,S,4.0,extragb,S411,NO,NO,NO,NO,True,17054.32,S41,NO,NO,0,0,17,,0,True,True,True,True,False,2026-05-13,21:45:00,4,extragb,4 + extragb
2026-05-13 21:45:00,S,3.0,,S3,NO,NO,NO,NO,True,7665.2,S3,YES,NO,0,0,326,,0,False,False,False,True,False,2026-05-13,21:45:00,3,Null,3 + Null
2026-05-13 21:45:00,S,,,S,NO,NO,NO,NO,False,,,NO,NO,0,0,40,,0,True,True,True,True,False,2026-05-13,21:45:00,Null,Null,Null + Null
2026-05-13 21:45:00,S,2.0,peotv,S211,NO,YES,NO,NO,True,4683.17,S2,YES,NO,0,0,714,,0,False,False,False,False,True,2026-05-13,21:45:00,2,peotv,2 + peotv
2026-05-13 21:45:00,S,2.0,peotv,S211,NO,YES,NO,NO,True,5596.29,S2,YES,NO,0,0,609,,0,False,False,False,False,True,2026-05-13,21:45:00,2,peotv,2 + peotv
2026-05-13 21:45:00,S,1.0,,MOBITEL_SLty1,NO,NO,NO,NO,False,,S1,YES,NO,0,0,157,,0,False,True,True,True,False,2026-05-13,21:45:00,1,Null,1 + Null
2026-05-13 21:45:00,S,2.0,peotv,S21,NO,NO,NO,NO,True,4104.47,S2,YES,YES,792,119,976,,911,False,False,False,False,True,2026-05-13,21:45:00,2,peotv,2 + peotv
2026-05-13 21:45:00,S,2.0,peotv,S21,NO,NO,NO,NO,True,17490.61,S2,YES,YES,99,0,1125,,99,False,False,False,False,True,2026-05-13,21:45:00,2,peotv,2 + peotv
2026-05-13 21:45:00,S,,,S,NO,NO,NO,NO,False,,,NO,NO,0,0,60,,0,True,True,True,True,False,2026-05-13,21:45:00,Null,Null,Null + Null
2026-05-13 21:45:00,S,2.0,peotv,S21,NO,YES,NO,NO,True,-129.24,S2,YES,YES,782,61,899,,843,False,False,False,False,True,2026-05-13,21:45:00,2,peotv,2 + peotv
2026-05-13 21:45:00,S,2.0,peotv,S21,NO,NO,NO,NO,True,-183.73,S2,YES,NO,0,0,662,,0,False,False,False,False,True,2026-05-13,21:45:00,2,peotv,2 + peotv
2026-05-13 21:45:00,S,,,S,NO,NO,NO,NO,False,,,NO,NO,0,0,34,,0,True,True,True,True,False,2026-05-13,21:45:00,Null,Null,Null + Null
2026-05-13 21:45:00,S,2.0,broadband,S22,NO,NO,NO,NO,True,8024.13,S2,YES,NO,0,0,152,,0,False,True,True,True,False,2026-05-13,21:45:00,2,broadband,2 + broadband
2026-05-13 21:45:00,S,,,S,NO,NO,NO,NO,False,,,NO,NO,0,0,18,,0,True,True,True,True,False,2026-05-13,21:45:00,Null,Null,Null + Null
2026-05-13 21:45:00,S,4.0,extragb,S4111,NO,NO,NO,YES,True,12922.47,S41,NO,NO,0,0,107,,0,False,True,True,True,False,2026-05-13,21:45:00,4,extragb,4 + extragb
2026-05-13 21:45:00,S,2.0,peotv,S21,NO,NO,NO,NO,True,0.0,S2,YES,NO,0,0,387,,0,False,False,False,True,False,2026-05-13,21:45:00,2,peotv,2 + peotv
2026-05-13 21:45:00,S,4.0,extragb,S4112,NO,NO,NO,NO,True,6995.81,S41,NO,NO,0,0,51,,0,True,True,True,True,False,2026-05-13,21:45:00,4,extragb,4 + extragb
2026-05-13 21:45:00,S,2.0,peotv,S21,NO,YES,NO,NO,True,-5757.99,S2,YES,NO,0,0,532,,0,False,False,False,False,True,2026-05-13,21:45:00,2,peotv,2 + peotv
2026-05-13 21:45:00,T,4.0,extragb,T411,NO,NO,NO,NO,True,-3117.31,T41,YES,YES,342,266,672,,608,False,False,False,False,True,2026-05-13,21:45:00,4,extragb,4 + extragb
2026-05-13 21:45:00,S,4.0,extragb,S41t,NO,NO,NO,NO,True,-58.24,S41,YES,NO,0,0,250,,0,False,False,True,True,False,2026-05-13,21:45:00,4,extragb,4 + extragb
2026-05-13 21:45:00,S,4.0,extragb,S4111,NO,NO,NO,YES,True,8205.34,S41,NO,NO,0,0,49,,0,True,True,True,True,False,2026-05-13,21:45:00,4,extragb,4 + extragb
2026-05-13 21:45:00,E,3.0,,E3,NO,NO,NO,NO,True,8672.47,E3,YES,NO,0,0,298,,0,False,False,True,True,False,2026-05-13,21:45:00,3,Null,3 + Null
2026-05-13 21:45:00,S,4.0,extragb,S4111,NO,NO,NO,YES,True,13212.4,S41,NO,NO,0,0,89,,0,True,True,True,True,False,2026-05-13,21:45:00,4,extragb,4 + extragb
2026-05-13 21:45:00,S,4.0,extragb,S4111,NO,NO,NO,YES,True,5640.0,S41,NO,NO,0,0,93,,0,True,True,True,True,False,2026-05-13,21:45:00,4,extragb,4 + extragb
2026-05-13 21:45:00,S,2.0,peotv,S21,NO,YES,NO,NO,True,801.45,S2,YES,YES,769,44,893,,813,False,False,False,False,True,2026-05-13,21:45:00,2,peotv,2 + peotv
2026-05-13 21:45:00,S,2.0,peotv,S21,NO,NO,NO,NO,True,2139.34,S2,YES,YES,781,52,915,,833,False,False,False,False,True,2026-05-13,21:45:00,2,peotv,2 + peotv
2026-05-13 21:45:00,S,3.0,,S3,NO,NO,NO,NO,True,3389.04,S3,NO,NO,0,0,92,,0,True,True,True,True,False,2026-05-13,21:45:00,3,Null,3 + Null
2026-05-13 21:45:00,S,4.0,extragb,S4111,NO,NO,NO,YES,True,420.81,S41,NO,NO,0,0,89,,0,True,True,True,True,False,2026-05-13,21:45:00,4,extragb,4 + extragb
2026-05-13 21:45:00,S,1.0,,S1,NO,NO,NO,NO,True,0.0,S1,YES,YES,792,81,946,,873,False,False,False,False,True,2026-05-13,21:45:00,1,Null,1 + Null
2026-05-13 21:45:00,S,2.0,peotv,S21,NO,NO,NO,NO,True,6137.68,S2,YES,NO,0,0,240,,0,False,False,True,True,False,2026-05-13,21:45:00,2,peotv,2 + peotv
2026-05-13 21:45:00,S,7.0,,S7,NO,NO,NO,NO,True,6251.45,S7,YES,NO,0,0,493,,0,False,False,False,True,False,2026-05-13,21:45:00,7,Null,7 + Null
2026-05-13 21:45:00,S,7.0,,S7,NO,NO,NO,NO,False,,S7,YES,NO,0,0,545,,0,False,False,False,False,True,2026-05-13,21:45:00,7,Null,7 + Null
2026-05-13 21:45:00,S,7.0,,S7,NO,NO,NO,NO,True,4970.37,S7,YES,NO,0,0,602,,0,False,False,False,False,True,2026-05-13,21:45:00,7,Null,7 + Null
2026-05-13 21:45:00,S,7.0,,S7,NO,NO,NO,NO,True,14860.98,S7,YES,YES,815,123,1003,,938,False,False,False,False,True,2026-05-13,21:45:00,7,Null,7 + Null
2026-05-13 21:45:00,S,3.0,,S3,NO,NO,NO,NO,True,6171.87,S3,NO,NO,0,0,59,,0,True,True,True,True,False,2026-05-13,21:45:00,3,Null,3 + Null
2026-05-13 21:45:00,S,2.0,peotv,MOBITEL_S211,NO,YES,NO,NO,True,3640.94,S2,YES,NO,0,0,226,,0,False,False,True,True,False,2026-05-13,21:45:00,2,peotv,2 + peotv
2026-05-13 21:45:00,S,,,S,NO,NO,NO,NO,False,,,NO,NO,0,0,301,,0,False,False,False,True,False,2026-05-13,21:45:00,Null,Null,Null + Null
2026-05-13 21:45:00,S,3.0,,S3,NO,NO,NO,NO,True,6515.2,S3,YES,YES,815,109,982,,924,False,False,False,False,True,2026-05-13,21:45:00,3,Null,3 + Null
2026-05-13 21:45:00,S,,,S,NO,NO,NO,NO,False,,,NO,NO,0,0,23,,0,True,True,True,True,False,2026-05-13,21:45:00,Null,Null,Null + Null
2026-05-13 21:44:00,S,2.0,peotv,S21,NO,NO,NO,NO,True,2725.15,S2,YES,YES,797,149,1041,,946,False,False,False,False,True,2026-05-13,21:44:00,2,peotv,2 + peotv
2026-05-13 21:44:00,S,2.0,voice,S23,NO,NO,NO,NO,True,-29.27,S2,YES,NO,0,0,315,,0,False,False,False,True,False,2026-05-13,21:44:00,2,voice,2 + voice
2026-05-13 21:44:00,S,4.0,,S41,NO,NO,NO,NO,True,-492.93,S41,NO,NO,0,0,22,,0,True,True,True,True,False,2026-05-13,21:44:00,4,Null,4 + Null
2026-05-13 21:44:00,S,2.0,peotv,S211,NO,YES,NO,NO,True,9653.83,S2,YES,YES,774,55,889,,829,False,False,False,False,True,2026-05-13,21:44:00,2,peotv,2 + peotv
2026-05-13 21:44:00,S,2.0,peotv,S21,NO,NO,NO,NO,True,-853.21,S2,YES,NO,0,0,434,,0,False,False,False,True,False,2026-05-13,21:44:00,2,peotv,2 + peotv
2026-05-13 21:44:00,S,,,S,NO,NO,NO,NO,False,,,NO,NO,0,0,31,,0,True,True,True,True,False,2026-05-13,21:44:00,Null,Null,Null + Null
2026-05-13 21:44:00,T,4.0,extragb,T4111,NO,NO,NO,YES,True,4345.84,T41,NO,NO,0,0,29,,0,True,True,True,True,False,2026-05-13,21:44:00,4,extragb,4 + extragb
2026-05-13 21:44:00,S,2.0,peotv,S211,NO,YES,NO,NO,True,2739.11,S2,YES,NO,0,0,377,,0,False,False,False,True,False,2026-05-13,21:44:00,2,peotv,2 + peotv
2026-05-13 21:44:00,S,3.0,,S3,NO,NO,NO,NO,True,1908.94,S3,YES,YES,824,145,1066,,969,False,False,False,False,True,2026-05-13,21:44:00,3,Null,3 + Null
2026-05-13 21:44:00,S,3.0,,S3,NO,NO,NO,NO,True,-207.33,S3,NO,NO,0,0,103,,0,False,True,True,True,False,2026-05-13,21:44:00,3,Null,3 + Null
2026-05-13 21:44:00,S,3.0,,S3,NO,NO,NO,NO,True,3800.0,S3,YES,NO,0,0,592,,0,False,False,False,False,True,2026-05-13,21:44:00,3,Null,3 + Null
2026-05-13 21:44:00,S,2.0,peotv,S21,NO,YES,NO,NO,True,-389.81,S2,YES,NO,0,0,166,,0,False,True,True,True,False,2026-05-13,21:44:00,2,peotv,2 + peotv
2026-05-13 21:44:00,S,2.0,peotv,S21,NO,NO,NO,NO,True,1822.27,S2,YES,NO,0,0,317,,0,False,False,False,True,False,2026-05-13,21:44:00,2,peotv,2 + peotv
2026-05-13 21:44:00,S,2.0,peotv,S21,NO,NO,NO,NO,True,2392.69,S2,YES,NO,0,0,733,,0,False,False,False,False,True,2026-05-13,21:44:00,2,peotv,2 + peotv
2026-05-13 21:44:00,S,,,S,NO,NO,NO,NO,False,,,NO,NO,0,0,40,,0,True,True,True,True,False,2026-05-13,21:44:00,Null,Null,Null + Null
2026-05-13 21:44:00,S,4.0,extragb,S4112,NO,NO,NO,NO,True,3231.82,S41,YES,NO,0,0,332,,0,False,False,False,True,False,2026-05-13,21:44:00,4,extragb,4 + extragb
2026-05-13 21:44:00,S,,,S,NO,NO,NO,NO,False,,,NO,NO,0,0,8,,0,True,True,True,True,False,2026-05-13,21:44:00,Null,Null,Null + Null
2026-05-13 21:44:00,S,4.0,extragb,S4111,NO,NO,NO,YES,True,7530.64,S41,NO,NO,0,0,78,,0,True,True,True,True,False,2026-05-13,21:44:00,4,extragb,4 + extragb
2026-05-13 21:44:00,S,3.0,,S3,NO,NO,NO,NO,True,4955.44,S3,YES,YES,824,248,1174,,1072,False,False,False,False,True,2026-05-13,21:44:00,3,Null,3 + Null
2026-05-13 21:44:00,S,3.0,,S3,NO,NO,NO,NO,True,22439.85,S3,NO,NO,0,0,43,,0,True,True,True,True,False,2026-05-13,21:44:00,3,Null,3 + Null
2026-05-13 21:44:00,S,2.0,peotv,S21,NO,YES,NO,NO,True,633.32,S2,YES,NO,0,0,626,,0,False,False,False,False,True,2026-05-13,21:44:00,2,peotv,2 + peotv
2026-05-13 21:44:00,S,,,S,NO,NO,NO,NO,False,,,NO,NO,0,0,76,,0,True,True,True,True,False,2026-05-13,21:44:00,Null,Null,Null + Null
2026-05-13 21:44:00,S,2.0,peotv,S21,NO,NO,NO,NO,True,5284.56,S2,NO,NO,0,0,52,,0,True,True,True,True,False,2026-05-13,21:44:00,2,peotv,2 + peotv
2026-05-13 21:44:00,S,1.0,,S1,NO,NO,NO,NO,True,5026.76,S1,YES,NO,0,0,486,,0,False,False,False,True,False,2026-05-13,21:44:00,1,Null,1 + Null
